pixel_id,lat,lon,error_var,coef,std_err,pvalue,n_obs
26.1_-97.4,26.099999999999852,-97.40000000000052,temp_error_1h,0.3677424364529483,0.3349712634086658,0.2723091440771941,8398
26.1_-97.4,26.099999999999852,-97.40000000000052,wspd_error_1h,1.8873337007422168,0.3895311004478261,1.2879790862729834e-06,8398
26.1_-97.4,26.099999999999852,-97.40000000000052,temp_error_0h,0.7121145895343466,0.4536259508576492,0.11649306154432204,8398
26.1_-97.4,26.099999999999852,-97.40000000000052,wspd_error_0h,2.417784139603009,0.44472743225148725,5.585349427406072e-08,8398
26.1_-97.5,26.099999999999852,-97.50000000000051,temp_error_1h,0.22020030213069688,0.3415186625305946,0.5190952478633757,8398
26.1_-97.5,26.099999999999852,-97.50000000000051,wspd_error_1h,1.625980485690253,0.41925530907483766,0.00010601376082286507,8398
26.1_-97.5,26.099999999999852,-97.50000000000051,temp_error_0h,0.9340421308278863,0.38998591690191026,0.016639241904218505,8398
26.1_-97.5,26.099999999999852,-97.50000000000051,wspd_error_0h,1.8689815134358634,0.4532446038651975,3.766722876319406e-05,8398
26.1_-97.6,26.099999999999852,-97.6000000000005,temp_error_1h,0.14288073001907206,0.3524520414748604,0.6852008284326745,8398
26.1_-97.6,26.099999999999852,-97.6000000000005,wspd_error_1h,1.4037482070807847,0.4150500824313512,0.0007225937667796334,8398
26.1_-97.6,26.099999999999852,-97.6000000000005,temp_error_0h,1.1289709177004243,0.391258712174862,0.003918120441958273,8398
26.1_-97.6,26.099999999999852,-97.6000000000005,wspd_error_0h,1.524901121748601,0.4733454069722111,0.0012799222303681024,8398
26.1_-97.8,26.099999999999852,-97.8000000000005,temp_error_1h,-0.27567147249979873,0.362972672111341,0.4475852715152424,8398
26.1_-97.8,26.099999999999852,-97.8000000000005,wspd_error_1h,1.598421939887073,0.43292059624028006,0.0002237540799838733,8398
26.1_-97.8,26.099999999999852,-97.8000000000005,temp_error_0h,1.1206947954302535,0.3702389725333532,0.0024778769438995596,8398
26.1_-97.8,26.099999999999852,-97.8000000000005,wspd_error_0h,0.7338028719930973,0.4801548840704135,0.1264851403756384,8398
26.2_-97.4,26.199999999999854,-97.40000000000052,temp_error_1h,0.4210454638473263,0.34387282513824585,0.22082758013306258,8398
26.2_-97.4,26.199999999999854,-97.40000000000052,wspd_error_1h,2.2580806540609593,0.3960338594474571,1.2262797000062164e-08,8398
26.2_-97.4,26.199999999999854,-97.40000000000052,temp_error_0h,0.3032992065351843,0.4577149641817415,0.5075808736772764,8398
26.2_-97.4,26.199999999999854,-97.40000000000052,wspd_error_0h,2.342938720337511,0.4372977147128327,8.650174843083391e-08,8398
26.2_-97.5,26.199999999999854,-97.50000000000051,temp_error_1h,0.4461620609692283,0.3481159925250475,0.20000182095053698,8398
26.2_-97.5,26.199999999999854,-97.50000000000051,wspd_error_1h,1.6500030098648981,0.3997892982030511,3.708037761884775e-05,8398
26.2_-97.5,26.199999999999854,-97.50000000000051,temp_error_0h,0.6387403636186305,0.37881008643102393,0.09179929449436353,8398
26.2_-97.5,26.199999999999854,-97.50000000000051,wspd_error_0h,1.9981996184259827,0.45068124477456445,9.379944237997151e-06,8398
26.2_-97.6,26.199999999999854,-97.6000000000005,temp_error_1h,0.2912921471763557,0.3479451739327771,0.4025162987790225,8398
26.2_-97.6,26.199999999999854,-97.6000000000005,wspd_error_1h,1.3820655796725363,0.4121230125978068,0.0008014341086171051,8398
26.2_-97.6,26.199999999999854,-97.6000000000005,temp_error_0h,0.9636267879894759,0.38137828141760266,0.011532433121039576,8398
26.2_-97.6,26.199999999999854,-97.6000000000005,wspd_error_0h,1.601207631418368,0.47122896658709085,0.0006821236492415839,8398
26.2_-97.7,26.199999999999854,-97.7000000000005,temp_error_1h,0.12251603795800389,0.3553185788154445,0.7302487729643763,8398
26.2_-97.7,26.199999999999854,-97.7000000000005,wspd_error_1h,1.4946776701696882,0.46005761555005464,0.0011631329281835967,8398
26.2_-97.7,26.199999999999854,-97.7000000000005,temp_error_0h,1.1223905659250033,0.36996907394616363,0.0024228328969011503,8398
26.2_-97.7,26.199999999999854,-97.7000000000005,wspd_error_0h,1.0692367718831415,0.4713636952907283,0.023330839234795953,8398
26.2_-97.8,26.199999999999854,-97.8000000000005,temp_error_1h,-0.023607486754993683,0.3596360177575061,0.9476638463842026,8398
26.2_-97.8,26.199999999999854,-97.8000000000005,wspd_error_1h,1.6905249150361683,0.4410516367208369,0.00012754920539381764,8398
26.2_-97.8,26.199999999999854,-97.8000000000005,temp_error_0h,1.0104793266895737,0.35869018137228903,0.004856757398839839,8398
26.2_-97.8,26.199999999999854,-97.8000000000005,wspd_error_0h,0.7749293464490092,0.4700460981925347,0.09926225206273975,8398
26.2_-97.9,26.199999999999854,-97.90000000000049,temp_error_1h,-0.24800929947123812,0.3563670274402825,0.4864871136592872,8398
26.2_-97.9,26.199999999999854,-97.90000000000049,wspd_error_1h,1.6198973052374024,0.43514741909521387,0.00019844574705074614,8398
26.2_-97.9,26.199999999999854,-97.90000000000049,temp_error_0h,0.9219085524596301,0.35749054798856517,0.00993040396530076,8398
26.2_-97.9,26.199999999999854,-97.90000000000049,wspd_error_0h,0.518328380658893,0.48274281765009824,0.28298127777519166,8398
26.2_-98.1,26.199999999999854,-98.10000000000048,temp_error_1h,-0.7220983407463845,0.3710078668726257,0.05165033274168129,8398
26.2_-98.1,26.199999999999854,-98.10000000000048,wspd_error_1h,1.6223317598601865,0.47274165746305186,0.0006026024601757385,8398
26.2_-98.1,26.199999999999854,-98.10000000000048,temp_error_0h,0.7646759247314197,0.35517514419511104,0.03135078783788359,8398
26.2_-98.1,26.199999999999854,-98.10000000000048,wspd_error_0h,0.26461505692760706,0.47927060630265583,0.5808806636342891,8398
26.2_-98.2,26.199999999999854,-98.20000000000047,temp_error_1h,-0.6876470380196479,0.3763243021569026,0.06769446004093593,8398
26.2_-98.2,26.199999999999854,-98.20000000000047,wspd_error_1h,1.5059470751304904,0.5139357002956146,0.003396337605280797,8398
26.2_-98.2,26.199999999999854,-98.20000000000047,temp_error_0h,0.7391064469545331,0.3574917527322582,0.038719820064929245,8398
26.2_-98.2,26.199999999999854,-98.20000000000047,wspd_error_0h,0.590918108931671,0.47152337666316163,0.21016412695078435,8398
26.2_-98.3,26.199999999999854,-98.30000000000047,temp_error_1h,-0.7316641560399696,0.3696369217693739,0.04780228452431001,8398
26.2_-98.3,26.199999999999854,-98.30000000000047,wspd_error_1h,1.4933900449369328,0.48306830555739955,0.0019982533122122614,8398
26.2_-98.3,26.199999999999854,-98.30000000000047,temp_error_0h,0.7325699557632428,0.35651507584840275,0.039928597083991324,8398
26.2_-98.3,26.199999999999854,-98.30000000000047,wspd_error_0h,0.6725225646965245,0.4621589125303941,0.14565810384246802,8398
26.2_-98.4,26.199999999999854,-98.40000000000046,temp_error_1h,-0.7546702474193311,0.3625593736789104,0.03741779764235975,8398
26.2_-98.4,26.199999999999854,-98.40000000000046,wspd_error_1h,1.7862804538043195,0.45772779063248736,9.595378591820136e-05,8398
26.2_-98.4,26.199999999999854,-98.40000000000046,temp_error_0h,0.6917790873218701,0.35570469260897447,0.05183100087863157,8398
26.2_-98.4,26.199999999999854,-98.40000000000046,wspd_error_0h,0.4657845895862513,0.45323531228882924,0.3041262597263863,8398
26.3_-97.5,26.299999999999855,-97.50000000000051,temp_error_1h,0.21768058406077798,0.35121496197865926,0.535410960644676,8398
26.3_-97.5,26.299999999999855,-97.50000000000051,wspd_error_1h,1.6992071292511468,0.3863023860411133,1.1027884132985832e-05,8398
26.3_-97.5,26.299999999999855,-97.50000000000051,temp_error_0h,0.45228403076238993,0.3777778985367323,0.23125397941855197,8398
26.3_-97.5,26.299999999999855,-97.50000000000051,wspd_error_0h,2.0588803028274176,0.45198618192255385,5.3081791122622235e-06,8398
26.3_-97.6,26.299999999999855,-97.6000000000005,temp_error_1h,0.3303958207693073,0.35111057013275304,0.3467309311884561,8398
26.3_-97.6,26.299999999999855,-97.6000000000005,wspd_error_1h,1.4091628537637346,0.4096482783328905,0.000584700801046445,8398
26.3_-97.6,26.299999999999855,-97.6000000000005,temp_error_0h,0.7389277306982956,0.3800363281797556,0.05188547367487062,8398
26.3_-97.6,26.299999999999855,-97.6000000000005,wspd_error_0h,1.7471352476486959,0.47371874026550215,0.00022734346065966804,8398
26.3_-97.7,26.299999999999855,-97.7000000000005,temp_error_1h,0.3775226019453659,0.3548753319885361,0.2874421056969345,8398
26.3_-97.7,26.299999999999855,-97.7000000000005,wspd_error_1h,1.601108436789994,0.4207777500467791,0.00014274891801879797,8398
26.3_-97.7,26.299999999999855,-97.7000000000005,temp_error_0h,0.9334148384083799,0.3648144900599745,0.010526886248293676,8398
26.3_-97.7,26.299999999999855,-97.7000000000005,wspd_error_0h,1.1103278535946053,0.4687954582234011,0.01788446216436146,8398
26.3_-97.8,26.299999999999855,-97.8000000000005,temp_error_1h,-0.02541956136924177,0.35407933827463256,0.9427702869850378,8398
26.3_-97.8,26.299999999999855,-97.8000000000005,wspd_error_1h,1.4025131588738848,0.42821024011558056,0.0010598311357910006,8398
26.3_-97.8,26.299999999999855,-97.8000000000005,temp_error_0h,0.9698442874523444,0.3528217293483782,0.005993822948221483,8398
26.3_-97.8,26.299999999999855,-97.8000000000005,wspd_error_0h,0.8930404413666313,0.46732238820305205,0.0560422390809443,8398
26.3_-97.9,26.299999999999855,-97.90000000000049,temp_error_1h,-0.23377569602076947,0.35257609471449874,0.5073166100275657,8398
26.3_-97.9,26.299999999999855,-97.90000000000049,wspd_error_1h,1.3810792743950233,0.43550797788296525,0.0015236376216101188,8398
26.3_-97.9,26.299999999999855,-97.90000000000049,temp_error_0h,0.9250707072457682,0.3530292369042723,0.008799078486065426,8398
26.3_-97.9,26.299999999999855,-97.90000000000049,wspd_error_0h,0.6054407460341323,0.4764879154131281,0.20389500688388784,8398
26.3_-98.0,26.299999999999855,-98.00000000000048,temp_error_1h,-0.4909248063471441,0.35616094436479995,0.1681231718435543,8398
26.3_-98.0,26.299999999999855,-98.00000000000048,wspd_error_1h,1.5064206992368754,0.44236516360594547,0.0006638347323397742,8398
26.3_-98.0,26.299999999999855,-98.00000000000048,temp_error_0h,0.8427573981490423,0.3434191988605407,0.014147193538501357,8398
26.3_-98.0,26.299999999999855,-98.00000000000048,wspd_error_0h,0.31476420780372644,0.46549053155540093,0.4989330553084883,8398
26.3_-98.1,26.299999999999855,-98.10000000000048,temp_error_1h,-0.6156696534994688,0.3651819260425242,0.0918474140720793,8398
26.3_-98.1,26.299999999999855,-98.10000000000048,wspd_error_1h,1.5113056781706744,0.44530581353518667,0.0006923517819878988,8398
26.3_-98.1,26.299999999999855,-98.10000000000048,temp_error_0h,0.7277866208911914,0.34685794581007845,0.035915067585823524,8398
26.3_-98.1,26.299999999999855,-98.10000000000048,wspd_error_0h,0.3113250706721502,0.46943965838665186,0.5072307382821397,8398
26.3_-98.2,26.299999999999855,-98.20000000000047,temp_error_1h,-0.7367298217055612,0.3680548109374131,0.045350883034066314,8398
26.3_-98.2,26.299999999999855,-98.20000000000047,wspd_error_1h,1.7351177659270074,0.46772362486821667,0.00020884464180781492,8398
26.3_-98.2,26.299999999999855,-98.20000000000047,temp_error_0h,0.6892702594519527,0.3490774304158876,0.048352300133658765,8398
26.3_-98.2,26.299999999999855,-98.20000000000047,wspd_error_0h,0.4173331878530023,0.46053200018136486,0.3648571789011057,8398
26.3_-98.3,26.299999999999855,-98.30000000000047,temp_error_1h,-0.963564986730758,0.3750901675168352,0.010219715355499037,8398
26.3_-98.3,26.299999999999855,-98.30000000000047,wspd_error_1h,1.7093262230411246,0.43265418089988844,7.853419553849328e-05,8398
26.3_-98.3,26.299999999999855,-98.30000000000047,temp_error_0h,0.6883690482556972,0.3496568458252597,0.049020677364655096,8398
26.3_-98.3,26.299999999999855,-98.30000000000047,wspd_error_0h,0.5248409552953149,0.4519368052178786,0.24554702637601333,8398
26.3_-98.4,26.299999999999855,-98.40000000000046,temp_error_1h,-1.0419685984363252,0.3745473051394768,0.005415598813516054,8398
26.3_-98.4,26.299999999999855,-98.40000000000046,wspd_error_1h,1.6607783608042392,0.44122048159853205,0.00016832505677055742,8398
26.3_-98.4,26.299999999999855,-98.40000000000046,temp_error_0h,0.6926533912416281,0.35069024802671467,0.04828801741517563,8398
26.3_-98.4,26.299999999999855,-98.40000000000046,wspd_error_0h,0.5514238141900369,0.4468536486108879,0.2172322630835517,8398
26.3_-98.5,26.299999999999855,-98.50000000000045,temp_error_1h,-1.0026480500526058,0.3762026014963702,0.007709479460988211,8398
26.3_-98.5,26.299999999999855,-98.50000000000045,wspd_error_1h,1.54592506924652,0.4319151892285019,0.0003465578268559977,8398
26.3_-98.5,26.299999999999855,-98.50000000000045,temp_error_0h,0.7213162452748101,0.34886886162473063,0.038709716487164814,8398
26.3_-98.5,26.299999999999855,-98.50000000000045,wspd_error_0h,0.26525378570830066,0.4327390640490764,0.5399163399025442,8398
26.3_-98.6,26.299999999999855,-98.60000000000045,temp_error_1h,-0.9497251621334851,0.37366085297423585,0.011050119788301505,8398
26.3_-98.6,26.299999999999855,-98.60000000000045,wspd_error_1h,1.4289557135151558,0.44057858473059686,0.0011859217183058934,8398
26.3_-98.6,26.299999999999855,-98.60000000000045,temp_error_0h,0.7946889245852685,0.35270550975050974,0.024277213866650937,8398
26.3_-98.6,26.299999999999855,-98.60000000000045,wspd_error_0h,0.18052054722421096,0.4373057747473132,0.6797625306453852,8398
26.4_-97.5,26.399999999999856,-97.50000000000051,temp_error_1h,-0.29038686498716615,0.3565845562597147,0.41546409629975933,8398
26.4_-97.5,26.399999999999856,-97.50000000000051,wspd_error_1h,2.0298922704731353,0.40007043862474695,3.98267258505669e-07,8398
26.4_-97.5,26.399999999999856,-97.50000000000051,temp_error_0h,0.2955940074768678,0.3851563598231069,0.4428268078767561,8398
26.4_-97.5,26.399999999999856,-97.50000000000051,wspd_error_0h,2.0924613934266745,0.45599651427182697,4.52376744797256e-06,8398
26.4_-97.6,26.399999999999856,-97.6000000000005,temp_error_1h,-0.14875378161310485,0.36015502125487625,0.679597361394447,8398
26.4_-97.6,26.399999999999856,-97.6000000000005,wspd_error_1h,1.576090146483129,0.40073339048811846,8.456571957315973e-05,8398
26.4_-97.6,26.399999999999856,-97.6000000000005,temp_error_0h,0.6442358918038752,0.3838108245487045,0.09328213382219763,8398
26.4_-97.6,26.399999999999856,-97.6000000000005,wspd_error_0h,1.8396230264282296,0.47595282194106364,0.00011186737637758348,8398
26.4_-97.7,26.399999999999856,-97.7000000000005,temp_error_1h,-0.02087667281266444,0.3618307846743876,0.953991094321522,8398
26.4_-97.7,26.399999999999856,-97.7000000000005,wspd_error_1h,1.7271605341957463,0.42165305546399556,4.240151040790785e-05,8398
26.4_-97.7,26.399999999999856,-97.7000000000005,temp_error_0h,0.9032263026603068,0.36406956856222145,0.013124025826833474,8398
26.4_-97.7,26.399999999999856,-97.7000000000005,wspd_error_0h,1.165885233184594,0.4732369357480917,0.013773432283782583,8398
26.4_-97.8,26.399999999999856,-97.8000000000005,temp_error_1h,-0.05625178891080526,0.3477870820329762,0.8715129150557024,8398
26.4_-97.8,26.399999999999856,-97.8000000000005,wspd_error_1h,1.6019503029205806,0.43069559911389715,0.00020096555417747908,8398
26.4_-97.8,26.399999999999856,-97.8000000000005,temp_error_0h,0.9472816190737081,0.35192389548073383,0.0071225553050791035,8398
26.4_-97.8,26.399999999999856,-97.8000000000005,wspd_error_0h,0.8558469050699418,0.46998060542425124,0.06863864824025256,8398
26.4_-98.0,26.399999999999856,-98.00000000000048,temp_error_1h,-0.4782329909865406,0.3519442051539632,0.1742365586499972,8398
26.4_-98.0,26.399999999999856,-98.00000000000048,wspd_error_1h,1.5044550964567158,0.4297793151031336,0.000466757365579884,8398
26.4_-98.0,26.399999999999856,-98.00000000000048,temp_error_0h,0.9413909487282027,0.34032119070593014,0.00568411695005433,8398
26.4_-98.0,26.399999999999856,-98.00000000000048,wspd_error_0h,0.4206664954544175,0.4550154112227915,0.3552473182126994,8398
26.4_-98.2,26.399999999999856,-98.20000000000047,temp_error_1h,-0.5228369178710363,0.35216305199580655,0.13767575684341593,8398
26.4_-98.2,26.399999999999856,-98.20000000000047,wspd_error_1h,1.4340827783663188,0.4191596485272963,0.0006261452222067199,8398
26.4_-98.2,26.399999999999856,-98.20000000000047,temp_error_0h,0.6777909746822856,0.340594763927698,0.046621076469845146,8398
26.4_-98.2,26.399999999999856,-98.20000000000047,wspd_error_0h,0.45771411138451173,0.4531894453679325,0.3125321763473543,8398
26.4_-98.6,26.399999999999856,-98.60000000000045,temp_error_1h,-1.2133989974992891,0.3864424362994231,0.0016958202571191183,8398
26.4_-98.6,26.399999999999856,-98.60000000000045,wspd_error_1h,0.9906150218379406,0.4431761972964318,0.02542645245899111,8398
26.4_-98.6,26.399999999999856,-98.60000000000045,temp_error_0h,0.8741770857074241,0.3502110893648923,0.012574304178751605,8398
26.4_-98.6,26.399999999999856,-98.60000000000045,wspd_error_0h,0.4381885608396998,0.440426446215051,0.31980455734982205,8398
26.4_-98.7,26.399999999999856,-98.70000000000044,temp_error_1h,-1.4780298394372642,0.3784226709420189,9.466786938738814e-05,8398
26.4_-98.7,26.399999999999856,-98.70000000000044,wspd_error_1h,1.3888627982108426,0.4371214513591148,0.0014919815176359652,8398
26.4_-98.7,26.399999999999856,-98.70000000000044,temp_error_0h,1.0492548309024936,0.3499925176927926,0.002726152012319405,8398
26.4_-98.7,26.399999999999856,-98.70000000000044,wspd_error_0h,0.28783221836086187,0.4261391908586429,0.4994138121542335,8398
26.4_-98.8,26.399999999999856,-98.80000000000044,temp_error_1h,-1.3364254134100555,0.35937198522348185,0.0002014974247919188,8398
26.4_-98.8,26.399999999999856,-98.80000000000044,wspd_error_1h,1.785940510237401,0.4577010636595457,9.615777669402803e-05,8398
26.4_-98.8,26.399999999999856,-98.80000000000044,temp_error_0h,1.0624946831054944,0.3504971647622295,0.002441738500103652,8398
26.4_-98.8,26.399999999999856,-98.80000000000044,wspd_error_0h,0.3039332456053401,0.4166407968788641,0.4657254374718238,8398
26.4_-98.9,26.399999999999856,-98.90000000000043,temp_error_1h,-1.2004958589555836,0.35362409841804127,0.000689892110406154,8398
26.4_-98.9,26.399999999999856,-98.90000000000043,wspd_error_1h,2.268898133441871,0.43460594285131066,1.8264919399157975e-07,8398
26.4_-98.9,26.399999999999856,-98.90000000000043,temp_error_0h,0.8877552362959907,0.3514901097729631,0.011565446701643944,8398
26.4_-98.9,26.399999999999856,-98.90000000000043,wspd_error_0h,0.294149638892575,0.3989485793848244,0.46095324123083037,8398
26.5_-97.7,26.499999999999858,-97.7000000000005,temp_error_1h,-0.24265568401555698,0.3550054248145183,0.49429304150175546,8398
26.5_-97.7,26.499999999999858,-97.7000000000005,wspd_error_1h,1.6071544548790515,0.41123933102943216,9.376866536814354e-05,8398
26.5_-97.7,26.499999999999858,-97.7000000000005,temp_error_0h,0.8698053897975312,0.3567666875195152,0.014788532045305391,8398
26.5_-97.7,26.499999999999858,-97.7000000000005,wspd_error_0h,1.196531156666473,0.4579108275637267,0.008990623267052245,8398
26.5_-98.1,26.499999999999858,-98.10000000000048,temp_error_1h,-0.5798926479022734,0.3412742582543968,0.08931904440879523,8398
26.5_-98.1,26.499999999999858,-98.10000000000048,wspd_error_1h,1.0861413433602198,0.40967309843705807,0.008034833900236293,8398
26.5_-98.1,26.499999999999858,-98.10000000000048,temp_error_0h,0.840631213488616,0.329774673725537,0.010817604232856937,8398
26.5_-98.1,26.499999999999858,-98.10000000000048,wspd_error_0h,0.6669503724290151,0.4377438768215688,0.12764433511443052,8398
26.5_-98.2,26.499999999999858,-98.20000000000047,temp_error_1h,-0.3528781996575071,0.3361582335023306,0.2938687714531547,8398
26.5_-98.2,26.499999999999858,-98.20000000000047,wspd_error_1h,1.5324159808371205,0.4076980979297824,0.00017196036051347896,8398
26.5_-98.2,26.499999999999858,-98.20000000000047,temp_error_0h,0.7091276255575525,0.3266139193770682,0.02994792921111289,8398
26.5_-98.2,26.499999999999858,-98.20000000000047,wspd_error_0h,0.5153132097805875,0.4295396171607267,0.23029483405115148,8398
26.5_-98.4,26.499999999999858,-98.40000000000046,temp_error_1h,-0.9723492245904365,0.3702056855995243,0.008642264847432024,8398
26.5_-98.4,26.499999999999858,-98.40000000000046,wspd_error_1h,1.608186084229165,0.42753401707018196,0.0001700247029621238,8398
26.5_-98.4,26.499999999999858,-98.40000000000046,temp_error_0h,0.7194475865230018,0.3333393627808226,0.030932617647416727,8398
26.5_-98.4,26.499999999999858,-98.40000000000046,wspd_error_0h,0.5721912399363736,0.4312660072566066,0.18462069554911675,8398
26.5_-98.5,26.499999999999858,-98.50000000000045,temp_error_1h,-1.108504999644492,0.37290178975475846,0.002960868591529442,8398
26.5_-98.5,26.499999999999858,-98.50000000000045,wspd_error_1h,1.4885219874069342,0.4306977329600708,0.0005508367192903485,8398
26.5_-98.5,26.499999999999858,-98.50000000000045,temp_error_0h,0.7519568155593096,0.3328802720444133,0.023912733769154038,8398
26.5_-98.5,26.499999999999858,-98.50000000000045,wspd_error_0h,0.541798796620788,0.4232483016054706,0.20054662949591595,8398
26.5_-98.7,26.499999999999858,-98.70000000000044,temp_error_1h,-1.6665535285621411,0.38451950192585027,1.4805845593102163e-05,8398
26.5_-98.7,26.499999999999858,-98.70000000000044,wspd_error_1h,1.2607904841903597,0.4453514296631698,0.004651336509894799,8398
26.5_-98.7,26.499999999999858,-98.70000000000044,temp_error_0h,1.1366386912670252,0.34333764302372305,0.0009350524098379331,8398
26.5_-98.7,26.499999999999858,-98.70000000000044,wspd_error_0h,0.4481882189397394,0.4176674843894725,0.28326879526424675,8398
26.5_-98.8,26.499999999999858,-98.80000000000044,temp_error_1h,-1.6572358745982174,0.36771872944032874,6.670719493007127e-06,8398
26.5_-98.8,26.499999999999858,-98.80000000000044,wspd_error_1h,1.2359735654803305,0.4342462757451233,0.004434515496744229,8398
26.5_-98.8,26.499999999999858,-98.80000000000044,temp_error_0h,1.191306693737507,0.3437670589223197,0.0005320093110237067,8398
26.5_-98.8,26.499999999999858,-98.80000000000044,wspd_error_0h,0.4843148264619485,0.40802926545946056,0.23527674586297143,8398
26.5_-98.9,26.499999999999858,-98.90000000000043,temp_error_1h,-1.3831961820282044,0.3540917624748191,9.445051842771335e-05,8398
26.5_-98.9,26.499999999999858,-98.90000000000043,wspd_error_1h,2.668389388574162,0.42127096008543624,2.5099966549646524e-10,8398
26.5_-98.9,26.499999999999858,-98.90000000000043,temp_error_0h,1.0050537803419362,0.34446139073039156,0.0035350133176701437,8398
26.5_-98.9,26.499999999999858,-98.90000000000043,wspd_error_0h,0.2351776798146403,0.3872365129184469,0.5436530131768647,8398
26.5_-99.0,26.499999999999858,-99.00000000000043,temp_error_1h,-1.4973353601934194,0.36439944866194324,4.0108599643318144e-05,8398
26.5_-99.0,26.499999999999858,-99.00000000000043,wspd_error_1h,2.1361848347786627,0.42975263490600785,6.802674437089706e-07,8398
26.5_-99.0,26.499999999999858,-99.00000000000043,temp_error_0h,0.8937542285359055,0.34439205754758645,0.009471077839602327,8398
26.5_-99.0,26.499999999999858,-99.00000000000043,wspd_error_0h,0.3687531800018674,0.35658590044157296,0.30110924933129724,8398
26.6_-97.7,26.59999999999986,-97.7000000000005,temp_error_1h,-0.45265381474706545,0.36559241576380713,0.21569972876578358,8398
26.6_-97.7,26.59999999999986,-97.7000000000005,wspd_error_1h,1.415135150801867,0.3981780356540284,0.00038147606782379384,8398
26.6_-97.7,26.59999999999986,-97.7000000000005,temp_error_0h,0.8314425585619809,0.3564230061034347,0.019685357884181798,8398
26.6_-97.7,26.59999999999986,-97.7000000000005,wspd_error_0h,1.3091616645367963,0.45370593381933016,0.003918113267209478,8398
26.6_-98.1,26.59999999999986,-98.10000000000048,temp_error_1h,-0.526302835410855,0.33894912117661297,0.12052103431101835,8398
26.6_-98.1,26.59999999999986,-98.10000000000048,wspd_error_1h,1.0888948209631515,0.398418303184422,0.006288392690056321,8398
26.6_-98.1,26.59999999999986,-98.10000000000048,temp_error_0h,0.8278582965431351,0.32170766065688156,0.010089749681267524,8398
26.6_-98.1,26.59999999999986,-98.10000000000048,wspd_error_0h,0.765980484112982,0.43633796383742596,0.0792146936675917,8398
26.6_-98.9,26.59999999999986,-98.90000000000043,temp_error_1h,-1.584131231425662,0.3464363724330115,4.885309173197072e-06,8398
26.6_-98.9,26.59999999999986,-98.90000000000043,wspd_error_1h,2.700100197069453,0.42307740273298255,1.840398944352728e-10,8398
26.6_-98.9,26.59999999999986,-98.90000000000043,temp_error_0h,1.0241008052624505,0.3410694385557474,0.002684611887488364,8398
26.6_-98.9,26.59999999999986,-98.90000000000043,wspd_error_0h,0.10015109216462977,0.3940061474636416,0.7993576388363683,8398
26.6_-99.0,26.59999999999986,-99.00000000000043,temp_error_1h,-1.674622686803216,0.3563100160004745,2.6444830232286165e-06,8398
26.6_-99.0,26.59999999999986,-99.00000000000043,wspd_error_1h,2.5895825195823496,0.4337500218578365,2.466068238504704e-09,8398
26.6_-99.0,26.59999999999986,-99.00000000000043,temp_error_0h,0.9731892257979783,0.34241479265248115,0.004492101464901976,8398
26.6_-99.0,26.59999999999986,-99.00000000000043,wspd_error_0h,0.12166656052421809,0.3649733714368717,0.7388729080110015,8398
26.6_-99.1,26.59999999999986,-99.10000000000042,temp_error_1h,-1.6570531375207154,0.361717662855798,4.693116556486743e-06,8398
26.6_-99.1,26.59999999999986,-99.10000000000042,wspd_error_1h,2.0601387389578725,0.43276510245206284,1.9644881708025252e-06,8398
26.6_-99.1,26.59999999999986,-99.10000000000042,temp_error_0h,0.9892009953197507,0.3513099574926514,0.004877751335913505,8398
26.6_-99.1,26.59999999999986,-99.10000000000042,wspd_error_0h,0.2569828060819272,0.36896751083823337,0.48614033149542757,8398
26.6_-99.2,26.59999999999986,-99.20000000000041,temp_error_1h,-1.7769007773711822,0.3973568920285493,7.858798481086282e-06,8398
26.6_-99.2,26.59999999999986,-99.20000000000041,wspd_error_1h,2.4004589122542326,0.37874213117589267,2.448590219472635e-10,8398
26.6_-99.2,26.59999999999986,-99.20000000000041,temp_error_0h,1.0408896071944915,0.3535084475601541,0.003244155377525093,8398
26.6_-99.2,26.59999999999986,-99.20000000000041,wspd_error_0h,0.06989659139471747,0.3541733104536429,0.8435573749590719,8398
26.7_-97.7,26.69999999999986,-97.7000000000005,temp_error_1h,-0.5866606264961388,0.36595640679158303,0.10895284034993513,8398
26.7_-97.7,26.69999999999986,-97.7000000000005,wspd_error_1h,1.2800199684922253,0.407635743665735,0.0016947476609370238,8398
26.7_-97.7,26.69999999999986,-97.7000000000005,temp_error_0h,0.6990141227235466,0.34752908705218505,0.04431705912140016,8398
26.7_-97.7,26.69999999999986,-97.7000000000005,wspd_error_0h,1.4570116895259004,0.4361962045820413,0.0008406462531398429,8398
26.7_-98.1,26.69999999999986,-98.10000000000048,temp_error_1h,-0.6828247167291049,0.34566701387218923,0.04825756411788373,8398
26.7_-98.1,26.69999999999986,-98.10000000000048,wspd_error_1h,1.388708202750819,0.4011225504689922,0.0005387515979891067,8398
26.7_-98.1,26.69999999999986,-98.10000000000048,temp_error_0h,0.8553419431985422,0.31227391613951844,0.006174280108654839,8398
26.7_-98.1,26.69999999999986,-98.10000000000048,wspd_error_0h,0.730816927098425,0.4260246269362874,0.08630284560627399,8398
26.7_-99.1,26.69999999999986,-99.10000000000042,temp_error_1h,-1.5921093296215962,0.34634781012322424,4.352224883596989e-06,8398
26.7_-99.1,26.69999999999986,-99.10000000000042,wspd_error_1h,2.591384237276935,0.43369375913436076,2.3929591641547177e-09,8398
26.7_-99.1,26.69999999999986,-99.10000000000042,temp_error_0h,0.9296610351718805,0.3410514411202021,0.006426638651177319,8398
26.7_-99.1,26.69999999999986,-99.10000000000042,wspd_error_0h,0.06061778394452941,0.3687568514656562,0.8694327112778608,8398
26.8_-97.6,26.799999999999862,-97.6000000000005,temp_error_1h,-0.4226777518979648,0.3739378048825744,0.2583644227170705,8398
26.8_-97.6,26.799999999999862,-97.6000000000005,wspd_error_1h,1.665534983377945,0.39609827146922133,2.6397686212265015e-05,8398
26.8_-97.6,26.799999999999862,-97.6000000000005,temp_error_0h,-0.33081622633938035,0.387211059120622,0.3929320674228771,8398
26.8_-97.6,26.799999999999862,-97.6000000000005,wspd_error_0h,1.7357051629670637,0.4124732894656737,2.6028686483492436e-05,8398
26.8_-97.7,26.799999999999862,-97.7000000000005,temp_error_1h,-0.5624866048937975,0.36562263013303276,0.12398018482357598,8398
26.8_-97.7,26.799999999999862,-97.7000000000005,wspd_error_1h,1.4901393238041596,0.406231787857749,0.00024578282058596024,8398
26.8_-97.7,26.799999999999862,-97.7000000000005,temp_error_0h,0.44842660985601535,0.3416245165893041,0.18934368586460915,8398
26.8_-97.7,26.799999999999862,-97.7000000000005,wspd_error_0h,1.5340530316039185,0.4254839343200869,0.000313450784953373,8398
26.8_-98.1,26.799999999999862,-98.10000000000048,temp_error_1h,-0.9773677886766948,0.3457708306073354,0.004715170440326988,8398
26.8_-98.1,26.799999999999862,-98.10000000000048,wspd_error_1h,1.7431489345149225,0.4039962310139629,1.6161185969476577e-05,8398
26.8_-98.1,26.799999999999862,-98.10000000000048,temp_error_0h,0.8709786495393036,0.30239614122663716,0.0039836123323417905,8398
26.8_-98.1,26.799999999999862,-98.10000000000048,wspd_error_0h,0.7559118624095243,0.4207965315067562,0.072469684161103,8398
26.8_-99.0,26.799999999999862,-99.00000000000043,temp_error_1h,-2.173246632452335,0.35898407850397857,1.4749723664664316e-09,8398
26.8_-99.0,26.799999999999862,-99.00000000000043,wspd_error_1h,2.653830718870419,0.43668810022790533,1.2767462642671035e-09,8398
26.8_-99.0,26.799999999999862,-99.00000000000043,temp_error_0h,1.0195023697396,0.33270376901437054,0.0021887928678809843,8398
26.8_-99.0,26.799999999999862,-99.00000000000043,wspd_error_0h,0.02914557305380485,0.3701542372412721,0.9372421127239088,8398
26.8_-99.1,26.799999999999862,-99.10000000000042,temp_error_1h,-2.008801813541733,0.3550257118437355,1.5803022224147867e-08,8398
26.8_-99.1,26.799999999999862,-99.10000000000042,wspd_error_1h,2.987068276223257,0.42770224183305894,3.0888624991121105e-12,8398
26.8_-99.1,26.799999999999862,-99.10000000000042,temp_error_0h,1.024128905155367,0.341811500645209,0.0027418717373086654,8398
26.8_-99.1,26.799999999999862,-99.10000000000042,wspd_error_0h,0.031096517302092674,0.3711944290558571,0.9332379660233774,8398
26.9_-97.6,26.899999999999864,-97.6000000000005,temp_error_1h,-0.3977169730082742,0.3741466931153364,0.2878138358655664,8398
26.9_-97.6,26.899999999999864,-97.6000000000005,wspd_error_1h,1.440476663468047,0.3740334774621844,0.00011841974422299728,8398
26.9_-97.6,26.899999999999864,-97.6000000000005,temp_error_0h,-0.7959234200247631,0.39147424742203124,0.04206954401733265,8398
26.9_-97.6,26.899999999999864,-97.6000000000005,wspd_error_0h,1.558192207727671,0.41673765736004176,0.00018597001282194547,8398
26.9_-98.1,26.899999999999864,-98.10000000000048,temp_error_1h,-1.2669496145629326,0.3501889868881968,0.0002987531992761916,8398
26.9_-98.1,26.899999999999864,-98.10000000000048,wspd_error_1h,1.9063158823344621,0.40418090325218636,2.438372476598616e-06,8398
26.9_-98.1,26.899999999999864,-98.10000000000048,temp_error_0h,0.9467347152942303,0.29810644511937295,0.0014995269657556154,8398
26.9_-98.1,26.899999999999864,-98.10000000000048,wspd_error_0h,0.8251102243832341,0.4201755020871503,0.049594798227787784,8398
26.9_-98.2,26.899999999999864,-98.20000000000047,temp_error_1h,-0.9184381356102296,0.352611238947208,0.009212395814654828,8398
26.9_-98.2,26.899999999999864,-98.20000000000047,wspd_error_1h,2.0560886149445987,0.40605500245977116,4.202636085803846e-07,8398
26.9_-98.2,26.899999999999864,-98.20000000000047,temp_error_0h,0.8647646775507037,0.29506855968601137,0.0033908832857714177,8398
26.9_-98.2,26.899999999999864,-98.20000000000047,wspd_error_0h,0.7124313551544489,0.4193484980253208,0.08937516589293426,8398
26.9_-99.0,26.899999999999864,-99.00000000000043,temp_error_1h,-2.2986290850663593,0.3614675056960336,2.1351032053473773e-10,8398
26.9_-99.0,26.899999999999864,-99.00000000000043,wspd_error_1h,2.713440334318551,0.4458509493579594,1.2088088308104261e-09,8398
26.9_-99.0,26.899999999999864,-99.00000000000043,temp_error_0h,1.0531687492390502,0.3289398445119495,0.0013712788110582519,8398
26.9_-99.0,26.899999999999864,-99.00000000000043,wspd_error_0h,-0.026762218758680945,0.3879976074933173,0.945010997750737,8398
26.9_-99.2,26.899999999999864,-99.20000000000041,temp_error_1h,-1.892968851845858,0.3473064005867086,5.168008576639238e-08,8398
26.9_-99.2,26.899999999999864,-99.20000000000041,wspd_error_1h,2.7423810548501537,0.4244404116275343,1.0971001884740872e-10,8398
26.9_-99.2,26.899999999999864,-99.20000000000041,temp_error_0h,1.1223012299643602,0.3356434030343308,0.0008302339071744047,8398
26.9_-99.2,26.899999999999864,-99.20000000000041,wspd_error_0h,-0.0541191074530947,0.3744706373371397,0.8850920616774651,8398
27.0_-97.5,26.999999999999865,-97.50000000000051,temp_error_1h,-0.6472955778508858,0.3749177934937124,0.08429445692815474,8398
27.0_-97.5,26.999999999999865,-97.50000000000051,wspd_error_1h,1.6511243250372785,0.3871139544837643,2.0190926132812592e-05,8398
27.0_-97.5,26.999999999999865,-97.50000000000051,temp_error_0h,-2.039485162145539,0.3817176007014667,9.387299226837342e-08,8398
27.0_-97.5,26.999999999999865,-97.50000000000051,wspd_error_0h,0.4819174145070478,0.3657836678345302,0.18770955513503806,8398
27.0_-97.6,26.999999999999865,-97.6000000000005,temp_error_1h,-0.4798145013606763,0.36885840206827974,0.1933595512374775,8398
27.0_-97.6,26.999999999999865,-97.6000000000005,wspd_error_1h,1.3266363609493523,0.3780562204520189,0.00045199608206436537,8398
27.0_-97.6,26.999999999999865,-97.6000000000005,temp_error_0h,-1.1408092587134704,0.38760412777789327,0.0032569726375482055,8398
27.0_-97.6,26.999999999999865,-97.6000000000005,wspd_error_0h,1.2498160360992852,0.40915764021496326,0.002260650937312647,8398
27.0_-98.0,26.999999999999865,-98.00000000000048,temp_error_1h,-1.0358059041488674,0.34611010991534935,0.002773239667640537,8398
27.0_-98.0,26.999999999999865,-98.00000000000048,wspd_error_1h,1.6758506232460817,0.40226503542802683,3.130620442681753e-05,8398
27.0_-98.0,26.999999999999865,-98.00000000000048,temp_error_0h,0.9948162906424275,0.2901931425906528,0.0006107141802502714,8398
27.0_-98.0,26.999999999999865,-98.00000000000048,wspd_error_0h,0.9979425357274586,0.39519319700012795,0.011581534218916945,8398
27.0_-98.1,26.999999999999865,-98.10000000000048,temp_error_1h,-1.2600772642612934,0.34397915676347485,0.0002505879875303041,8398
27.0_-98.1,26.999999999999865,-98.10000000000048,wspd_error_1h,1.9549237648002138,0.4051730907443049,1.4254669724600433e-06,8398
27.0_-98.1,26.999999999999865,-98.10000000000048,temp_error_0h,0.9869935953608372,0.28858198433378407,0.0006288605824311677,8398
27.0_-98.1,26.999999999999865,-98.10000000000048,wspd_error_0h,0.8386029703367226,0.4095479693276233,0.040627401725504164,8398
27.0_-99.0,26.999999999999865,-99.00000000000043,temp_error_1h,-2.1688490780488596,0.3634932689504331,2.5198503283974105e-09,8398
27.0_-99.0,26.999999999999865,-99.00000000000043,wspd_error_1h,2.6633206811878973,0.44175031706178997,1.719591802284981e-09,8398
27.0_-99.0,26.999999999999865,-99.00000000000043,temp_error_0h,1.0353497191111816,0.318539866724214,0.0011574029889651616,8398
27.0_-99.0,26.999999999999865,-99.00000000000043,wspd_error_0h,-0.10118496724707975,0.3870610017528536,0.7937761138434394,8398
27.0_-99.4,26.999999999999865,-99.4000000000004,temp_error_1h,-1.5891801658097797,0.3420170859533563,3.427925497456741e-06,8398
27.0_-99.4,26.999999999999865,-99.4000000000004,wspd_error_1h,2.5866188468952327,0.426677806699284,1.4007022208772923e-09,8398
27.0_-99.4,26.999999999999865,-99.4000000000004,temp_error_0h,0.9821801122252762,0.3312371906451378,0.0030335417613820415,8398
27.0_-99.4,26.999999999999865,-99.4000000000004,wspd_error_0h,-0.1490147434978697,0.35858123857814905,0.6777371128080056,8398
27.1_-97.5,27.099999999999866,-97.50000000000051,temp_error_1h,-0.6490281688989019,0.3650867983017403,0.07548348287915063,8398
27.1_-97.5,27.099999999999866,-97.50000000000051,wspd_error_1h,1.6484041578085817,0.3896326845345216,2.3549242823328598e-05,8398
27.1_-97.5,27.099999999999866,-97.50000000000051,temp_error_0h,-1.831996764858496,0.40171698520318255,5.177930815891685e-06,8398
27.1_-97.5,27.099999999999866,-97.50000000000051,wspd_error_0h,0.34644648305614517,0.37995536363699867,0.3618959042371044,8398
27.1_-97.6,27.099999999999866,-97.6000000000005,temp_error_1h,-0.6049056701106296,0.35257441220345526,0.08625728014127487,8398
27.1_-97.6,27.099999999999866,-97.6000000000005,wspd_error_1h,1.58499806181987,0.38518086230041215,3.909913305988333e-05,8398
27.1_-97.6,27.099999999999866,-97.6000000000005,temp_error_0h,-0.768154876155835,0.39489534592409453,0.05178305228534774,8398
27.1_-97.6,27.099999999999866,-97.6000000000005,wspd_error_0h,0.9989505904428405,0.4170523658480121,0.016630270958535087,8398
27.1_-98.0,27.099999999999866,-98.00000000000048,temp_error_1h,-0.7833261703577025,0.34032753517516684,0.021377523467251747,8398
27.1_-98.0,27.099999999999866,-98.00000000000048,wspd_error_1h,1.7280472856134694,0.4065095217687932,2.1519068948983033e-05,8398
27.1_-98.0,27.099999999999866,-98.00000000000048,temp_error_0h,0.9470470409226815,0.2936831645993157,0.001265792189649284,8398
27.1_-98.0,27.099999999999866,-98.00000000000048,wspd_error_0h,1.1581906982568526,0.41621677304084376,0.005403591311715861,8398
27.1_-98.9,27.099999999999866,-98.90000000000043,temp_error_1h,-2.145098995582719,0.3852065500820355,2.6460563518071467e-08,8398
27.1_-98.9,27.099999999999866,-98.90000000000043,wspd_error_1h,0.9196898298902071,0.4240463001934365,0.030122721217667348,8398
27.1_-98.9,27.099999999999866,-98.90000000000043,temp_error_0h,1.161940137477531,0.3251479958379217,0.00035412739744411503,8398
27.1_-98.9,27.099999999999866,-98.90000000000043,wspd_error_0h,0.3853113958230613,0.4197689628782839,0.35869089852409575,8398
27.1_-99.0,27.099999999999866,-99.00000000000043,temp_error_1h,-2.352590811538459,0.3758771011547722,4.0670578016488435e-10,8398
27.1_-99.0,27.099999999999866,-99.00000000000043,wspd_error_1h,1.807266183521455,0.4452078302557167,4.965267170708998e-05,8398
27.1_-99.0,27.099999999999866,-99.00000000000043,temp_error_0h,1.229517513912102,0.32306040275079984,0.0001423307281616104,8398
27.1_-99.0,27.099999999999866,-99.00000000000043,wspd_error_0h,-0.12118898964306013,0.39972237269522437,0.7617580246994948,8398
27.2_-97.5,27.199999999999868,-97.50000000000051,temp_error_1h,-1.0163469171264177,0.3968951173897182,0.01046223112557687,8398
27.2_-97.5,27.199999999999868,-97.50000000000051,wspd_error_1h,1.7954968094353214,0.3882877165239798,3.818068931904506e-06,8398
27.2_-97.5,27.199999999999868,-97.50000000000051,temp_error_0h,-1.4041074575878194,0.41394357831311607,0.00069699628400266,8398
27.2_-97.5,27.199999999999868,-97.50000000000051,wspd_error_0h,0.07168535168144055,0.38440823197266055,0.852071043218438,8398
27.2_-97.6,27.199999999999868,-97.6000000000005,temp_error_1h,-0.8538733863563727,0.38439673980189454,0.026355072339738106,8398
27.2_-97.6,27.199999999999868,-97.6000000000005,wspd_error_1h,1.7658477980804934,0.3870232453969258,5.123509052129549e-06,8398
27.2_-97.6,27.199999999999868,-97.6000000000005,temp_error_0h,-0.41549211309638956,0.39234113781089724,0.28962708479803867,8398
27.2_-97.6,27.199999999999868,-97.6000000000005,wspd_error_0h,0.7675086928724009,0.4176227512583676,0.06612679779589059,8398
27.2_-98.0,27.199999999999868,-98.00000000000048,temp_error_1h,-0.4656229706491806,0.33240078058968453,0.16131466048082777,8398
27.2_-98.0,27.199999999999868,-98.00000000000048,wspd_error_1h,1.696545334929518,0.405435808033199,2.887231186132766e-05,8398
27.2_-98.0,27.199999999999868,-98.00000000000048,temp_error_0h,0.9748930364548158,0.2932610454054721,0.0008901646477230685,8398
27.2_-98.0,27.199999999999868,-98.00000000000048,wspd_error_0h,1.2122962599588014,0.42953145536491605,0.004778290702800447,8398
27.2_-98.1,27.199999999999868,-98.10000000000048,temp_error_1h,-0.6209200465461852,0.33003097401283593,0.05995235597106707,8398
27.2_-98.1,27.199999999999868,-98.10000000000048,wspd_error_1h,1.9310931153028073,0.4077907671871982,2.2211501597979577e-06,8398
27.2_-98.1,27.199999999999868,-98.10000000000048,temp_error_0h,0.9576092360282955,0.29179131126489566,0.0010355927794256647,8398
27.2_-98.1,27.199999999999868,-98.10000000000048,wspd_error_0h,1.07358112311593,0.44239071592903156,0.015254859435917423,8398
27.2_-98.9,27.199999999999868,-98.90000000000043,temp_error_1h,-2.060955477630028,0.39044472870343805,1.3353137728877584e-07,8398
27.2_-98.9,27.199999999999868,-98.90000000000043,wspd_error_1h,1.3021858395814716,0.44708020802248893,0.0035933099992615514,8398
27.2_-98.9,27.199999999999868,-98.90000000000043,temp_error_0h,1.164191089068124,0.32357867202009166,0.00032269964360920333,8398
27.2_-98.9,27.199999999999868,-98.90000000000043,wspd_error_0h,0.2513536058581408,0.42010079802147726,0.5496444034142594,8398
27.3_-98.0,27.29999999999987,-98.00000000000048,temp_error_1h,-0.5020042018063099,0.32844885525990564,0.1264488611682666,8398
27.3_-98.0,27.29999999999987,-98.00000000000048,wspd_error_1h,1.5743672019305928,0.4041519711052516,9.876752129800437e-05,8398
27.3_-98.0,27.29999999999987,-98.00000000000048,temp_error_0h,1.1169424721293044,0.3004051205209211,0.00020202324069873434,8398
27.3_-98.0,27.29999999999987,-98.00000000000048,wspd_error_0h,1.209958660658469,0.43837071335912786,0.005790490766882872,8398
27.3_-98.8,27.29999999999987,-98.80000000000044,temp_error_1h,-1.7452056666256295,0.37037717053959557,2.492987381197409e-06,8398
27.3_-98.8,27.29999999999987,-98.80000000000044,wspd_error_1h,3.592430328951233,0.4317814382210501,0.0,8398
27.3_-98.8,27.29999999999987,-98.80000000000044,temp_error_0h,1.0524307146658332,0.315494487626861,0.0008542101487183373,8398
27.3_-98.8,27.29999999999987,-98.80000000000044,wspd_error_0h,-0.09454707215107265,0.4228864523815224,0.8230930540565908,8398
27.3_-98.9,27.29999999999987,-98.90000000000043,temp_error_1h,-2.0673114326807744,0.38890621155563276,1.0898803548542446e-07,8398
27.3_-98.9,27.29999999999987,-98.90000000000043,wspd_error_1h,2.325776915868361,0.4513982086148071,2.6307542455583643e-07,8398
27.3_-98.9,27.29999999999987,-98.90000000000043,temp_error_0h,1.158204218546653,0.321127694549833,0.0003119513577574118,8398
27.3_-98.9,27.29999999999987,-98.90000000000043,wspd_error_0h,0.03822414927846549,0.419620606895109,0.9274215421684338,8398
27.3_-99.0,27.29999999999987,-99.00000000000043,temp_error_1h,-2.7549917939667434,0.3959784725281211,3.7267966490617255e-12,8398
27.3_-99.0,27.29999999999987,-99.00000000000043,wspd_error_1h,1.307309572848854,0.44683226170382856,0.003445764069377466,8398
27.3_-99.0,27.29999999999987,-99.00000000000043,temp_error_0h,1.3608152407781458,0.31985981467256125,2.1188592705501108e-05,8398
27.3_-99.0,27.29999999999987,-99.00000000000043,wspd_error_0h,-0.004795048941740849,0.39736069315709627,0.9903722530657659,8398
27.4_-97.5,27.39999999999987,-97.50000000000051,temp_error_1h,-0.5735976804002868,0.32053831828769425,0.073573361033207,8398
27.4_-97.5,27.39999999999987,-97.50000000000051,wspd_error_1h,1.855309671393936,0.413973416647879,7.50327477905266e-06,8398
27.4_-97.5,27.39999999999987,-97.50000000000051,temp_error_0h,0.08672752951099374,0.4013412585891347,0.828919573392116,8398
27.4_-97.5,27.39999999999987,-97.50000000000051,wspd_error_0h,0.18792142183418517,0.42166714845120007,0.6558522832828655,8398
27.4_-98.0,27.39999999999987,-98.00000000000048,temp_error_1h,-0.7615485659676028,0.32652867179984907,0.019710838003334175,8398
27.4_-98.0,27.39999999999987,-98.00000000000048,wspd_error_1h,1.661557297766262,0.3979935445559024,3.012287415837811e-05,8398
27.4_-98.0,27.39999999999987,-98.00000000000048,temp_error_0h,1.2649216549096927,0.3086764525619419,4.2087781648714184e-05,8398
27.4_-98.0,27.39999999999987,-98.00000000000048,wspd_error_0h,1.1095019907962567,0.4412728166202259,0.011944779042854847,8398
27.4_-98.8,27.39999999999987,-98.80000000000044,temp_error_1h,-1.5474561564439009,0.3652230589160284,2.2894175178755916e-05,8398
27.4_-98.8,27.39999999999987,-98.80000000000044,wspd_error_1h,3.2361701634232447,0.44326199281708,3.12194714524594e-13,8398
27.4_-98.8,27.39999999999987,-98.80000000000044,temp_error_0h,1.02709604661906,0.31419433165092825,0.001083711580548652,8398
27.4_-98.8,27.39999999999987,-98.80000000000044,wspd_error_0h,-0.10205470094250464,0.4233545970034163,0.8095129874627738,8398
27.4_-98.9,27.39999999999987,-98.90000000000043,temp_error_1h,-1.8517016661803585,0.38394858257178754,1.4406978139369642e-06,8398
27.4_-98.9,27.39999999999987,-98.90000000000043,wspd_error_1h,2.4893258133848017,0.4694021561157859,1.1671249255940097e-07,8398
27.4_-98.9,27.39999999999987,-98.90000000000043,temp_error_0h,1.1568331702540364,0.3204697524278649,0.00030822128966168094,8398
27.4_-98.9,27.39999999999987,-98.90000000000043,wspd_error_0h,-0.016898999967675833,0.42121205477082313,0.9679984677973872,8398
27.5_-97.5,27.499999999999872,-97.50000000000051,temp_error_1h,-0.2800029244402055,0.3143979580918208,0.3731692647183904,8398
27.5_-97.5,27.499999999999872,-97.50000000000051,wspd_error_1h,1.4793066032594866,0.418822821047296,0.0004145628191609685,8398
27.5_-97.5,27.499999999999872,-97.50000000000051,temp_error_0h,0.5936567668827132,0.3681105260504866,0.1068445578914694,8398
27.5_-97.5,27.499999999999872,-97.50000000000051,wspd_error_0h,0.32170156526369653,0.4307019470446833,0.4551305317121761,8398
27.5_-98.0,27.499999999999872,-98.00000000000048,temp_error_1h,-0.7763708802500584,0.32285379448196805,0.01620676387047082,8398
27.5_-98.0,27.499999999999872,-98.00000000000048,wspd_error_1h,1.7072405549937122,0.3959060250197652,1.6346749119655613e-05,8398
27.5_-98.0,27.499999999999872,-98.00000000000048,temp_error_0h,1.260622628773165,0.30894670391505746,4.537863567910527e-05,8398
27.5_-98.0,27.499999999999872,-98.00000000000048,wspd_error_0h,1.0960072130989087,0.4275087735944665,0.010373429140321466,8398
27.5_-98.8,27.499999999999872,-98.80000000000044,temp_error_1h,-1.5152009165010196,0.3603413815538972,2.6391740880482573e-05,8398
27.5_-98.8,27.499999999999872,-98.80000000000044,wspd_error_1h,3.0560619651142313,0.4479208994871327,9.552136859269922e-12,8398
27.5_-98.8,27.499999999999872,-98.80000000000044,temp_error_0h,1.0166517172228422,0.3072557028526632,0.0009408863796127598,8398
27.5_-98.8,27.499999999999872,-98.80000000000044,wspd_error_0h,-0.14912242605131246,0.4117374583641802,0.7172278565375185,8398
27.5_-99.0,27.499999999999872,-99.00000000000043,temp_error_1h,-2.0602655054717025,0.38477028863736856,8.805675566492255e-08,8398
27.5_-99.0,27.499999999999872,-99.00000000000043,wspd_error_1h,0.8798305336071777,0.43538924837171455,0.04333327011844412,8398
27.5_-99.0,27.499999999999872,-99.00000000000043,temp_error_0h,1.2667305998541338,0.3130281052253399,5.241304291891957e-05,8398
27.5_-99.0,27.499999999999872,-99.00000000000043,wspd_error_0h,0.23570927209841006,0.38629619730434006,0.541760784694225,8398
27.6_-97.4,27.599999999999874,-97.40000000000052,temp_error_1h,-0.6506851276939227,0.3410445832317181,0.05643604502634103,8398
27.6_-97.4,27.599999999999874,-97.40000000000052,wspd_error_1h,1.8628832356970986,0.4264001560536909,1.2640408825204119e-05,8398
27.6_-97.4,27.599999999999874,-97.40000000000052,temp_error_0h,0.309448066086407,0.4363125921175292,0.47819858034233165,8398
27.6_-97.4,27.599999999999874,-97.40000000000052,wspd_error_0h,0.8161241232127334,0.42962551485250716,0.0575177395687827,8398
27.6_-97.5,27.599999999999874,-97.50000000000051,temp_error_1h,-0.27438983773695635,0.3268763100158702,0.4012519721514205,8398
27.6_-97.5,27.599999999999874,-97.50000000000051,wspd_error_1h,1.4582394485684838,0.4161139396282069,0.0004599941112843897,8398
27.6_-97.5,27.599999999999874,-97.50000000000051,temp_error_0h,0.8262184838339772,0.3716626361914055,0.02624019233241648,8398
27.6_-97.5,27.599999999999874,-97.50000000000051,wspd_error_0h,0.7144079253097708,0.44373692627954314,0.10743982409987063,8398
27.6_-97.6,27.599999999999874,-97.6000000000005,temp_error_1h,-0.17961685915315154,0.324678632966974,0.5801314837277487,8398
27.6_-97.6,27.599999999999874,-97.6000000000005,wspd_error_1h,0.9885762905097852,0.40748010168410187,0.01528424455938815,8398
27.6_-97.6,27.599999999999874,-97.6000000000005,temp_error_0h,0.9804949718906824,0.3601591145948644,0.006494528594770843,8398
27.6_-97.6,27.599999999999874,-97.6000000000005,wspd_error_0h,0.8441433093849995,0.4508253363291336,0.06118067655808601,8398
27.6_-97.8,27.599999999999874,-97.8000000000005,temp_error_1h,-0.047500183196790474,0.3223724149898084,0.8828627321729168,8398
27.6_-97.8,27.599999999999874,-97.8000000000005,wspd_error_1h,1.0219226530879917,0.3951831423365842,0.00972794889976547,8398
27.6_-97.8,27.599999999999874,-97.8000000000005,temp_error_0h,1.0519045248555265,0.32833288429107194,0.0013614785262523466,8398
27.6_-97.8,27.599999999999874,-97.8000000000005,wspd_error_0h,1.1304220230744462,0.4427363354333086,0.010689513923388239,8398
27.6_-97.9,27.599999999999874,-97.90000000000049,temp_error_1h,-0.1408157632373892,0.32783676499157616,0.6675485579986047,8398
27.6_-97.9,27.599999999999874,-97.90000000000049,wspd_error_1h,1.2944248864067662,0.3976347972365826,0.0011371933649517718,8398
27.6_-97.9,27.599999999999874,-97.90000000000049,temp_error_0h,1.1131688586276658,0.32432334857014955,0.0006014281674779909,8398
27.6_-97.9,27.599999999999874,-97.90000000000049,wspd_error_0h,1.267968641291672,0.45032450206561847,0.004878847829667521,8398
27.6_-98.0,27.599999999999874,-98.00000000000048,temp_error_1h,-0.4501276532611712,0.32503240309751114,0.1661291672519205,8398
27.6_-98.0,27.599999999999874,-98.00000000000048,wspd_error_1h,1.5624083188740479,0.39875495677133993,8.991775699351834e-05,8398
27.6_-98.0,27.599999999999874,-98.00000000000048,temp_error_0h,1.2155844406223497,0.31339824181449105,0.00010581268517895204,8398
27.6_-98.0,27.599999999999874,-98.00000000000048,wspd_error_0h,1.2638777939565948,0.4391542289640231,0.004012431789933268,8398
27.6_-98.7,27.599999999999874,-98.70000000000044,temp_error_1h,-1.3134733778274885,0.36183992603204157,0.00028513207115987704,8398
27.6_-98.7,27.599999999999874,-98.70000000000044,wspd_error_1h,2.783463833303412,0.44032805576967105,2.7259261514700484e-10,8398
27.6_-98.7,27.599999999999874,-98.70000000000044,temp_error_0h,1.0522538254870737,0.31062241573040866,0.0007084133975470142,8398
27.6_-98.7,27.599999999999874,-98.70000000000044,wspd_error_0h,0.05786895505278668,0.4169971702509392,0.8896309667187556,8398
27.6_-98.8,27.599999999999874,-98.80000000000044,temp_error_1h,-1.337301731007201,0.3646026658820741,0.000246134814248844,8398
27.6_-98.8,27.599999999999874,-98.80000000000044,wspd_error_1h,2.1923941391637163,0.4449596671627199,8.502963362300164e-07,8398
27.6_-98.8,27.599999999999874,-98.80000000000044,temp_error_0h,1.0759749093642572,0.3122257454722714,0.0005714450074383315,8398
27.6_-98.8,27.599999999999874,-98.80000000000044,wspd_error_0h,0.022982222777257085,0.4157871037689687,0.9559214846868929,8398
27.6_-98.9,27.599999999999874,-98.90000000000043,temp_error_1h,-1.5604244300021377,0.3756432961818507,3.299578405280279e-05,8398
27.6_-98.9,27.599999999999874,-98.90000000000043,wspd_error_1h,0.6629160680041984,0.41960860022614327,0.11418048014504012,8398
27.6_-98.9,27.599999999999874,-98.90000000000043,temp_error_0h,1.1446226039699914,0.3185928940998203,0.0003290958422035306,8398
27.6_-98.9,27.599999999999874,-98.90000000000043,wspd_error_0h,0.46164799766931164,0.4151485494241215,0.26616723128060404,8398
27.6_-99.3,27.599999999999874,-99.30000000000041,temp_error_1h,-2.294898586704997,0.3628960899959021,2.682305488832526e-10,8398
27.6_-99.3,27.599999999999874,-99.30000000000041,wspd_error_1h,1.1878497588107324,0.4317882530062933,0.005954149479782789,8398
27.6_-99.3,27.599999999999874,-99.30000000000041,temp_error_0h,1.20422434967105,0.3262330313887957,0.0002245299099929987,8398
27.6_-99.3,27.599999999999874,-99.30000000000041,wspd_error_0h,0.6371856671009214,0.3924078190275409,0.10445956490725372,8398
27.6_-99.5,27.599999999999874,-99.5000000000004,temp_error_1h,-1.9516875270656782,0.3552600204093201,4.051951663086584e-08,8398
27.6_-99.5,27.599999999999874,-99.5000000000004,wspd_error_1h,1.8963478627797234,0.454402625979226,3.032928162038928e-05,8398
27.6_-99.5,27.599999999999874,-99.5000000000004,temp_error_0h,0.6681514588773023,0.3303289207368224,0.04313738889795049,8398
27.6_-99.5,27.599999999999874,-99.5000000000004,wspd_error_0h,0.3003248634354872,0.3870444757117062,0.4378039743856419,8398
27.7_-97.4,27.699999999999875,-97.40000000000052,temp_error_1h,-0.5500474946189003,0.3827302509315351,0.15070783531323695,8398
27.7_-97.4,27.699999999999875,-97.40000000000052,wspd_error_1h,2.075582669176505,0.4681611666861673,9.390917276252964e-06,8398
27.7_-97.4,27.699999999999875,-97.40000000000052,temp_error_0h,0.2813555950416759,0.4268117159180657,0.5097835388169654,8398
27.7_-97.4,27.699999999999875,-97.40000000000052,wspd_error_0h,0.9765893690720592,0.429742265045387,0.023081606918154973,8398
27.7_-97.9,27.699999999999875,-97.90000000000049,temp_error_1h,0.27178683276584137,0.323885714390437,0.40141237657440243,8398
27.7_-97.9,27.699999999999875,-97.90000000000049,wspd_error_1h,1.4020011542710509,0.3992093420447567,0.00044718939669396995,8398
27.7_-97.9,27.699999999999875,-97.90000000000049,temp_error_0h,0.9740435610436361,0.31779591569767834,0.0021836641916679334,8398
27.7_-97.9,27.699999999999875,-97.90000000000049,wspd_error_0h,1.3208294834554113,0.44402317362141575,0.0029412725100452786,8398
27.7_-98.0,27.699999999999875,-98.00000000000048,temp_error_1h,0.23500467871452185,0.3253810432182791,0.47016436117379157,8398
27.7_-98.0,27.699999999999875,-98.00000000000048,wspd_error_1h,1.6754384474923412,0.409564168057019,4.339554164700665e-05,8398
27.7_-98.0,27.699999999999875,-98.00000000000048,temp_error_0h,0.9807404989920264,0.3103337133656646,0.0015818182598461572,8398
27.7_-98.0,27.699999999999875,-98.00000000000048,wspd_error_0h,1.3179146720926347,0.43254475145294063,0.002319468654603085,8398
27.7_-98.1,27.699999999999875,-98.10000000000048,temp_error_1h,-0.08567361175639511,0.3243238685634466,0.7916626270766449,8398
27.7_-98.1,27.699999999999875,-98.10000000000048,wspd_error_1h,1.8122262976162282,0.42056866224714734,1.6587989628780164e-05,8398
27.7_-98.1,27.699999999999875,-98.10000000000048,temp_error_0h,1.1030936780956226,0.3120484574664168,0.00040996989773001147,8398
27.7_-98.1,27.699999999999875,-98.10000000000048,wspd_error_0h,1.2903474171013665,0.44356709378394327,0.0036351449564571148,8398
27.7_-98.7,27.699999999999875,-98.70000000000044,temp_error_1h,-1.100807665452307,0.3652328901054273,0.002586111535881397,8398
27.7_-98.7,27.699999999999875,-98.70000000000044,wspd_error_1h,1.439913831154164,0.4340604075862586,0.0009127615173625259,8398
27.7_-98.7,27.699999999999875,-98.70000000000044,temp_error_0h,1.0443716116690847,0.30915189090770023,0.0007329990515141382,8398
27.7_-98.7,27.699999999999875,-98.70000000000044,wspd_error_0h,0.33309472947976565,0.41255198368793683,0.41945868881886583,8398
27.8_-97.5,27.799999999999876,-97.50000000000051,temp_error_1h,-0.5861652441151097,0.3769342317024522,0.11996339855705895,8398
27.8_-97.5,27.799999999999876,-97.50000000000051,wspd_error_1h,1.4494115317574876,0.46178868941327,0.0017029555500307492,8398
27.8_-97.5,27.799999999999876,-97.50000000000051,temp_error_0h,0.8360320930436207,0.35338169420149534,0.018013623828162073,8398
27.8_-97.5,27.799999999999876,-97.50000000000051,wspd_error_0h,1.2287359076765592,0.43779120296675367,0.005017221417157103,8398
27.8_-97.6,27.799999999999876,-97.6000000000005,temp_error_1h,-0.209145927154437,0.34018721062931623,0.5387058213125435,8398
27.8_-97.6,27.799999999999876,-97.6000000000005,wspd_error_1h,1.4205902843167066,0.4283044756496691,0.000914510101280186,8398
27.8_-97.6,27.799999999999876,-97.6000000000005,temp_error_0h,0.8581512468273477,0.3399632149197155,0.011613000800077433,8398
27.8_-97.6,27.799999999999876,-97.6000000000005,wspd_error_0h,1.2015670500156255,0.44114058712630416,0.0064674874226522405,8398
27.8_-97.7,27.799999999999876,-97.7000000000005,temp_error_1h,0.09730772413441874,0.3375839554741202,0.7731644565332143,8398
27.8_-97.7,27.799999999999876,-97.7000000000005,wspd_error_1h,1.6547360763989774,0.4203805812340065,8.342549573003843e-05,8398
27.8_-97.7,27.799999999999876,-97.7000000000005,temp_error_0h,0.8628764008307686,0.32462776010687433,0.007874417115621757,8398
27.8_-97.7,27.799999999999876,-97.7000000000005,wspd_error_0h,1.1716423507311007,0.43234156206707475,0.0067422052866317195,8398
27.8_-97.8,27.799999999999876,-97.8000000000005,temp_error_1h,0.31285951964967046,0.32646840690125595,0.3379317481279105,8398
27.8_-97.8,27.799999999999876,-97.8000000000005,wspd_error_1h,1.5784964306192735,0.4093471305060559,0.00011606003302944146,8398
27.8_-97.8,27.799999999999876,-97.8000000000005,temp_error_0h,0.848253825880664,0.3160142744623073,0.007284123536433373,8398
27.8_-97.8,27.799999999999876,-97.8000000000005,wspd_error_0h,1.3260691878794102,0.4359848696185704,0.0023609445317747113,8398
27.8_-97.9,27.799999999999876,-97.90000000000049,temp_error_1h,0.2148802512127342,0.3269605742531731,0.5110669622609987,8398
27.8_-97.9,27.799999999999876,-97.90000000000049,wspd_error_1h,1.672352824904841,0.4089206843250988,4.360302068562305e-05,8398
27.8_-97.9,27.799999999999876,-97.90000000000049,temp_error_0h,0.9242314708561243,0.3137633476436788,0.0032318435319749206,8398
27.8_-97.9,27.799999999999876,-97.90000000000049,wspd_error_0h,1.3486200102895627,0.44315735258296896,0.0023479782268631677,8398
27.8_-98.0,27.799999999999876,-98.00000000000048,temp_error_1h,0.24090356893279763,0.3257792203270098,0.4596431513641892,8398
27.8_-98.0,27.799999999999876,-98.00000000000048,wspd_error_1h,1.7276666166387527,0.4156951589138279,3.2696951760780024e-05,8398
27.8_-98.0,27.799999999999876,-98.00000000000048,temp_error_0h,0.9029887239592623,0.30711178414948853,0.0032883485408179425,8398
27.8_-98.0,27.799999999999876,-98.00000000000048,wspd_error_0h,1.3827534485954607,0.4298422234212665,0.001300839327524006,8398
27.8_-98.6,27.799999999999876,-98.60000000000045,temp_error_1h,-1.0587349578835508,0.36132787313346654,0.003397452721185301,8398
27.8_-98.6,27.799999999999876,-98.60000000000045,wspd_error_1h,1.853378930588651,0.4548502877991133,4.64997593712102e-05,8398
27.8_-98.6,27.799999999999876,-98.60000000000045,temp_error_0h,1.0555684697316594,0.31174779090485744,0.0007125412748669735,8398
27.8_-98.6,27.799999999999876,-98.60000000000045,wspd_error_0h,0.7141439702828742,0.4260630759441184,0.09374698539787252,8398
27.8_-98.7,27.799999999999876,-98.70000000000044,temp_error_1h,-1.000529922944714,0.3572381573898261,0.005110328589030599,8398
27.8_-98.7,27.799999999999876,-98.70000000000044,wspd_error_1h,1.154250076338896,0.43626533655969785,0.008166208387783813,8398
27.8_-98.7,27.799999999999876,-98.70000000000044,temp_error_0h,0.9649092822029814,0.3067243196606149,0.0016618508995336345,8398
27.8_-98.7,27.799999999999876,-98.70000000000044,wspd_error_0h,0.593408008384396,0.40776844569440923,0.1456356075450811,8398
27.8_-99.7,27.799999999999876,-99.70000000000039,temp_error_1h,-2.221567950624273,0.34053256152956896,7.25319804217861e-11,8398
27.8_-99.7,27.799999999999876,-99.70000000000039,wspd_error_1h,2.4238149219482414,0.42230059029268,9.824413060854909e-09,8398
27.8_-99.7,27.799999999999876,-99.70000000000039,temp_error_0h,0.2500883832955975,0.32716606088305944,0.4446456751550514,8398
27.8_-99.7,27.799999999999876,-99.70000000000039,wspd_error_0h,0.045509919194636476,0.3695716729315468,0.9019973485444548,8398
27.9_-97.2,27.899999999999878,-97.20000000000053,temp_error_1h,-0.8283422235703106,0.3576641196940745,0.020583552822933004,8398
27.9_-97.2,27.899999999999878,-97.20000000000053,wspd_error_1h,1.672831103596183,0.45078435790628535,0.00020783659550516198,8398
27.9_-97.2,27.899999999999878,-97.20000000000053,temp_error_0h,-0.311333168465882,0.46825368029351644,0.5061446939506782,8398
27.9_-97.2,27.899999999999878,-97.20000000000053,wspd_error_0h,1.0115570994967613,0.4129036862422443,0.014311466379802962,8398
27.9_-97.5,27.899999999999878,-97.50000000000051,temp_error_1h,-0.7786563869797474,0.36428765510315836,0.032588175304145706,8398
27.9_-97.5,27.899999999999878,-97.50000000000051,wspd_error_1h,1.4594732055594752,0.43478747032552073,0.0007921602405092099,8398
27.9_-97.5,27.899999999999878,-97.50000000000051,temp_error_0h,0.8888285602520488,0.35353346263841906,0.011951332462641906,8398
27.9_-97.5,27.899999999999878,-97.50000000000051,wspd_error_0h,1.4176418692150952,0.43875197928194,0.0012380197710601948,8398
27.9_-97.6,27.899999999999878,-97.6000000000005,temp_error_1h,-0.24889631728460737,0.3422986356516217,0.4671654219352268,8398
27.9_-97.6,27.899999999999878,-97.6000000000005,wspd_error_1h,2.0889616759248657,0.4265375579499728,9.889202505775074e-07,8398
27.9_-97.6,27.899999999999878,-97.6000000000005,temp_error_0h,0.7601267030454983,0.3380081048787666,0.024548514900575746,8398
27.9_-97.6,27.899999999999878,-97.6000000000005,wspd_error_0h,1.364812314079981,0.4425498540060125,0.0020492177077167106,8398
27.9_-97.7,27.899999999999878,-97.7000000000005,temp_error_1h,0.13629739283027933,0.3407699092609021,0.6891895885845021,8398
27.9_-97.7,27.899999999999878,-97.7000000000005,wspd_error_1h,1.7141952455805958,0.4274860147023637,6.126166293296542e-05,8398
27.9_-97.7,27.899999999999878,-97.7000000000005,temp_error_0h,0.778803160522628,0.324807121156473,0.016518359600878885,8398
27.9_-97.7,27.899999999999878,-97.7000000000005,wspd_error_0h,1.5372275321013036,0.44095019306198485,0.000492505788164399,8398
27.9_-98.6,27.899999999999878,-98.60000000000045,temp_error_1h,-0.832081742519179,0.3549100033471052,0.019076583527728674,8398
27.9_-98.6,27.899999999999878,-98.60000000000045,wspd_error_1h,0.9879335218649318,0.4424600447210271,0.025587216265074098,8398
27.9_-98.6,27.899999999999878,-98.60000000000045,temp_error_0h,0.9449640721666597,0.3113436027733818,0.002411827895544949,8398
27.9_-98.6,27.899999999999878,-98.60000000000045,wspd_error_0h,1.1516951733216327,0.42209336189673735,0.006374998820025013,8398
27.9_-99.6,27.899999999999878,-99.60000000000039,temp_error_1h,-1.8837541384141925,0.339011426772452,2.8351928582637242e-08,8398
27.9_-99.6,27.899999999999878,-99.60000000000039,wspd_error_1h,1.8475251582760464,0.42579102107475614,1.4478837643272513e-05,8398
27.9_-99.6,27.899999999999878,-99.60000000000039,temp_error_0h,0.20307343674904302,0.3189216121874372,0.5243049374035125,8398
27.9_-99.6,27.899999999999878,-99.60000000000039,wspd_error_0h,0.2069081086291019,0.38075910002954544,0.5868623885807147,8398
27.9_-99.7,27.899999999999878,-99.70000000000039,temp_error_1h,-1.9107648806676596,0.33754617441377754,1.5569557643146936e-08,8398
27.9_-99.7,27.899999999999878,-99.70000000000039,wspd_error_1h,2.828035069194922,0.43041934602351967,5.317657425507605e-11,8398
27.9_-99.7,27.899999999999878,-99.70000000000039,temp_error_0h,0.1670935426937437,0.32250872441391926,0.604398383037104,8398
27.9_-99.7,27.899999999999878,-99.70000000000039,wspd_error_0h,-0.055513517893271185,0.3700156532089519,0.8807444195244649,8398
28.0_-97.3,27.99999999999988,-97.30000000000052,temp_error_1h,0.048780181111502834,0.3376578822604818,0.885135758878044,8398
28.0_-97.3,27.99999999999988,-97.30000000000052,wspd_error_1h,1.123901861901405,0.39568061027386436,0.004516210726222658,8398
28.0_-97.3,27.99999999999988,-97.30000000000052,temp_error_0h,0.6599356133322525,0.39059047866221025,0.09114478031187945,8398
28.0_-97.3,27.99999999999988,-97.30000000000052,wspd_error_0h,1.452125502249621,0.43833617011824905,0.000927553427087835,8398
28.0_-97.4,27.99999999999988,-97.40000000000052,temp_error_1h,-0.17467594638736156,0.33787963708403174,0.6051860104903586,8398
28.0_-97.4,27.99999999999988,-97.40000000000052,wspd_error_1h,1.4644040416703088,0.40746974565303234,0.00032764480142000174,8398
28.0_-97.4,27.99999999999988,-97.40000000000052,temp_error_0h,0.640325506450561,0.36988060046269494,0.08345869452926302,8398
28.0_-97.4,27.99999999999988,-97.40000000000052,wspd_error_0h,1.5098229659824995,0.4416915403097026,0.0006332033075457932,8398
28.0_-97.5,27.99999999999988,-97.50000000000051,temp_error_1h,-0.35138681293641344,0.338588656527794,0.29939388698225566,8398
28.0_-97.5,27.99999999999988,-97.50000000000051,wspd_error_1h,1.9059791537275326,0.42324406901878175,6.782595679100112e-06,8398
28.0_-97.5,27.99999999999988,-97.50000000000051,temp_error_0h,0.676907360450876,0.3430264271912742,0.048489873888657886,8398
28.0_-97.5,27.99999999999988,-97.50000000000051,wspd_error_0h,1.522388790589933,0.43058171873270684,0.00040896678356694416,8398
28.0_-97.7,27.99999999999988,-97.7000000000005,temp_error_1h,-0.13222764535841725,0.339283978657373,0.6967494117025792,8398
28.0_-97.7,27.99999999999988,-97.7000000000005,wspd_error_1h,1.6684896019179822,0.42549890429472065,8.87934818327718e-05,8398
28.0_-97.7,27.99999999999988,-97.7000000000005,temp_error_0h,0.8279040084522177,0.31809944112247024,0.009266759087353638,8398
28.0_-97.7,27.99999999999988,-97.7000000000005,wspd_error_0h,1.8388988028753404,0.4355548592465302,2.447436564212424e-05,8398
28.0_-98.6,27.99999999999988,-98.60000000000045,temp_error_1h,-0.6413216681640211,0.34770726518870376,0.06515588997107402,8398
28.0_-98.6,27.99999999999988,-98.60000000000045,wspd_error_1h,0.9819405535362318,0.4200984394640754,0.01944157568487448,8398
28.0_-98.6,27.99999999999988,-98.60000000000045,temp_error_0h,0.7916791787816267,0.30657475979339044,0.009830240696337311,8398
28.0_-98.6,27.99999999999988,-98.60000000000045,wspd_error_0h,1.2124249324800604,0.4022991985121286,0.002588232093687415,8398
28.0_-99.4,27.99999999999988,-99.4000000000004,temp_error_1h,-1.5515267638234913,0.33671924143381093,4.130309009475752e-06,8398
28.0_-99.4,27.99999999999988,-99.4000000000004,wspd_error_1h,1.7982852373965235,0.41776134053850866,1.6921491597932103e-05,8398
28.0_-99.4,27.99999999999988,-99.4000000000004,temp_error_0h,0.3867748850060758,0.30826248176207355,0.2096251941184175,8398
28.0_-99.4,27.99999999999988,-99.4000000000004,wspd_error_0h,0.3838672322231633,0.380299694501807,0.31282124191642025,8398
28.0_-99.6,27.99999999999988,-99.60000000000039,temp_error_1h,-2.0262659739095996,0.3507108212334689,7.849099592505127e-09,8398
28.0_-99.6,27.99999999999988,-99.60000000000039,wspd_error_1h,1.0876228389869573,0.4302993640881704,0.01150293158428184,8398
28.0_-99.6,27.99999999999988,-99.60000000000039,temp_error_0h,0.2151132421410972,0.31129528640409976,0.489568184797881,8398
28.0_-99.6,27.99999999999988,-99.60000000000039,wspd_error_0h,0.29297999747175124,0.3727502629231881,0.4318924609792232,8398
28.1_-97.2,28.09999999999988,-97.20000000000053,temp_error_1h,-1.737374480968422,0.4408420562900902,8.179165504307306e-05,8398
28.1_-97.2,28.09999999999988,-97.20000000000053,wspd_error_1h,0.060428121519841005,0.3873548534328755,0.8760352342171331,8398
28.1_-97.2,28.09999999999988,-97.20000000000053,temp_error_0h,0.8947811525993535,0.41207933566183175,0.029930444569748138,8398
28.1_-97.2,28.09999999999988,-97.20000000000053,wspd_error_0h,1.7352247966969139,0.4457753328262492,9.994717456596192e-05,8398
28.1_-97.3,28.09999999999988,-97.30000000000052,temp_error_1h,0.13912842920381763,0.3460076584847236,0.687623376458014,8398
28.1_-97.3,28.09999999999988,-97.30000000000052,wspd_error_1h,0.9914600593129547,0.41910110859338084,0.018019580205120844,8398
28.1_-97.3,28.09999999999988,-97.30000000000052,temp_error_0h,0.7115432315866913,0.37919474362432853,0.060627160699885385,8398
28.1_-97.3,28.09999999999988,-97.30000000000052,wspd_error_0h,1.5167672319627978,0.4516111158456475,0.0007869734550360885,8398
28.1_-97.5,28.09999999999988,-97.50000000000051,temp_error_1h,-0.20627064959715882,0.3405581954565055,0.5447410620990372,8398
28.1_-97.5,28.09999999999988,-97.50000000000051,wspd_error_1h,1.157966976021213,0.4188878710589143,0.0057155360219776075,8398
28.1_-97.5,28.09999999999988,-97.50000000000051,temp_error_0h,0.5886797473156535,0.3411474758275304,0.08445865864440139,8398
28.1_-97.5,28.09999999999988,-97.50000000000051,wspd_error_0h,1.6246208977043788,0.4432915182244442,0.00024896424351306123,8398
28.1_-97.6,28.09999999999988,-97.6000000000005,temp_error_1h,-0.39249119278824957,0.3391869210910939,0.24724289783033337,8398
28.1_-97.6,28.09999999999988,-97.6000000000005,wspd_error_1h,1.4700865622618746,0.4162051446469097,0.0004144660031066838,8398
28.1_-97.6,28.09999999999988,-97.6000000000005,temp_error_0h,0.6760639019184579,0.3301682353142174,0.040627013426792535,8398
28.1_-97.6,28.09999999999988,-97.6000000000005,wspd_error_0h,1.7608014617720718,0.4492935141732952,8.960993026607689e-05,8398
28.1_-97.7,28.09999999999988,-97.7000000000005,temp_error_1h,-0.3220590417746712,0.3389480270146199,0.34205216848638487,8398
28.1_-97.7,28.09999999999988,-97.7000000000005,wspd_error_1h,1.5254877465645038,0.4273232564778426,0.0003591657661896619,8398
28.1_-97.7,28.09999999999988,-97.7000000000005,temp_error_0h,0.7735812494785865,0.32141999664423104,0.01611623866483347,8398
28.1_-97.7,28.09999999999988,-97.7000000000005,wspd_error_0h,1.8145827004516093,0.4456848605752947,4.7152752413737176e-05,8398
28.1_-98.5,28.09999999999988,-98.50000000000045,temp_error_1h,-0.5869863540454824,0.35507304933081046,0.09833942824768505,8398
28.1_-98.5,28.09999999999988,-98.50000000000045,wspd_error_1h,0.8979513455697802,0.4086536331795434,0.028023455911250883,8398
28.1_-98.5,28.09999999999988,-98.50000000000045,temp_error_0h,0.705073523200546,0.3082253199775545,0.022189995096175474,8398
28.1_-98.5,28.09999999999988,-98.50000000000045,wspd_error_0h,1.352767419633553,0.40554078897525425,0.0008545200072758163,8398
28.1_-98.6,28.09999999999988,-98.60000000000045,temp_error_1h,-0.20712044135495128,0.3393268811558794,0.5416226157188349,8398
28.1_-98.6,28.09999999999988,-98.60000000000045,wspd_error_1h,1.2302154069002693,0.40644579053201646,0.002479400587610092,8398
28.1_-98.6,28.09999999999988,-98.60000000000045,temp_error_0h,0.6752680559683801,0.3072270958979177,0.027980404261584102,8398
28.1_-98.6,28.09999999999988,-98.60000000000045,wspd_error_0h,1.2119338402853104,0.40498007477592907,0.002774418245830912,8398
28.1_-99.5,28.09999999999988,-99.5000000000004,temp_error_1h,-1.5726135662889251,0.3450160360466728,5.235503457878821e-06,8398
28.1_-99.5,28.09999999999988,-99.5000000000004,wspd_error_1h,1.0381899502541216,0.4361817600824053,0.01732660215297077,8398
28.1_-99.5,28.09999999999988,-99.5000000000004,temp_error_0h,0.20733216994647377,0.3031299577127176,0.49401230017605857,8398
28.1_-99.5,28.09999999999988,-99.5000000000004,wspd_error_0h,0.2951921430846083,0.375137264501526,0.43136798390698994,8398
28.1_-99.6,28.09999999999988,-99.60000000000039,temp_error_1h,-1.787773884655389,0.34977429153445155,3.2717435938245387e-07,8398
28.1_-99.6,28.09999999999988,-99.60000000000039,wspd_error_1h,0.9892476637943591,0.431756504731249,0.0219756603009289,8398
28.1_-99.6,28.09999999999988,-99.60000000000039,temp_error_0h,0.21763444558022377,0.3121127973753509,0.48563809206070396,8398
28.1_-99.6,28.09999999999988,-99.60000000000039,wspd_error_0h,0.26612652383854435,0.3807454374367399,0.4845953453192322,8398
28.2_-97.2,28.199999999999882,-97.20000000000053,temp_error_1h,-0.8834624284294709,0.36149771755641275,0.014550195342285965,8398
28.2_-97.2,28.199999999999882,-97.20000000000053,wspd_error_1h,0.35104916030792843,0.45830386556429153,0.4437129997059992,8398
28.2_-97.2,28.199999999999882,-97.20000000000053,temp_error_0h,0.6164297206534944,0.37747247312650484,0.10249710564433534,8398
28.2_-97.2,28.199999999999882,-97.20000000000053,wspd_error_0h,1.657605683008835,0.4511037599352865,0.00023975492266070653,8398
28.2_-97.4,28.199999999999882,-97.40000000000052,temp_error_1h,0.27031462285474156,0.3404039321314967,0.42716000712786784,8398
28.2_-97.4,28.199999999999882,-97.40000000000052,wspd_error_1h,0.5625182481855175,0.4235264681831533,0.1841558113397359,8398
28.2_-97.4,28.199999999999882,-97.40000000000052,temp_error_0h,0.5735938731794012,0.35187066957787855,0.10311235229029903,8398
28.2_-97.4,28.199999999999882,-97.40000000000052,wspd_error_0h,1.579217549610096,0.4493127448604521,0.00044251572811959683,8398
28.2_-97.5,28.199999999999882,-97.50000000000051,temp_error_1h,0.016638742814399317,0.3336877105157475,0.9602325809514778,8398
28.2_-97.5,28.199999999999882,-97.50000000000051,wspd_error_1h,0.6979369331798944,0.4266368691913927,0.10189735648902642,8398
28.2_-97.5,28.199999999999882,-97.50000000000051,temp_error_0h,0.5550009250199239,0.33439395872405975,0.09700796708550263,8398
28.2_-97.5,28.199999999999882,-97.50000000000051,wspd_error_0h,1.5831957777635501,0.4362572162685046,0.0002861734541610428,8398
28.2_-97.7,28.199999999999882,-97.7000000000005,temp_error_1h,-0.08165559983989358,0.34251360390727364,0.8115759057091259,8398
28.2_-97.7,28.199999999999882,-97.7000000000005,wspd_error_1h,1.256448080700927,0.4139785399077637,0.002412309788618394,8398
28.2_-97.7,28.199999999999882,-97.7000000000005,temp_error_0h,0.5693264672693537,0.31777345179302485,0.07323144477809307,8398
28.2_-97.7,28.199999999999882,-97.7000000000005,wspd_error_0h,1.775895554481489,0.4425081483675239,6.0411538938875964e-05,8398
28.2_-97.8,28.199999999999882,-97.8000000000005,temp_error_1h,-0.27028261743975507,0.33953842564099596,0.4260374780886771,8398
28.2_-97.8,28.199999999999882,-97.8000000000005,wspd_error_1h,1.4778861097479061,0.4154214706003917,0.0003763923341673081,8398
28.2_-97.8,28.199999999999882,-97.8000000000005,temp_error_0h,0.6573716924146267,0.3124697346095891,0.0354263000892594,8398
28.2_-97.8,28.199999999999882,-97.8000000000005,wspd_error_0h,1.7717204631915449,0.4437291330124173,6.585763416411261e-05,8398
28.2_-97.9,28.199999999999882,-97.90000000000049,temp_error_1h,-0.6259962104437946,0.3439182562637211,0.06876599230608482,8398
28.2_-97.9,28.199999999999882,-97.90000000000049,wspd_error_1h,1.2625938022049707,0.43983232083514234,0.004106897839405876,8398
28.2_-97.9,28.199999999999882,-97.90000000000049,temp_error_0h,0.878497276078335,0.31075271049858033,0.004709828577578623,8398
28.2_-97.9,28.199999999999882,-97.90000000000049,wspd_error_0h,1.7681835054024744,0.4487321823833781,8.200906238498007e-05,8398
28.2_-98.5,28.199999999999882,-98.50000000000045,temp_error_1h,-0.07092809890009112,0.33342138659146675,0.8315442349348467,8398
28.2_-98.5,28.199999999999882,-98.50000000000045,wspd_error_1h,1.6410968583386105,0.3970092144281205,3.605372691772857e-05,8398
28.2_-98.5,28.199999999999882,-98.50000000000045,temp_error_0h,0.4673417971646926,0.3014427080238169,0.12109532811244605,8398
28.2_-98.5,28.199999999999882,-98.50000000000045,wspd_error_0h,1.207750869515357,0.3915242408358893,0.002043948212098856,8398
28.2_-99.4,28.199999999999882,-99.4000000000004,temp_error_1h,-1.0608580568649342,0.3311644199942455,0.0013631632749502298,8398
28.2_-99.4,28.199999999999882,-99.4000000000004,wspd_error_1h,1.1726231310801485,0.4244629621696889,0.005746765977418633,8398
28.2_-99.4,28.199999999999882,-99.4000000000004,temp_error_0h,0.3258929209653057,0.3005156958973765,0.27819856676892507,8398
28.2_-99.4,28.199999999999882,-99.4000000000004,wspd_error_0h,0.2655975555419362,0.38118970582499007,0.4859726866976053,8398
28.2_-99.5,28.199999999999882,-99.5000000000004,temp_error_1h,-1.313538487315614,0.33773451413667516,0.00010132841720311703,8398
28.2_-99.5,28.199999999999882,-99.5000000000004,wspd_error_1h,1.229854618441642,0.42832613421236665,0.0040980966169918975,8398
28.2_-99.5,28.199999999999882,-99.5000000000004,temp_error_0h,0.20156075212967617,0.2970204741112294,0.4974044633892398,8398
28.2_-99.5,28.199999999999882,-99.5000000000004,wspd_error_0h,0.18560681990869887,0.36965961560636196,0.6156090271072419,8398
28.3_-97.2,28.299999999999883,-97.20000000000053,temp_error_1h,-0.2551290456961069,0.32028594050219733,0.42572547944252737,8398
28.3_-97.2,28.299999999999883,-97.20000000000053,wspd_error_1h,0.3831903897606934,0.4316513599334985,0.3747108974078528,8398
28.3_-97.2,28.299999999999883,-97.20000000000053,temp_error_0h,0.5799763490089662,0.3588199010170741,0.10605773551831854,8398
28.3_-97.2,28.299999999999883,-97.20000000000053,wspd_error_0h,1.6641290683979344,0.45475303579931264,0.0002543512441075535,8398
28.3_-97.9,28.299999999999883,-97.90000000000049,temp_error_1h,-0.6306007414932459,0.3325795264098418,0.05798259863721,8398
28.3_-97.9,28.299999999999883,-97.90000000000049,wspd_error_1h,1.1296037037904894,0.4272945196929532,0.008217820650421093,8398
28.3_-97.9,28.299999999999883,-97.90000000000049,temp_error_0h,0.7813034235111591,0.3113244996711222,0.012105177306844794,8398
28.3_-97.9,28.299999999999883,-97.90000000000049,wspd_error_0h,1.7528614200482624,0.44846343153028384,9.356819374994885e-05,8398
28.3_-98.0,28.299999999999883,-98.00000000000048,temp_error_1h,-0.38388839023041804,0.32676651713063387,0.24010443778010226,8398
28.3_-98.0,28.299999999999883,-98.00000000000048,wspd_error_1h,1.83916579567494,0.42773566400857166,1.729161996366635e-05,8398
28.3_-98.0,28.299999999999883,-98.00000000000048,temp_error_0h,0.8318228560712265,0.305017058181747,0.006402014953510893,8398
28.3_-98.0,28.299999999999883,-98.00000000000048,wspd_error_0h,1.4020342261801695,0.43379429295598726,0.0012339270996541973,8398
28.3_-98.1,28.299999999999883,-98.10000000000048,temp_error_1h,-0.46202897483544936,0.32432598093463805,0.15431539317954246,8398
28.3_-98.1,28.299999999999883,-98.10000000000048,wspd_error_1h,2.3571188212737995,0.4185472666535796,1.842592145528954e-08,8398
28.3_-98.1,28.299999999999883,-98.10000000000048,temp_error_0h,0.7725913517217733,0.30705128390066777,0.011882584300524801,8398
28.3_-98.1,28.299999999999883,-98.10000000000048,wspd_error_0h,1.2178100964336078,0.4359039574692045,0.005221810557316076,8398
28.3_-98.4,28.299999999999883,-98.40000000000046,temp_error_1h,0.053428277053534354,0.3288312875067497,0.8709323575130603,8398
28.3_-98.4,28.299999999999883,-98.40000000000046,wspd_error_1h,1.5506933415083033,0.3809023904307263,4.722224321529467e-05,8398
28.3_-98.4,28.299999999999883,-98.40000000000046,temp_error_0h,0.46447792404197363,0.30561088619013094,0.12859044745996262,8398
28.3_-98.4,28.299999999999883,-98.40000000000046,wspd_error_0h,1.2753079460225818,0.40678188817809585,0.0017238224140714298,8398
28.3_-98.5,28.299999999999883,-98.50000000000045,temp_error_1h,0.3058931548278551,0.3231260705649741,0.34383528658959994,8398
28.3_-98.5,28.299999999999883,-98.50000000000045,wspd_error_1h,2.0677818197576023,0.37269315933407365,2.9741827667351117e-08,8398
28.3_-98.5,28.299999999999883,-98.50000000000045,temp_error_0h,0.3498504671302747,0.29793200036404427,0.24032324029388352,8398
28.3_-98.5,28.299999999999883,-98.50000000000045,wspd_error_0h,1.143043241270676,0.38410363266748393,0.0029299335062902276,8398
28.3_-99.4,28.299999999999883,-99.4000000000004,temp_error_1h,-1.0181750717476483,0.33711005304856373,0.0025328381298279634,8398
28.3_-99.4,28.299999999999883,-99.4000000000004,wspd_error_1h,0.8373801971901643,0.43453460713641,0.05400431526075744,8398
28.3_-99.4,28.299999999999883,-99.4000000000004,temp_error_0h,0.33494908872468077,0.29662585748338005,0.2588470688116018,8398
28.3_-99.4,28.299999999999883,-99.4000000000004,wspd_error_0h,0.20065974716689722,0.3810805540026338,0.5985168506882028,8398
28.3_-99.7,28.299999999999883,-99.70000000000039,temp_error_1h,-0.9846175702086005,0.3007042047486411,0.0010632781926558366,8398
28.3_-99.7,28.299999999999883,-99.70000000000039,wspd_error_1h,2.3327491220731362,0.406835012989388,1.0156456342613751e-08,8398
28.3_-99.7,28.299999999999883,-99.70000000000039,temp_error_0h,0.11056767060268181,0.2991379903064787,0.7116742995372358,8398
28.3_-99.7,28.299999999999883,-99.70000000000039,wspd_error_0h,-0.310817608985087,0.37640116636617893,0.40896294676080736,8398
28.4_-97.2,28.399999999999885,-97.20000000000053,temp_error_1h,-0.10866522856488084,0.3225417082395956,0.7361985795817731,8398
28.4_-97.2,28.399999999999885,-97.20000000000053,wspd_error_1h,0.29085071564437937,0.42179022702054475,0.49048851649905245,8398
28.4_-97.2,28.399999999999885,-97.20000000000053,temp_error_0h,0.6325745776137596,0.3470524811488782,0.06838367696227277,8398
28.4_-97.2,28.399999999999885,-97.20000000000053,wspd_error_0h,1.7476038508625207,0.4558002633815741,0.00012692776189360266,8398
28.4_-97.9,28.399999999999885,-97.90000000000049,temp_error_1h,-0.7171815715213745,0.3340662137589122,0.03183594119247046,8398
28.4_-97.9,28.399999999999885,-97.90000000000049,wspd_error_1h,0.6367224343684622,0.42080659311246144,0.1302920919668109,8398
28.4_-97.9,28.399999999999885,-97.90000000000049,temp_error_0h,0.7223476582550435,0.3124458875759558,0.02080668183308343,8398
28.4_-97.9,28.399999999999885,-97.90000000000049,wspd_error_0h,1.889079927604012,0.4489718378741035,2.6083176400515384e-05,8398
28.4_-98.1,28.399999999999885,-98.10000000000048,temp_error_1h,-0.298719782211411,0.32969150359613975,0.3649310257586367,8398
28.4_-98.1,28.399999999999885,-98.10000000000048,wspd_error_1h,1.9427083882401512,0.41978322055316286,3.749869131652872e-06,8398
28.4_-98.1,28.399999999999885,-98.10000000000048,temp_error_0h,0.6787106482036599,0.30718501040446883,0.027170211840298775,8398
28.4_-98.1,28.399999999999885,-98.10000000000048,wspd_error_0h,1.285911583475809,0.4384186527855326,0.0033654233683151347,8398
28.4_-98.2,28.399999999999885,-98.20000000000047,temp_error_1h,-0.09871656682360248,0.33548629810670483,0.7685748147545637,8398
28.4_-98.2,28.399999999999885,-98.20000000000047,wspd_error_1h,2.089640535356484,0.410161982263582,3.5698968336994596e-07,8398
28.4_-98.2,28.399999999999885,-98.20000000000047,temp_error_0h,0.619778025761955,0.3065116104770568,0.0432042620049915,8398
28.4_-98.2,28.399999999999885,-98.20000000000047,wspd_error_0h,1.1943238559373033,0.4312938704894906,0.005632412882978777,8398
28.4_-98.3,28.399999999999885,-98.30000000000047,temp_error_1h,0.09931690132583557,0.33343551039360525,0.7658178808815279,8398
28.4_-98.3,28.399999999999885,-98.30000000000047,wspd_error_1h,1.9097445420509638,0.3891944969028817,9.426888056829341e-07,8398
28.4_-98.3,28.399999999999885,-98.30000000000047,temp_error_0h,0.5398658177369241,0.3043844374206729,0.07616054153117147,8398
28.4_-98.3,28.399999999999885,-98.30000000000047,wspd_error_0h,1.178947374284896,0.42323374033116784,0.0053554021716366584,8398
28.4_-98.4,28.399999999999885,-98.40000000000046,temp_error_1h,-0.23128158685998987,0.32818261286489886,0.48099516154208777,8398
28.4_-98.4,28.399999999999885,-98.40000000000046,wspd_error_1h,1.9281193421934868,0.3769434505663571,3.2047174780558407e-07,8398
28.4_-98.4,28.399999999999885,-98.40000000000046,temp_error_0h,0.5079471707229785,0.30319198861896374,0.09390657147292503,8398
28.4_-98.4,28.399999999999885,-98.40000000000046,wspd_error_0h,1.226253169437574,0.4108556874266793,0.0028474110539911113,8398
28.4_-99.3,28.399999999999885,-99.30000000000041,temp_error_1h,-0.7971881394033203,0.3336604791472645,0.016906253374847857,8398
28.4_-99.3,28.399999999999885,-99.30000000000041,wspd_error_1h,0.9031190915870966,0.4307912332984008,0.03607499816827886,8398
28.4_-99.3,28.399999999999885,-99.30000000000041,temp_error_0h,0.4218575922478591,0.29213119709955476,0.1487570717525304,8398
28.4_-99.3,28.399999999999885,-99.30000000000041,wspd_error_0h,0.07220805883033027,0.3852381536579155,0.8513222095586492,8398
28.4_-99.4,28.399999999999885,-99.4000000000004,temp_error_1h,-0.7692807682095099,0.3250172937423058,0.01796084032781442,8398
28.4_-99.4,28.399999999999885,-99.4000000000004,wspd_error_1h,0.5906707840283704,0.42071040617551814,0.16036070388595514,8398
28.4_-99.4,28.399999999999885,-99.4000000000004,temp_error_0h,0.3031773535674874,0.29124305318578275,0.29791628683228466,8398
28.4_-99.4,28.399999999999885,-99.4000000000004,wspd_error_0h,0.1507913851898105,0.385365774291609,0.695589776311655,8398
28.4_-99.8,28.399999999999885,-99.80000000000038,temp_error_1h,-0.7314216035805797,0.2969944441947186,0.013807813284595793,8398
28.4_-99.8,28.399999999999885,-99.80000000000038,wspd_error_1h,1.8103042805940308,0.4180440343818418,1.5056566124771464e-05,8398
28.4_-99.8,28.399999999999885,-99.80000000000038,temp_error_0h,0.20901671428912838,0.298355298626948,0.48359521620011914,8398
28.4_-99.8,28.399999999999885,-99.80000000000038,wspd_error_0h,-0.6782156936283827,0.37564131605034884,0.07103440895703805,8398
28.5_-96.8,28.499999999999886,-96.80000000000055,temp_error_1h,-0.8168384565591894,0.34172407618431183,0.01685456289775633,8398
28.5_-96.8,28.499999999999886,-96.80000000000055,wspd_error_1h,0.7458152257110569,0.45346878387838985,0.10007152998762714,8398
28.5_-96.8,28.499999999999886,-96.80000000000055,temp_error_0h,0.6482260303680586,0.3670881491036697,0.07745596475109928,8398
28.5_-96.8,28.499999999999886,-96.80000000000055,wspd_error_0h,1.544969115714447,0.44620773230988364,0.0005379746652340867,8398
28.5_-97.2,28.499999999999886,-97.20000000000053,temp_error_1h,-0.35980598750528114,0.3154036550144829,0.2539944354501682,8398
28.5_-97.2,28.499999999999886,-97.20000000000053,wspd_error_1h,0.35185520431002537,0.41000148387902946,0.39081751633476514,8398
28.5_-97.2,28.499999999999886,-97.20000000000053,temp_error_0h,0.6517194917021663,0.32535888330267587,0.04520106654070677,8398
28.5_-97.2,28.499999999999886,-97.20000000000053,wspd_error_0h,1.8413165024365274,0.44411918314719695,3.416833298430788e-05,8398
28.5_-97.3,28.499999999999886,-97.30000000000052,temp_error_1h,-0.4052620247865567,0.317846103545501,0.20233551311845543,8398
28.5_-97.3,28.499999999999886,-97.30000000000052,wspd_error_1h,0.50491265142706,0.3939546684817491,0.20000043408563495,8398
28.5_-97.3,28.499999999999886,-97.30000000000052,temp_error_0h,0.6208289273899543,0.32146075168396604,0.0534829053283572,8398
28.5_-97.3,28.499999999999886,-97.30000000000052,wspd_error_0h,1.7830027267735267,0.44738778356553294,6.79500072380268e-05,8398
28.5_-98.3,28.499999999999886,-98.30000000000047,temp_error_1h,-0.8047006480190086,0.37675690785170407,0.032719669833094045,8398
28.5_-98.3,28.499999999999886,-98.30000000000047,wspd_error_1h,1.3279253731034806,0.3903751378366237,0.0006729070737234721,8398
28.5_-98.3,28.499999999999886,-98.30000000000047,temp_error_0h,0.6879727578299536,0.29847523762010086,0.021193338101494374,8398
28.5_-98.3,28.499999999999886,-98.30000000000047,wspd_error_0h,1.4631727394386105,0.4123400772525892,0.00038961600120535067,8398
28.5_-98.4,28.499999999999886,-98.40000000000046,temp_error_1h,-0.35291567181302486,0.3447603848912973,0.30602791806721363,8398
28.5_-98.4,28.499999999999886,-98.40000000000046,wspd_error_1h,1.916826476995586,0.44040990889190124,1.3627710645058855e-05,8398
28.5_-98.4,28.499999999999886,-98.40000000000046,temp_error_0h,0.5256589876345067,0.29809065003159135,0.07786623602956055,8398
28.5_-98.4,28.499999999999886,-98.40000000000046,wspd_error_0h,1.2243740638500737,0.40701594699852867,0.0026360698633673962,8398
28.5_-98.5,28.499999999999886,-98.50000000000045,temp_error_1h,-0.26782500166223067,0.32464282234138125,0.40940445610371157,8398
28.5_-98.5,28.499999999999886,-98.50000000000045,wspd_error_1h,2.116992798899218,0.4097075055520533,2.4327190017991995e-07,8398
28.5_-98.5,28.499999999999886,-98.50000000000045,temp_error_0h,0.44220690678887015,0.29337432191791124,0.1317682699464544,8398
28.5_-98.5,28.499999999999886,-98.50000000000045,wspd_error_0h,1.0507800170951778,0.3872219023681712,0.006668533024595469,8398
28.5_-98.6,28.499999999999886,-98.60000000000045,temp_error_1h,-0.296211827144382,0.3248011759510198,0.36180612129386613,8398
28.5_-98.6,28.499999999999886,-98.60000000000045,wspd_error_1h,1.7678520856931013,0.40239449636121755,1.130042708274992e-05,8398
28.5_-98.6,28.499999999999886,-98.60000000000045,temp_error_0h,0.4472263659659785,0.29727485310029367,0.1325109386063219,8398
28.5_-98.6,28.499999999999886,-98.60000000000045,wspd_error_0h,0.9780410771683042,0.3915998277164995,0.012524480789952053,8398
28.5_-99.3,28.499999999999886,-99.30000000000041,temp_error_1h,-1.0451226930144772,0.3405391573850871,0.0021544799163741857,8398
28.5_-99.3,28.499999999999886,-99.30000000000041,wspd_error_1h,0.7962783800395251,0.42413182298972557,0.06049380506049684,8398
28.5_-99.3,28.499999999999886,-99.30000000000041,temp_error_0h,0.4128211781846747,0.28375141407564286,0.14574305309116142,8398
28.5_-99.3,28.499999999999886,-99.30000000000041,wspd_error_0h,-0.02112735626764026,0.37351176100453426,0.9548937859073447,8398
28.6_-96.7,28.599999999999888,-96.70000000000056,temp_error_1h,-0.24470197466665294,0.3293042954421206,0.45744947061568775,8398
28.6_-96.7,28.599999999999888,-96.70000000000056,wspd_error_1h,0.8093740359911448,0.4245601908057961,0.05663489242689579,8398
28.6_-96.7,28.599999999999888,-96.70000000000056,temp_error_0h,0.6122060588893937,0.37523939799741374,0.10282086879756291,8398
28.6_-96.7,28.599999999999888,-96.70000000000056,wspd_error_0h,1.4515760576333852,0.45050544973335704,0.001277401739168571,8398
28.6_-96.8,28.599999999999888,-96.80000000000055,temp_error_1h,-0.44350686774768383,0.3196450990634656,0.16532702586631576,8398
28.6_-96.8,28.599999999999888,-96.80000000000055,wspd_error_1h,0.5508639818785653,0.4275971882066587,0.19768493509710328,8398
28.6_-96.8,28.599999999999888,-96.80000000000055,temp_error_0h,0.5610556201604998,0.3565277464199652,0.11560252733840604,8398
28.6_-96.8,28.599999999999888,-96.80000000000055,wspd_error_0h,1.6298272760817283,0.45240974827810543,0.0003169451348994379,8398
28.6_-97.3,28.599999999999888,-97.30000000000052,temp_error_1h,0.04396777307456157,0.3136936986311544,0.8885357841132855,8398
28.6_-97.3,28.599999999999888,-97.30000000000052,wspd_error_1h,0.32510231749497276,0.4194595529337162,0.43833177759618813,8398
28.6_-97.3,28.599999999999888,-97.30000000000052,temp_error_0h,0.5355849020808839,0.31787300516887895,0.0920447987569637,8398
28.6_-97.3,28.599999999999888,-97.30000000000052,wspd_error_0h,1.9647391291442269,0.4599192536996288,1.9594284189183853e-05,8398
28.6_-97.9,28.599999999999888,-97.90000000000049,temp_error_1h,-0.5485138468212476,0.33802350301868456,0.10468930839488322,8398
28.6_-97.9,28.599999999999888,-97.90000000000049,wspd_error_1h,1.2085611198331951,0.4212349147098024,0.004126859354923962,8398
28.6_-97.9,28.599999999999888,-97.90000000000049,temp_error_0h,0.6163416851231986,0.30498030783881486,0.04331957659278851,8398
28.6_-97.9,28.599999999999888,-97.90000000000049,wspd_error_0h,1.7361536985281276,0.4426780214743806,8.854417973402917e-05,8398
28.6_-98.3,28.599999999999888,-98.30000000000047,temp_error_1h,-0.23320875700096758,0.3352539795957546,0.4866873342307543,8398
28.6_-98.3,28.599999999999888,-98.30000000000047,wspd_error_1h,2.360897139199359,0.40887281745118603,8.010355267984437e-09,8398
28.6_-98.3,28.599999999999888,-98.30000000000047,temp_error_0h,0.49038807523832223,0.2988847086351899,0.10089182923816353,8398
28.6_-98.3,28.599999999999888,-98.30000000000047,wspd_error_0h,1.2628088776528452,0.4179147916483069,0.002521290540125287,8398
28.6_-98.6,28.599999999999888,-98.60000000000045,temp_error_1h,-0.7044557229867345,0.3223996035333601,0.028913662783648153,8398
28.6_-98.6,28.599999999999888,-98.60000000000045,wspd_error_1h,1.7026073015334229,0.4188661180365437,4.8514180520209393e-05,8398
28.6_-98.6,28.599999999999888,-98.60000000000045,temp_error_0h,0.5641583936598966,0.29855697842441675,0.05884376375648759,8398
28.6_-98.6,28.599999999999888,-98.60000000000045,wspd_error_0h,0.8931497415607282,0.4017955750767683,0.026249473126940703,8398
28.6_-98.7,28.599999999999888,-98.70000000000044,temp_error_1h,-0.8831393136510312,0.3266694432369063,0.006875955716373561,8398
28.6_-98.7,28.599999999999888,-98.70000000000044,wspd_error_1h,1.3772422491797298,0.42593644834675376,0.0012278175345912246,8398
28.6_-98.7,28.599999999999888,-98.70000000000044,temp_error_0h,0.5868772438527157,0.2974871850348088,0.04855336234110763,8398
28.6_-98.7,28.599999999999888,-98.70000000000044,wspd_error_0h,0.7350889823763183,0.39291237727173484,0.06139767137993846,8398
28.6_-98.8,28.599999999999888,-98.80000000000044,temp_error_1h,-0.8676351366886944,0.3304404834331734,0.008663046087431292,8398
28.6_-98.8,28.599999999999888,-98.80000000000044,wspd_error_1h,0.9554024771626096,0.4241993236364529,0.024332393219409054,8398
28.6_-98.8,28.599999999999888,-98.80000000000044,temp_error_0h,0.5860065163540669,0.2976147542768436,0.04898490151716084,8398
28.6_-98.8,28.599999999999888,-98.80000000000044,wspd_error_0h,0.6712990542167927,0.39050094018117154,0.08563838190366035,8398
28.6_-98.9,28.599999999999888,-98.90000000000043,temp_error_1h,-0.14806238240658148,0.33146577736637367,0.6551106223195451,8398
28.6_-98.9,28.599999999999888,-98.90000000000043,wspd_error_1h,0.6703496311256428,0.4290848063344976,0.11826044851179973,8398
28.6_-98.9,28.599999999999888,-98.90000000000043,temp_error_0h,0.4592206835708608,0.2978435806146181,0.12315562032904759,8398
28.6_-98.9,28.599999999999888,-98.90000000000043,wspd_error_0h,0.6481445069965249,0.3915104514890105,0.09786120903042295,8398
28.6_-99.0,28.599999999999888,-99.00000000000043,temp_error_1h,-0.165141079833165,0.327383636853544,0.6139747907612638,8398
28.6_-99.0,28.599999999999888,-99.00000000000043,wspd_error_1h,0.9122861065004052,0.4391722147383344,0.03780568231667236,8398
28.6_-99.0,28.599999999999888,-99.00000000000043,temp_error_0h,0.4248716612926197,0.2930547329130334,0.14715096419065854,8398
28.6_-99.0,28.599999999999888,-99.00000000000043,wspd_error_0h,0.45081363403003966,0.3797286916610542,0.23518276820613426,8398
28.6_-99.2,28.599999999999888,-99.20000000000041,temp_error_1h,-0.9750787004996956,0.3349460231413687,0.0036105084449493674,8398
28.6_-99.2,28.599999999999888,-99.20000000000041,wspd_error_1h,1.243407957768214,0.4264238565792955,0.0035561076971903915,8398
28.6_-99.2,28.599999999999888,-99.20000000000041,temp_error_0h,0.47627427267617883,0.2869140084538537,0.09695406572075571,8398
28.6_-99.2,28.599999999999888,-99.20000000000041,wspd_error_0h,0.14603239243905827,0.3839559285411295,0.7037054309022637,8398
28.6_-99.3,28.599999999999888,-99.30000000000041,temp_error_1h,-1.0091653421808513,0.3400653010545538,0.0030102115652090866,8398
28.6_-99.3,28.599999999999888,-99.30000000000041,wspd_error_1h,1.0554988101747078,0.4229276694076067,0.012590166749242293,8398
28.6_-99.3,28.599999999999888,-99.30000000000041,temp_error_0h,0.4241240936512572,0.28465593806921197,0.13627422210809703,8398
28.6_-99.3,28.599999999999888,-99.30000000000041,wspd_error_0h,0.14771928902722903,0.3821488541627989,0.699099901778937,8398
28.7_-100.5,28.69999999999989,-100.50000000000034,temp_error_1h,-0.39483984104568626,0.3327189614837166,0.23537704493468237,8398
28.7_-100.5,28.69999999999989,-100.50000000000034,wspd_error_1h,1.6341632748066937,0.4262953847090593,0.0001273086825348546,8398
28.7_-100.5,28.69999999999989,-100.50000000000034,temp_error_0h,1.2309848742376786,0.2878463971411676,1.9193776212178548e-05,8398
28.7_-100.5,28.69999999999989,-100.50000000000034,wspd_error_0h,-1.0369489785971635,0.32243871891805526,0.001305053636416087,8398
28.7_-96.5,28.69999999999989,-96.50000000000057,temp_error_1h,-0.5599041072768767,0.3663165534611531,0.1264335719482832,8398
28.7_-96.5,28.69999999999989,-96.50000000000057,wspd_error_1h,2.0379940311982887,0.4667798114025961,1.2802489273822104e-05,8398
28.7_-96.5,28.69999999999989,-96.50000000000057,temp_error_0h,0.1998449783539433,0.37335144870240966,0.5924752858038664,8398
28.7_-96.5,28.69999999999989,-96.50000000000057,wspd_error_0h,0.8719216751795801,0.4272728340394234,0.04131527727867512,8398
28.7_-96.9,28.69999999999989,-96.90000000000055,temp_error_1h,-0.25139265739192496,0.3070582284797067,0.4129733507961795,8398
28.7_-96.9,28.69999999999989,-96.90000000000055,wspd_error_1h,0.61896798434083,0.41719098805356286,0.13793787545250735,8398
28.7_-96.9,28.69999999999989,-96.90000000000055,temp_error_0h,0.3877133290874656,0.32607696252080504,0.2344640167457892,8398
28.7_-96.9,28.69999999999989,-96.90000000000055,wspd_error_0h,1.8104573834620485,0.44451819369331713,4.686959556443604e-05,8398
28.7_-97.0,28.69999999999989,-97.00000000000054,temp_error_1h,-0.6078934706779537,0.3175300459588231,0.05559757046972624,8398
28.7_-97.0,28.69999999999989,-97.00000000000054,wspd_error_1h,0.885116309590594,0.4535964011384089,0.05105115962543949,8398
28.7_-97.0,28.69999999999989,-97.00000000000054,temp_error_0h,0.5075365542592907,0.3151536472977461,0.10733924947766704,8398
28.7_-97.0,28.69999999999989,-97.00000000000054,wspd_error_0h,1.856516264968339,0.44019422533148156,2.4963929783572425e-05,8398
28.7_-97.2,28.69999999999989,-97.20000000000053,temp_error_1h,0.09671498400294606,0.3138000485017383,0.7579334484591826,8398
28.7_-97.2,28.69999999999989,-97.20000000000053,wspd_error_1h,0.4520780512180909,0.44964819678499063,0.31473151501977936,8398
28.7_-97.2,28.69999999999989,-97.20000000000053,temp_error_0h,0.4101806787924363,0.30871975754092956,0.18399956499496128,8398
28.7_-97.2,28.69999999999989,-97.20000000000053,wspd_error_0h,1.9967317561304414,0.45532149672397865,1.17232704044401e-05,8398
28.7_-97.3,28.69999999999989,-97.30000000000052,temp_error_1h,0.042819252294403976,0.3111748040547774,0.8905558089732859,8398
28.7_-97.3,28.69999999999989,-97.30000000000052,wspd_error_1h,0.3226969917824653,0.4221986403239069,0.4446951506847061,8398
28.7_-97.3,28.69999999999989,-97.30000000000052,temp_error_0h,0.4450115129540476,0.3059314754126931,0.14581434275408922,8398
28.7_-97.3,28.69999999999989,-97.30000000000052,wspd_error_0h,2.1000295263033126,0.4565084682778488,4.283044628516919e-06,8398
28.7_-98.0,28.69999999999989,-98.00000000000048,temp_error_1h,-0.7359208475931273,0.34910167493104033,0.035057091432494136,8398
28.7_-98.0,28.69999999999989,-98.00000000000048,wspd_error_1h,0.3156191331462114,0.3989913800986674,0.42894165090286185,8398
28.7_-98.0,28.69999999999989,-98.00000000000048,temp_error_0h,0.6703368772572519,0.29860868982977085,0.024802705597992247,8398
28.7_-98.0,28.69999999999989,-98.00000000000048,wspd_error_0h,1.9247515526835903,0.4227797385937586,5.373386656737367e-06,8398
28.7_-98.1,28.69999999999989,-98.10000000000048,temp_error_1h,-0.01104404367764603,0.3455316524516439,0.9745027467961367,8398
28.7_-98.1,28.69999999999989,-98.10000000000048,wspd_error_1h,0.8890905264026205,0.3878552221740737,0.021911590249333424,8398
28.7_-98.1,28.69999999999989,-98.10000000000048,temp_error_0h,0.45629812253818325,0.3001809802888666,0.12852952820920827,8398
28.7_-98.1,28.69999999999989,-98.10000000000048,wspd_error_0h,1.8066200121003966,0.423902927470351,2.0494770109014127e-05,8398
28.7_-98.2,28.69999999999989,-98.20000000000047,temp_error_1h,0.052608713862108934,0.34424862620610863,0.8785424517721647,8398
28.7_-98.2,28.69999999999989,-98.20000000000047,wspd_error_1h,1.188519947167449,0.3974241940233632,0.0027928042371421213,8398
28.7_-98.2,28.69999999999989,-98.20000000000047,temp_error_0h,0.42245441095404884,0.2966361265972947,0.1544403271124215,8398
28.7_-98.2,28.69999999999989,-98.20000000000047,wspd_error_0h,1.71343820688572,0.41379693926115774,3.495457527047385e-05,8398
28.7_-98.3,28.69999999999989,-98.30000000000047,temp_error_1h,-0.22187988073519566,0.33405230051162244,0.5065761525239014,8398
28.7_-98.3,28.69999999999989,-98.30000000000047,wspd_error_1h,1.4319829359346918,0.40125291145395303,0.0003606599601084781,8398
28.7_-98.3,28.69999999999989,-98.30000000000047,temp_error_0h,0.48915221990533236,0.2944544726470571,0.09670776619548538,8398
28.7_-98.3,28.69999999999989,-98.30000000000047,wspd_error_0h,1.496777911826236,0.4086891707953923,0.0002514200795349364,8398
28.7_-98.5,28.69999999999989,-98.50000000000045,temp_error_1h,-0.673985463994607,0.3202510978686385,0.03536000909219261,8398
28.7_-98.5,28.69999999999989,-98.50000000000045,wspd_error_1h,1.6492214394474958,0.40566443564670457,4.8372962898612926e-05,8398
28.7_-98.5,28.69999999999989,-98.50000000000045,temp_error_0h,0.5805377838063239,0.2913823314239875,0.04636432337717844,8398
28.7_-98.5,28.69999999999989,-98.50000000000045,wspd_error_0h,0.9381285942076089,0.39048669082026843,0.01630689993866441,8398
28.7_-99.0,28.69999999999989,-99.00000000000043,temp_error_1h,0.12055782898605062,0.3262060390649593,0.7117080164158462,8398
28.7_-99.0,28.69999999999989,-99.00000000000043,wspd_error_1h,0.1561001146612978,0.43530107730214573,0.7199014324764805,8398
28.7_-99.0,28.69999999999989,-99.00000000000043,temp_error_0h,0.4279506210729137,0.2882680309024304,0.13769865965220807,8398
28.7_-99.0,28.69999999999989,-99.00000000000043,wspd_error_0h,0.6072630652219285,0.37554674645101616,0.10591374255970987,8398
28.7_-99.1,28.69999999999989,-99.10000000000042,temp_error_1h,-0.5798973875604924,0.3204295831787055,0.0703705032499129,8398
28.7_-99.1,28.69999999999989,-99.10000000000042,wspd_error_1h,0.9935927195688687,0.43369735760071415,0.021989247309377236,8398
28.7_-99.1,28.69999999999989,-99.10000000000042,temp_error_0h,0.5216690716578659,0.28742680753813804,0.06956540492732799,8398
28.7_-99.1,28.69999999999989,-99.10000000000042,wspd_error_0h,0.402794053268649,0.3863247423493804,0.29714950844558197,8398
28.7_-99.2,28.69999999999989,-99.20000000000041,temp_error_1h,-0.9561065685293043,0.3298253202727593,0.0037553625289341586,8398
28.7_-99.2,28.69999999999989,-99.20000000000041,wspd_error_1h,1.376658376253042,0.43266128321725134,0.0014687896681280233,8398
28.7_-99.2,28.69999999999989,-99.20000000000041,temp_error_0h,0.5196637188933144,0.283234495087828,0.06657867374185833,8398
28.7_-99.2,28.69999999999989,-99.20000000000041,wspd_error_0h,0.31120020147543725,0.3810087368567685,0.4140776207928416,8398
28.8_-100.6,28.79999999999989,-100.60000000000034,temp_error_1h,-0.3494557004904742,0.31839744609324283,0.27243460579940604,8398
28.8_-100.6,28.79999999999989,-100.60000000000034,wspd_error_1h,1.5874386705038643,0.3727752638270672,2.0811812386112294e-05,8398
28.8_-100.6,28.79999999999989,-100.60000000000034,temp_error_0h,1.1994274231704694,0.2845965225406774,2.5298427648534627e-05,8398
28.8_-100.6,28.79999999999989,-100.60000000000034,wspd_error_0h,-1.1143027201191131,0.3224095658774196,0.000550632079111768,8398
28.8_-95.9,28.79999999999989,-95.9000000000006,temp_error_1h,-0.8781605201936115,0.3636100840912278,0.015751528374917,8398
28.8_-95.9,28.79999999999989,-95.9000000000006,wspd_error_1h,1.893274859716352,0.46638791975702465,4.9638696318909936e-05,8398
28.8_-95.9,28.79999999999989,-95.9000000000006,temp_error_0h,-0.1680660227152939,0.3680319319025978,0.647926220448138,8398
28.8_-95.9,28.79999999999989,-95.9000000000006,wspd_error_0h,1.5698868582988283,0.46357119243845374,0.0007111497835601277,8398
28.8_-96.0,28.79999999999989,-96.0000000000006,temp_error_1h,-0.5561262908642156,0.385358823632811,0.14901884555276124,8398
28.8_-96.0,28.79999999999989,-96.0000000000006,wspd_error_1h,2.170496550377909,0.473655538009439,4.662564671242819e-06,8398
28.8_-96.0,28.79999999999989,-96.0000000000006,temp_error_0h,-0.15204385311087185,0.36258843330252666,0.6749864685734273,8398
28.8_-96.0,28.79999999999989,-96.0000000000006,wspd_error_0h,1.4272278076460623,0.45844956249850904,0.0018571949070937954,8398
28.8_-97.0,28.79999999999989,-97.00000000000054,temp_error_1h,-0.09797951972423301,0.3201132965790361,0.7595531636538821,8398
28.8_-97.0,28.79999999999989,-97.00000000000054,wspd_error_1h,0.6052981674373148,0.46275726313266247,0.19090073930427942,8398
28.8_-97.0,28.79999999999989,-97.00000000000054,temp_error_0h,0.34115593911491654,0.30906977124794455,0.26970505663361943,8398
28.8_-97.0,28.79999999999989,-97.00000000000054,wspd_error_0h,1.9890926921727725,0.4470650898975878,8.729723551814672e-06,8398
28.8_-97.1,28.79999999999989,-97.10000000000053,temp_error_1h,0.005849680976144797,0.3162743541532583,0.9852439367336836,8398
28.8_-97.1,28.79999999999989,-97.10000000000053,wspd_error_1h,0.6573048930985164,0.42392506955671166,0.12105429183952365,8398
28.8_-97.1,28.79999999999989,-97.10000000000053,temp_error_0h,0.3355168748522895,0.30761528315790687,0.2754350935199201,8398
28.8_-97.1,28.79999999999989,-97.10000000000053,wspd_error_0h,2.033613797155061,0.45681058330508273,8.62723646632979e-06,8398
28.8_-97.3,28.79999999999989,-97.30000000000052,temp_error_1h,-0.1673984128921021,0.31309801653566294,0.5929048940923916,8398
28.8_-97.3,28.79999999999989,-97.30000000000052,wspd_error_1h,0.7410621562115762,0.4432054629952491,0.09455169745363046,8398
28.8_-97.3,28.79999999999989,-97.30000000000052,temp_error_0h,0.3640265579887722,0.2976998354426484,0.2214407480805567,8398
28.8_-97.3,28.79999999999989,-97.30000000000052,wspd_error_0h,2.147932102348963,0.4530492957786891,2.1612485030519935e-06,8398
28.8_-97.6,28.79999999999989,-97.6000000000005,temp_error_1h,-0.8467658339063096,0.33261315572092676,0.010920634446479394,8398
28.8_-97.6,28.79999999999989,-97.6000000000005,wspd_error_1h,0.3682614129115834,0.42180229559219795,0.38265197300882936,8398
28.8_-97.6,28.79999999999989,-97.6000000000005,temp_error_0h,0.5242640016929008,0.29441510476350824,0.07499833539653089,8398
28.8_-97.6,28.79999999999989,-97.6000000000005,wspd_error_0h,2.4747724530209863,0.43710116246190267,1.5476449455320562e-08,8398
28.8_-97.7,28.79999999999989,-97.7000000000005,temp_error_1h,-0.9876173624355725,0.33312956274821764,0.0030386906069508335,8398
28.8_-97.7,28.79999999999989,-97.7000000000005,wspd_error_1h,1.3231688638382215,0.4268851912317755,0.0019443312563796056,8398
28.8_-97.7,28.79999999999989,-97.7000000000005,temp_error_0h,0.6468934518313268,0.2930463676291396,0.027307745597845212,8398
28.8_-97.7,28.79999999999989,-97.7000000000005,wspd_error_0h,2.2546136509831194,0.4301900993567019,1.6363732413537946e-07,8398
28.8_-97.8,28.79999999999989,-97.8000000000005,temp_error_1h,-1.0618936155906926,0.329158797266105,0.0012598027990937677,8398
28.8_-97.8,28.79999999999989,-97.8000000000005,wspd_error_1h,1.15107096943044,0.4147547628732427,0.005527256738455444,8398
28.8_-97.8,28.79999999999989,-97.8000000000005,temp_error_0h,0.6435545044065208,0.2920225547351596,0.027566743025103202,8398
28.8_-97.8,28.79999999999989,-97.8000000000005,wspd_error_0h,2.286620631907694,0.42593568991195024,8.15416634214472e-08,8398
28.8_-97.9,28.79999999999989,-97.90000000000049,temp_error_1h,-0.8834882811815005,0.33315670457562985,0.008019849046311478,8398
28.8_-97.9,28.79999999999989,-97.90000000000049,wspd_error_1h,1.0176046380875698,0.4005059814580456,0.011077925157148893,8398
28.8_-97.9,28.79999999999989,-97.90000000000049,temp_error_0h,0.6299087243195381,0.29434385654517325,0.03238010507219391,8398
28.8_-97.9,28.79999999999989,-97.90000000000049,wspd_error_0h,2.192319742692012,0.4266450294582456,2.8319000522358806e-07,8398
28.8_-98.0,28.79999999999989,-98.00000000000048,temp_error_1h,-0.47713766635335153,0.3453178095571862,0.16709005610441552,8398
28.8_-98.0,28.79999999999989,-98.00000000000048,wspd_error_1h,0.7289916065067693,0.4039404112349416,0.07115749323108145,8398
28.8_-98.0,28.79999999999989,-98.00000000000048,temp_error_0h,0.5598752414287156,0.2939239663112448,0.056836449096595576,8398
28.8_-98.0,28.79999999999989,-98.00000000000048,wspd_error_0h,2.0587783325511735,0.41690832422043833,8.037315908371312e-07,8398
28.8_-98.1,28.79999999999989,-98.10000000000048,temp_error_1h,-0.10418265271700096,0.34331827680616434,0.7615484607460754,8398
28.8_-98.1,28.79999999999989,-98.10000000000048,wspd_error_1h,0.5928801591156586,0.3851061961704835,0.12371433426253908,8398
28.8_-98.1,28.79999999999989,-98.10000000000048,temp_error_0h,0.4937716246665547,0.29637129781911714,0.09573944380291022,8398
28.8_-98.1,28.79999999999989,-98.10000000000048,wspd_error_0h,2.0688195466501886,0.4190808201577221,8.104940709685593e-07,8398
28.8_-98.3,28.79999999999989,-98.30000000000047,temp_error_1h,-0.3342975169424371,0.32887218664257073,0.30942231322434344,8398
28.8_-98.3,28.79999999999989,-98.30000000000047,wspd_error_1h,0.8497475267071872,0.38016532614205845,0.02543019492388776,8398
28.8_-98.3,28.79999999999989,-98.30000000000047,temp_error_0h,0.5287987712625425,0.29057579477503903,0.06882054365843437,8398
28.8_-98.3,28.79999999999989,-98.30000000000047,wspd_error_0h,1.7019843185033299,0.40631873018906045,2.8332692828536565e-05,8398
28.8_-98.4,28.79999999999989,-98.40000000000046,temp_error_1h,-0.12369823965113332,0.3158023837386999,0.6952935148720945,8398
28.8_-98.4,28.79999999999989,-98.40000000000046,wspd_error_1h,1.1110848004516845,0.397716545015348,0.005223389063516715,8398
28.8_-98.4,28.79999999999989,-98.40000000000046,temp_error_0h,0.4854219203515699,0.2907292100401773,0.09502207476862945,8398
28.8_-98.4,28.79999999999989,-98.40000000000046,wspd_error_0h,1.400935672195714,0.4025866398981161,0.0005042798364742751,8398
28.8_-99.1,28.79999999999989,-99.10000000000042,temp_error_1h,-0.5579442723075027,0.312299041533197,0.07404316607387185,8398
28.8_-99.1,28.79999999999989,-99.10000000000042,wspd_error_1h,0.24898397692211602,0.43082703915027837,0.5633330551561451,8398
28.8_-99.1,28.79999999999989,-99.10000000000042,temp_error_0h,0.5329603258540033,0.2850055216104794,0.06151875620104419,8398
28.8_-99.1,28.79999999999989,-99.10000000000042,wspd_error_0h,0.744304022019094,0.38373448723412507,0.052457934832866426,8398
28.8_-99.2,28.79999999999989,-99.20000000000041,temp_error_1h,-0.32683035067764216,0.2924488419783486,0.2637853040756335,8398
28.8_-99.2,28.79999999999989,-99.20000000000041,wspd_error_1h,1.2268058165209113,0.43615530343536435,0.004923093554471958,8398
28.8_-99.2,28.79999999999989,-99.20000000000041,temp_error_0h,0.4175037045693113,0.2797530319560827,0.13563180574299905,8398
28.8_-99.2,28.79999999999989,-99.20000000000041,wspd_error_0h,0.5471835969283563,0.37906426203353394,0.14891394141228464,8398
28.9_-96.0,28.899999999999892,-96.0000000000006,temp_error_1h,-0.4989519654301747,0.3521090102426372,0.1565090017747679,8398
28.9_-96.0,28.899999999999892,-96.0000000000006,wspd_error_1h,2.1793820572116096,0.4569913632532163,1.882963483579303e-06,8398
28.9_-96.0,28.899999999999892,-96.0000000000006,temp_error_0h,-0.11613291056689545,0.34319159953758266,0.7350771407094747,8398
28.9_-96.0,28.899999999999892,-96.0000000000006,wspd_error_0h,1.2607006945092634,0.45892088656432406,0.006025398774104129,8398
28.9_-97.0,28.899999999999892,-97.00000000000054,temp_error_1h,0.07574284103192956,0.30965738096252127,0.8067705553837043,8398
28.9_-97.0,28.899999999999892,-97.00000000000054,wspd_error_1h,0.8645170800558725,0.4377696229645587,0.048321219330026643,8398
28.9_-97.0,28.899999999999892,-97.00000000000054,temp_error_0h,0.2729020355130703,0.30770676456063756,0.3751636801865075,8398
28.9_-97.0,28.899999999999892,-97.00000000000054,wspd_error_0h,1.8645039001083317,0.45513804408575953,4.232798408421168e-05,8398
28.9_-97.1,28.899999999999892,-97.10000000000053,temp_error_1h,-0.17242530959296642,0.31957095538700425,0.5895200548211998,8398
28.9_-97.1,28.899999999999892,-97.10000000000053,wspd_error_1h,0.9919535261093557,0.44065369189837783,0.024405371944594467,8398
28.9_-97.1,28.899999999999892,-97.10000000000053,temp_error_0h,0.3194982363950407,0.3050911871695774,0.2950274406341662,8398
28.9_-97.1,28.899999999999892,-97.10000000000053,wspd_error_0h,1.9482897111882604,0.4640619722467843,2.7166721182414477e-05,8398
28.9_-97.2,28.899999999999892,-97.20000000000053,temp_error_1h,-0.2566861922427281,0.3186175043462604,0.42048209331742425,8398
28.9_-97.2,28.899999999999892,-97.20000000000053,wspd_error_1h,0.9528170132673701,0.43877600201559924,0.02991886934326682,8398
28.9_-97.2,28.899999999999892,-97.20000000000053,temp_error_0h,0.3321053512690832,0.29907827209595456,0.26684592268623564,8398
28.9_-97.2,28.899999999999892,-97.20000000000053,wspd_error_0h,2.0511848517373945,0.45842070769345655,7.761876827494518e-06,8398
28.9_-97.3,28.899999999999892,-97.30000000000052,temp_error_1h,0.06244115404648991,0.3081918812326655,0.8394488716737363,8398
28.9_-97.3,28.899999999999892,-97.30000000000052,wspd_error_1h,0.9834209744272278,0.4421111008589005,0.02614982334288385,8398
28.9_-97.3,28.899999999999892,-97.30000000000052,temp_error_0h,0.2820188863313713,0.294590779548815,0.3384313337997531,8398
28.9_-97.3,28.899999999999892,-97.30000000000052,wspd_error_0h,2.1015475835813184,0.45052976317061416,3.1400072422194114e-06,8398
28.9_-97.4,28.899999999999892,-97.40000000000052,temp_error_1h,0.15389015546816634,0.2995517353209643,0.6074509910350359,8398
28.9_-97.4,28.899999999999892,-97.40000000000052,wspd_error_1h,1.0611100363522328,0.44122798838355787,0.01619841671763167,8398
28.9_-97.4,28.899999999999892,-97.40000000000052,temp_error_0h,0.26096292335788795,0.2924236011145839,0.3721967538121238,8398
28.9_-97.4,28.899999999999892,-97.40000000000052,wspd_error_0h,2.111476610041653,0.4454626770364773,2.1729086336907955e-06,8398
28.9_-97.5,28.899999999999892,-97.50000000000051,temp_error_1h,-0.3390264965451973,0.3165483576549596,0.28419580965435975,8398
28.9_-97.5,28.899999999999892,-97.50000000000051,wspd_error_1h,1.0043344181436722,0.4413918391288629,0.02290831866338805,8398
28.9_-97.5,28.899999999999892,-97.50000000000051,temp_error_0h,0.3494857323650566,0.2881622240548855,0.22523714789982674,8398
28.9_-97.5,28.899999999999892,-97.50000000000051,wspd_error_0h,2.1619054827008743,0.43036525960898675,5.181059663517118e-07,8398
28.9_-97.6,28.899999999999892,-97.6000000000005,temp_error_1h,-0.7416386926278397,0.33206918949612046,0.02554986461386366,8398
28.9_-97.6,28.899999999999892,-97.6000000000005,wspd_error_1h,0.6183862715729325,0.41695406759140435,0.13808447868908846,8398
28.9_-97.6,28.899999999999892,-97.6000000000005,temp_error_0h,0.5434072704927325,0.2937304022140566,0.0643458734550959,8398
28.9_-97.6,28.899999999999892,-97.6000000000005,wspd_error_0h,2.3762818415556533,0.4358816776889505,5.1322714966772764e-08,8398
28.9_-97.7,28.899999999999892,-97.7000000000005,temp_error_1h,-0.5792468207339188,0.33109095410698214,0.08023967005662502,8398
28.9_-97.7,28.899999999999892,-97.7000000000005,wspd_error_1h,0.22364008164172214,0.4163447794201085,0.5911775061482183,8398
28.9_-97.7,28.899999999999892,-97.7000000000005,temp_error_0h,0.5904595069732578,0.29264379773562355,0.0436572263523094,8398
28.9_-97.7,28.899999999999892,-97.7000000000005,wspd_error_0h,2.5177307094394545,0.42908008894948235,4.586093282910042e-09,8398
28.9_-98.3,28.899999999999892,-98.30000000000047,temp_error_1h,-0.2366593830948814,0.3276864025823457,0.47018373617844134,8398
28.9_-98.3,28.899999999999892,-98.30000000000047,wspd_error_1h,0.8764291135905982,0.3895646141677505,0.024489738113130377,8398
28.9_-98.3,28.899999999999892,-98.30000000000047,temp_error_0h,0.5455654457069612,0.287969695814563,0.05819001090054665,8398
28.9_-98.3,28.899999999999892,-98.30000000000047,wspd_error_0h,1.868047858866904,0.41368638879047,6.399926483657836e-06,8398
28.9_-98.4,28.899999999999892,-98.40000000000046,temp_error_1h,0.27339765902621155,0.29459009306464756,0.3534025888834571,8398
28.9_-98.4,28.899999999999892,-98.40000000000046,wspd_error_1h,1.2906246545870974,0.3980968627124424,0.0011916519300154693,8398
28.9_-98.4,28.899999999999892,-98.40000000000046,temp_error_0h,0.44836438300305004,0.28642092957432447,0.11752614857088295,8398
28.9_-98.4,28.899999999999892,-98.40000000000046,wspd_error_0h,1.574398872093862,0.4086612865741245,0.0001177556119666967,8398
28.9_-98.5,28.899999999999892,-98.50000000000045,temp_error_1h,0.014875969265452425,0.3084467133858141,0.9615351682036479,8398
28.9_-98.5,28.899999999999892,-98.50000000000045,wspd_error_1h,0.8680672025243641,0.4019962094660721,0.030848168980215585,8398
28.9_-98.5,28.899999999999892,-98.50000000000045,temp_error_0h,0.5165671525792939,0.28353589544133534,0.06850958259909667,8398
28.9_-98.5,28.899999999999892,-98.50000000000045,wspd_error_0h,1.4905856620924587,0.39599094834631626,0.00016823377936203698,8398
28.9_-99.0,28.899999999999892,-99.00000000000043,temp_error_1h,-0.3381390054994742,0.3099025378899428,0.27525417283443665,8398
28.9_-99.0,28.899999999999892,-99.00000000000043,wspd_error_1h,0.47843420757754795,0.40679005620546715,0.23958015109510766,8398
28.9_-99.0,28.899999999999892,-99.00000000000043,temp_error_0h,0.6155520550645022,0.2804831486176203,0.0282187684265498,8398
28.9_-99.0,28.899999999999892,-99.00000000000043,wspd_error_0h,0.7001786061974397,0.37730181067414453,0.06352409350157995,8398
28.9_-99.1,28.899999999999892,-99.10000000000042,temp_error_1h,-0.62878345668069,0.3125068245814311,0.04424531715164437,8398
28.9_-99.1,28.899999999999892,-99.10000000000042,wspd_error_1h,0.3798748078858822,0.4334779689729844,0.38086950899210437,8398
28.9_-99.1,28.899999999999892,-99.10000000000042,temp_error_0h,0.612101061147414,0.28371227095318213,0.03099738064943236,8398
28.9_-99.1,28.899999999999892,-99.10000000000042,wspd_error_0h,0.8521926450552548,0.3849977294957972,0.026890072402546483,8398
28.9_-99.2,28.899999999999892,-99.20000000000041,temp_error_1h,-0.26771613000905725,0.2770204184291392,0.33386553682591114,8398
28.9_-99.2,28.899999999999892,-99.20000000000041,wspd_error_1h,1.3866096811686164,0.4448815879459535,0.0018344188427670272,8398
28.9_-99.2,28.899999999999892,-99.20000000000041,temp_error_0h,0.4625544996056842,0.2787137894319929,0.09703168297341791,8398
28.9_-99.2,28.899999999999892,-99.20000000000041,wspd_error_0h,0.6777895980877231,0.3809565534890137,0.07524689076607083,8398
29.0_-95.3,28.999999999999893,-95.30000000000064,temp_error_1h,-0.704197360397439,0.3816696555713254,0.0650664816307216,8398
29.0_-95.3,28.999999999999893,-95.30000000000064,wspd_error_1h,2.0058797226926623,0.4671497684364221,1.7757056746336985e-05,8398
29.0_-95.3,28.999999999999893,-95.30000000000064,temp_error_0h,0.2990435767842954,0.41164892331552416,0.4675814862582752,8398
29.0_-95.3,28.999999999999893,-95.30000000000064,wspd_error_0h,1.7727569765269307,0.4988272227530886,0.0003817316992067443,8398
29.0_-95.4,28.999999999999893,-95.40000000000063,temp_error_1h,-0.13194545246579606,0.34232633307098653,0.6999230143826662,8398
29.0_-95.4,28.999999999999893,-95.40000000000063,wspd_error_1h,2.495446996890776,0.4823944311460414,2.3566039075717526e-07,8398
29.0_-95.4,28.999999999999893,-95.40000000000063,temp_error_0h,0.5497161295831969,0.38878926847139833,0.1574232464726042,8398
29.0_-95.4,28.999999999999893,-95.40000000000063,wspd_error_0h,1.7717497910140232,0.4929864706935121,0.00032762568747268794,8398
29.0_-95.9,28.999999999999893,-95.9000000000006,temp_error_1h,-0.724919259038315,0.33733872923314967,0.03166813147453018,8398
29.0_-95.9,28.999999999999893,-95.9000000000006,wspd_error_1h,1.9606828866017125,0.4478795264642305,1.2139700565461098e-05,8398
29.0_-95.9,28.999999999999893,-95.9000000000006,temp_error_0h,0.19702375500492328,0.3249218067559237,0.5442836796775326,8398
29.0_-95.9,28.999999999999893,-95.9000000000006,wspd_error_0h,1.407866856628791,0.4517758947845234,0.0018375996861152988,8398
29.0_-96.0,28.999999999999893,-96.0000000000006,temp_error_1h,-0.5795795814662061,0.3519800419612121,0.09967249304932557,8398
29.0_-96.0,28.999999999999893,-96.0000000000006,wspd_error_1h,2.4783242329449418,0.4573084300522258,6.147513831322726e-08,8398
29.0_-96.0,28.999999999999893,-96.0000000000006,temp_error_0h,-0.04722406670667836,0.31303480494104924,0.8800907133337712,8398
29.0_-96.0,28.999999999999893,-96.0000000000006,wspd_error_0h,1.1541999986661473,0.4423900126941814,0.009096633796269904,8398
29.0_-96.1,28.999999999999893,-96.10000000000059,temp_error_1h,-0.5043817063981492,0.35745573390328844,0.15827222024452214,8398
29.0_-96.1,28.999999999999893,-96.10000000000059,wspd_error_1h,2.3493470349100134,0.435081466981535,6.855276168948876e-08,8398
29.0_-96.1,28.999999999999893,-96.10000000000059,temp_error_0h,0.17980801283937542,0.31690564534737015,0.5704668024670547,8398
29.0_-96.1,28.999999999999893,-96.10000000000059,wspd_error_0h,1.0742009868338813,0.44958640781948084,0.01690212617651876,8398
29.0_-97.0,28.999999999999893,-97.00000000000054,temp_error_1h,-0.09934114549125832,0.3097951471259042,0.7484706174640925,8398
29.0_-97.0,28.999999999999893,-97.00000000000054,wspd_error_1h,1.5720145439724529,0.43257713359975836,0.00028066217061128995,8398
29.0_-97.0,28.999999999999893,-97.00000000000054,temp_error_0h,0.18366535162698316,0.29809413458631034,0.5378241507060815,8398
29.0_-97.0,28.999999999999893,-97.00000000000054,wspd_error_0h,1.534508701128935,0.4412761714039902,0.0005088142402260853,8398
29.0_-97.1,28.999999999999893,-97.10000000000053,temp_error_1h,-0.0002440205193158716,0.311198200420078,0.9993743718325179,8398
29.0_-97.1,28.999999999999893,-97.10000000000053,wspd_error_1h,1.1201120169234864,0.4234455409289673,0.008178750754110897,8398
29.0_-97.1,28.999999999999893,-97.10000000000053,temp_error_0h,0.20918295592051236,0.2971147172360452,0.4814226402319306,8398
29.0_-97.1,28.999999999999893,-97.10000000000053,wspd_error_0h,1.7897190006196622,0.44885828008099987,6.740746237099415e-05,8398
29.0_-97.2,28.999999999999893,-97.20000000000053,temp_error_1h,-0.37655159516084363,0.31643796370323357,0.2340921013829309,8398
29.0_-97.2,28.999999999999893,-97.20000000000053,wspd_error_1h,1.5089850096995192,0.44502321483391905,0.0007001159665620538,8398
29.0_-97.2,28.999999999999893,-97.20000000000053,temp_error_0h,0.32429519491184183,0.2883798891204126,0.2608156158595625,8398
29.0_-97.2,28.999999999999893,-97.20000000000053,wspd_error_0h,1.827658497616696,0.4414666093834189,3.507654803636129e-05,8398
29.0_-98.3,28.999999999999893,-98.30000000000047,temp_error_1h,0.1776060388506908,0.30552017082632127,0.5610381608319099,8398
29.0_-98.3,28.999999999999893,-98.30000000000047,wspd_error_1h,0.7299368948260943,0.38754046760555644,0.05966579114123527,8398
29.0_-98.3,28.999999999999893,-98.30000000000047,temp_error_0h,0.4462858261354885,0.27902090005335495,0.10975380316413075,8398
29.0_-98.3,28.999999999999893,-98.30000000000047,wspd_error_0h,1.904655939007003,0.4022303224000049,2.2240221424496553e-06,8398
29.0_-98.4,28.999999999999893,-98.40000000000046,temp_error_1h,0.00862292731700852,0.3034752175444709,0.9773326829038895,8398
29.0_-98.4,28.999999999999893,-98.40000000000046,wspd_error_1h,0.5665936712402493,0.40030023402100223,0.15698213424703433,8398
29.0_-98.4,28.999999999999893,-98.40000000000046,temp_error_0h,0.47847314600616453,0.27841235404375086,0.08572841301819278,8398
29.0_-98.4,28.999999999999893,-98.40000000000046,wspd_error_0h,1.858603754478186,0.39828542403785944,3.111232597330371e-06,8398
29.0_-98.5,28.999999999999893,-98.50000000000045,temp_error_1h,0.2026223122007536,0.2849954928866109,0.47712470006317353,8398
29.0_-98.5,28.999999999999893,-98.50000000000045,wspd_error_1h,0.7749994692442564,0.4071497054583408,0.057012859366316615,8398
29.0_-98.5,28.999999999999893,-98.50000000000045,temp_error_0h,0.452885650093614,0.27302685996741205,0.09720197793514451,8398
29.0_-98.5,28.999999999999893,-98.50000000000045,wspd_error_0h,1.597810589852294,0.38691982560414256,3.6698844752436344e-05,8398
29.0_-98.6,28.999999999999893,-98.60000000000045,temp_error_1h,-0.033908494444463616,0.2825751240672615,0.9044874918583758,8398
29.0_-98.6,28.999999999999893,-98.60000000000045,wspd_error_1h,0.7776869576336478,0.41321442052807805,0.05986501610208328,8398
29.0_-98.6,28.999999999999893,-98.60000000000045,temp_error_0h,0.572104671231343,0.27598346902155646,0.03820591435722154,8398
29.0_-98.6,28.999999999999893,-98.60000000000045,wspd_error_0h,1.5172416712036831,0.39162627928505267,0.00010778919814624643,8398
29.0_-99.0,28.999999999999893,-99.00000000000043,temp_error_1h,-0.3825698050702422,0.31597511106421816,0.22602191084079526,8398
29.0_-99.0,28.999999999999893,-99.00000000000043,wspd_error_1h,0.7642837029410326,0.4048002723008943,0.05905367025946484,8398
29.0_-99.0,28.999999999999893,-99.00000000000043,temp_error_0h,0.6779521862679461,0.2723075116396218,0.012805952111392127,8398
29.0_-99.0,28.999999999999893,-99.00000000000043,wspd_error_0h,0.6356950503755182,0.36626186013579914,0.08266615294263402,8398
29.1_-95.4,29.099999999999895,-95.40000000000063,temp_error_1h,0.2039728966941732,0.326685731430519,0.5324014141106179,8398
29.1_-95.4,29.099999999999895,-95.40000000000063,wspd_error_1h,2.363800527812508,0.4597800439071765,2.792438589249713e-07,8398
29.1_-95.4,29.099999999999895,-95.40000000000063,temp_error_0h,0.7496248040883198,0.37658774148051044,0.0465605425832778,8398
29.1_-95.4,29.099999999999895,-95.40000000000063,wspd_error_0h,1.5034754021937682,0.49837733910501725,0.0025627693334020485,8398
29.1_-95.6,29.099999999999895,-95.60000000000062,temp_error_1h,-0.30926264643149964,0.33923956568192837,0.36198721323979255,8398
29.1_-95.6,29.099999999999895,-95.60000000000062,wspd_error_1h,2.2129293108390775,0.47331650791395374,2.9802559766700654e-06,8398
29.1_-95.6,29.099999999999895,-95.60000000000062,temp_error_0h,0.2754694671209472,0.34287089421288486,0.42175464733046475,8398
29.1_-95.6,29.099999999999895,-95.60000000000062,wspd_error_0h,1.5169275668104634,0.47810543002154654,0.0015152913056803996,8398
29.1_-95.7,29.099999999999895,-95.70000000000061,temp_error_1h,-0.3926000766543099,0.32315737003254247,0.22444306156464,8398
29.1_-95.7,29.099999999999895,-95.70000000000061,wspd_error_1h,2.201869213233222,0.4667155361280692,2.4228244119850473e-06,8398
29.1_-95.7,29.099999999999895,-95.70000000000061,temp_error_0h,0.2756065351486328,0.33531228694019677,0.4111345758046723,8398
29.1_-95.7,29.099999999999895,-95.70000000000061,wspd_error_0h,1.4143729488783583,0.4686315836579536,0.0025513901087823587,8398
29.1_-95.9,29.099999999999895,-95.9000000000006,temp_error_1h,-0.6192855398916914,0.33739256806274043,0.06646650721954117,8398
29.1_-95.9,29.099999999999895,-95.9000000000006,wspd_error_1h,2.3383587453562305,0.4529253896285278,2.489017767448587e-07,8398
29.1_-95.9,29.099999999999895,-95.9000000000006,temp_error_0h,0.3713794843468891,0.3260305340284749,0.2546965278048037,8398
29.1_-95.9,29.099999999999895,-95.9000000000006,wspd_error_0h,1.2001340797659965,0.47005879645174503,0.010692734469426535,8398
29.1_-96.3,29.099999999999895,-96.30000000000058,temp_error_1h,-0.37380247565965646,0.34612697073653875,0.28019220180162274,8398
29.1_-96.3,29.099999999999895,-96.30000000000058,wspd_error_1h,2.1934256807132395,0.4229254054864985,2.1952313256079492e-07,8398
29.1_-96.3,29.099999999999895,-96.30000000000058,temp_error_0h,0.3205850054514505,0.31655701246576656,0.3112211503655231,8398
29.1_-96.3,29.099999999999895,-96.30000000000058,wspd_error_0h,1.2697291014406789,0.4711618010642358,0.007055276181922698,8398
29.1_-96.5,29.099999999999895,-96.50000000000057,temp_error_1h,-0.8482428457054566,0.3253185347440464,0.009138890482018436,8398
29.1_-96.5,29.099999999999895,-96.50000000000057,wspd_error_1h,1.7334639833568848,0.42975086853590655,5.540630679368164e-05,8398
29.1_-96.5,29.099999999999895,-96.50000000000057,temp_error_0h,0.44130949043334305,0.3103130024731455,0.15502204247607265,8398
29.1_-96.5,29.099999999999895,-96.50000000000057,wspd_error_0h,1.5481564095001412,0.46153589213012,0.000799034916944219,8398
29.1_-96.8,29.099999999999895,-96.80000000000055,temp_error_1h,-0.25994192734456323,0.293926510779901,0.376518030298443,8398
29.1_-96.8,29.099999999999895,-96.80000000000055,wspd_error_1h,1.5500587577371825,0.4702068415234541,0.0009828974119494571,8398
29.1_-96.8,29.099999999999895,-96.80000000000055,temp_error_0h,0.1998684409547159,0.3081550494237989,0.5166167178852865,8398
29.1_-96.8,29.099999999999895,-96.80000000000055,wspd_error_0h,1.5605618989119765,0.46219644239861984,0.0007377486880326689,8398
29.1_-96.9,29.099999999999895,-96.90000000000055,temp_error_1h,-0.32964095651111386,0.29424756654015366,0.26262478806982403,8398
29.1_-96.9,29.099999999999895,-96.90000000000055,wspd_error_1h,1.9617932543773688,0.4522142662141727,1.453467642287265e-05,8398
29.1_-96.9,29.099999999999895,-96.90000000000055,temp_error_0h,0.242758995278839,0.30451956012204545,0.4253651607151445,8398
29.1_-96.9,29.099999999999895,-96.90000000000055,wspd_error_0h,1.4839806256877168,0.4607976407387697,0.0012847456265783208,8398
29.1_-97.0,29.099999999999895,-97.00000000000054,temp_error_1h,-0.14252737524295345,0.2953266307678687,0.6293858247159942,8398
29.1_-97.0,29.099999999999895,-97.00000000000054,wspd_error_1h,1.8927815790536817,0.44137267592439183,1.819903772770637e-05,8398
29.1_-97.0,29.099999999999895,-97.00000000000054,temp_error_0h,0.23863079805332568,0.29983578987435416,0.42612926208855684,8398
29.1_-97.0,29.099999999999895,-97.00000000000054,wspd_error_0h,1.5940870455267058,0.4525121103784478,0.000429375274159538,8398
29.1_-98.1,29.099999999999895,-98.10000000000048,temp_error_1h,-0.002128072642003292,0.30685752143794826,0.9944668395743625,8398
29.1_-98.1,29.099999999999895,-98.10000000000048,wspd_error_1h,0.43738806034630534,0.4003228388321535,0.2746060892641413,8398
29.1_-98.1,29.099999999999895,-98.10000000000048,temp_error_0h,0.45925265200990967,0.28292470727258207,0.10457737984152593,8398
29.1_-98.1,29.099999999999895,-98.10000000000048,wspd_error_0h,2.475825506383207,0.4215477808199451,4.4386934128226585e-09,8398
29.1_-98.2,29.099999999999895,-98.20000000000047,temp_error_1h,0.2618673216854932,0.3054597315423124,0.39130967497464875,8398
29.1_-98.2,29.099999999999895,-98.20000000000047,wspd_error_1h,1.0097571455722747,0.39992706096179576,0.011593014188951534,8398
29.1_-98.2,29.099999999999895,-98.20000000000047,temp_error_0h,0.4130511249478763,0.2814373274233705,0.14223731227916558,8398
29.1_-98.2,29.099999999999895,-98.20000000000047,wspd_error_0h,2.134010424027889,0.4110481599927834,2.1336858702092343e-07,8398
29.1_-98.4,29.099999999999895,-98.40000000000046,temp_error_1h,-0.1016999608280285,0.30935049104122053,0.742350485325296,8398
29.1_-98.4,29.099999999999895,-98.40000000000046,wspd_error_1h,0.2937592679176101,0.3931346824536157,0.45495000178750966,8398
29.1_-98.4,29.099999999999895,-98.40000000000046,temp_error_0h,0.49224713828852096,0.28087097792157395,0.07971185163826333,8398
29.1_-98.4,29.099999999999895,-98.40000000000046,wspd_error_0h,2.114897416025073,0.404469717833529,1.7473073166129893e-07,8398
29.1_-98.6,29.099999999999895,-98.60000000000045,temp_error_1h,-0.3804047153076865,0.31146927298370675,0.22199804941682832,8398
29.1_-98.6,29.099999999999895,-98.60000000000045,wspd_error_1h,0.1661806332412975,0.40062812458506214,0.6782988090931084,8398
29.1_-98.6,29.099999999999895,-98.60000000000045,temp_error_0h,0.7151568700678702,0.28097611830357067,0.010937500746124762,8398
29.1_-98.6,29.099999999999895,-98.60000000000045,wspd_error_0h,1.8768872485828618,0.4020131159637354,3.0780532211949208e-06,8398
29.1_-98.7,29.099999999999895,-98.70000000000044,temp_error_1h,-0.38708751734569086,0.30381676469282654,0.2026697369595858,8398
29.1_-98.7,29.099999999999895,-98.70000000000044,wspd_error_1h,0.5095053300647066,0.4082837696075783,0.21209545982202282,8398
29.1_-98.7,29.099999999999895,-98.70000000000044,temp_error_0h,0.7961532862178278,0.279452355426061,0.004396726455378808,8398
29.1_-98.7,29.099999999999895,-98.70000000000044,wspd_error_0h,1.624572827062457,0.39340728783423884,3.6710248169313786e-05,8398
29.1_-98.9,29.099999999999895,-98.90000000000043,temp_error_1h,-0.04801143234197685,0.2931533669391103,0.869911590311035,8398
29.1_-98.9,29.099999999999895,-98.90000000000043,wspd_error_1h,-0.06602677553514363,0.41762374220119464,0.8743809494692818,8398
29.1_-98.9,29.099999999999895,-98.90000000000043,temp_error_0h,0.6653084480673909,0.27941174376270994,0.0172831028069782,8398
29.1_-98.9,29.099999999999895,-98.90000000000043,wspd_error_0h,1.3693815452171312,0.3898304553633451,0.0004458185686644356,8398
29.1_-99.0,29.099999999999895,-99.00000000000043,temp_error_1h,-0.3261994755534478,0.3062797824458385,0.2868897017210621,8398
29.1_-99.0,29.099999999999895,-99.00000000000043,wspd_error_1h,0.4374245404629857,0.4147755140809138,0.2916362767928977,8398
29.1_-99.0,29.099999999999895,-99.00000000000043,temp_error_0h,0.6412603422629831,0.27660567950142323,0.020455979418781522,8398
29.1_-99.0,29.099999999999895,-99.00000000000043,wspd_error_0h,0.9812606054919865,0.3790628573073664,0.009652024276699533,8398
29.2_-100.2,29.199999999999896,-100.20000000000036,temp_error_1h,-1.9315362398020743,0.3511702495428095,3.903756207179754e-08,8398
29.2_-100.2,29.199999999999896,-100.20000000000036,wspd_error_1h,0.539300459369038,0.44220212528430575,0.2226589046662486,8398
29.2_-100.2,29.199999999999896,-100.20000000000036,temp_error_0h,1.304156433769396,0.2800972305110018,3.272516992502972e-06,8398
29.2_-100.2,29.199999999999896,-100.20000000000036,wspd_error_0h,-1.2136022577609258,0.35567781464703463,0.0006477414029186779,8398
29.2_-95.2,29.199999999999896,-95.20000000000064,temp_error_1h,-0.24427437175592667,0.3731645945344558,0.5127419118410153,8398
29.2_-95.2,29.199999999999896,-95.20000000000064,wspd_error_1h,2.4551954393270985,0.4482794585509542,4.453339896848263e-08,8398
29.2_-95.2,29.199999999999896,-95.20000000000064,temp_error_0h,0.6614969245442767,0.40524755289669107,0.10264808922666036,8398
29.2_-95.2,29.199999999999896,-95.20000000000064,wspd_error_0h,1.3988264050082055,0.4662425583796242,0.0027058781563169543,8398
29.2_-95.4,29.199999999999896,-95.40000000000063,temp_error_1h,0.026195633055099768,0.33226475038462816,0.9371620624190284,8398
29.2_-95.4,29.199999999999896,-95.40000000000063,wspd_error_1h,2.2759788025477197,0.45756347792680235,6.684867954742657e-07,8398
29.2_-95.4,29.199999999999896,-95.40000000000063,temp_error_0h,0.9204985490437797,0.3562304627233166,0.009783068292593455,8398
29.2_-95.4,29.199999999999896,-95.40000000000063,wspd_error_0h,1.379888911410361,0.4799977178458756,0.004053271614344656,8398
29.2_-95.7,29.199999999999896,-95.70000000000061,temp_error_1h,-0.11191126692714147,0.34780297539608784,0.7476378158124475,8398
29.2_-95.7,29.199999999999896,-95.70000000000061,wspd_error_1h,2.608562663575052,0.46378360973547833,1.9201624734677125e-08,8398
29.2_-95.7,29.199999999999896,-95.70000000000061,temp_error_0h,0.1930491034815294,0.3276414009585455,0.555737334032284,8398
29.2_-95.7,29.199999999999896,-95.70000000000061,wspd_error_0h,0.989786944361252,0.4674731576859552,0.034262762685994375,8398
29.2_-95.8,29.199999999999896,-95.80000000000061,temp_error_1h,0.002823795217220829,0.33006057299634034,0.9931740780450884,8398
29.2_-95.8,29.199999999999896,-95.80000000000061,wspd_error_1h,2.1628092059923154,0.48111811405312344,7.038128107428321e-06,8398
29.2_-95.8,29.199999999999896,-95.80000000000061,temp_error_0h,0.2994428990564413,0.3225268366079921,0.3532124924373532,8398
29.2_-95.8,29.199999999999896,-95.80000000000061,wspd_error_0h,1.0654664404354757,0.4685712178997282,0.022999516622248084,8398
29.2_-95.9,29.199999999999896,-95.9000000000006,temp_error_1h,-0.2690859124433236,0.3376108893880759,0.4254564170570807,8398
29.2_-95.9,29.199999999999896,-95.9000000000006,wspd_error_1h,2.2518206577424325,0.45568732585618565,7.899289016233269e-07,8398
29.2_-95.9,29.199999999999896,-95.9000000000006,temp_error_0h,0.21632777952005933,0.3125337996135319,0.4888472788963041,8398
29.2_-95.9,29.199999999999896,-95.9000000000006,wspd_error_0h,1.1077594919080416,0.47240785789520906,0.01905434544838247,8398
29.2_-96.0,29.199999999999896,-96.0000000000006,temp_error_1h,0.07625055275506257,0.316769545348812,0.8097834554298566,8398
29.2_-96.0,29.199999999999896,-96.0000000000006,wspd_error_1h,2.3417915815115387,0.4356021412976887,7.822012859648453e-08,8398
29.2_-96.0,29.199999999999896,-96.0000000000006,temp_error_0h,0.16553303547816106,0.3059000168292763,0.5884293444134492,8398
29.2_-96.0,29.199999999999896,-96.0000000000006,wspd_error_0h,1.0393175289894967,0.4693797247462949,0.026839431757758714,8398
29.2_-96.1,29.199999999999896,-96.10000000000059,temp_error_1h,-0.06581116743771045,0.3228924974863356,0.8385010176727166,8398
29.2_-96.1,29.199999999999896,-96.10000000000059,wspd_error_1h,2.1648257096662578,0.4590425620140682,2.444749913399491e-06,8398
29.2_-96.1,29.199999999999896,-96.10000000000059,temp_error_0h,0.3318027965097945,0.3090873119385564,0.28308136749593005,8398
29.2_-96.1,29.199999999999896,-96.10000000000059,wspd_error_0h,1.1586424338772465,0.47367459003926826,0.014462668952480717,8398
29.2_-96.6,29.199999999999896,-96.60000000000056,temp_error_1h,-1.273224368243244,0.3161333856746346,5.687417291233565e-05,8398
29.2_-96.6,29.199999999999896,-96.60000000000056,wspd_error_1h,1.5344695332913705,0.4343286088278209,0.0004131393762218938,8398
29.2_-96.6,29.199999999999896,-96.60000000000056,temp_error_0h,0.5978134256716277,0.3077667666093706,0.0521193960461821,8398
29.2_-96.6,29.199999999999896,-96.60000000000056,wspd_error_0h,1.455753186326334,0.4668423795619064,0.001825175213994168,8398
29.2_-96.7,29.199999999999896,-96.70000000000056,temp_error_1h,-0.56384766498909,0.30899827490600934,0.06807295484351017,8398
29.2_-96.7,29.199999999999896,-96.70000000000056,wspd_error_1h,1.7089167745090403,0.45165317111280306,0.00015559815333321403,8398
29.2_-96.7,29.199999999999896,-96.70000000000056,temp_error_0h,0.3899272978617464,0.3080084074426069,0.2055615640936892,8398
29.2_-96.7,29.199999999999896,-96.70000000000056,wspd_error_0h,1.4633102335350099,0.46624389278596623,0.0017040114942266094,8398
29.2_-96.8,29.199999999999896,-96.80000000000055,temp_error_1h,-0.037531293785526394,0.28712309849263984,0.8960039181279857,8398
29.2_-96.8,29.199999999999896,-96.80000000000055,wspd_error_1h,1.9934019022671814,0.46460282568047623,1.8023879998718684e-05,8398
29.2_-96.8,29.199999999999896,-96.80000000000055,temp_error_0h,0.24214719049397623,0.307489847944528,0.43101359097295155,8398
29.2_-96.8,29.199999999999896,-96.80000000000055,wspd_error_0h,1.4634271255775084,0.46196452547857464,0.0015413200493337165,8398
29.2_-98.3,29.199999999999896,-98.30000000000047,temp_error_1h,0.09864839889995233,0.30382060684328716,0.7454216243385048,8398
29.2_-98.3,29.199999999999896,-98.30000000000047,wspd_error_1h,0.974077404445196,0.3897198059384962,0.01245835561467823,8398
29.2_-98.3,29.199999999999896,-98.30000000000047,temp_error_0h,0.42161948604480654,0.27604326545211666,0.126707526297412,8398
29.2_-98.3,29.199999999999896,-98.30000000000047,wspd_error_0h,2.0572906675923934,0.3998566345696239,2.734997164299813e-07,8398
29.2_-98.4,29.199999999999896,-98.40000000000046,temp_error_1h,-0.02982340541840631,0.30790388957335507,0.922840324103607,8398
29.2_-98.4,29.199999999999896,-98.40000000000046,wspd_error_1h,0.8540351944219267,0.3954391247873733,0.030823214330329973,8398
29.2_-98.4,29.199999999999896,-98.40000000000046,temp_error_0h,0.5537229586480661,0.2766491901414631,0.04536707007888596,8398
29.2_-98.4,29.199999999999896,-98.40000000000046,wspd_error_0h,1.9001906613220367,0.398769302291891,1.9190908220334535e-06,8398
29.2_-98.7,29.199999999999896,-98.70000000000044,temp_error_1h,-0.5442757481705525,0.3167394140276359,0.08576605322752195,8398
29.2_-98.7,29.199999999999896,-98.70000000000044,wspd_error_1h,1.0525642641243107,0.3964934127188589,0.007953346085187052,8398
29.2_-98.7,29.199999999999896,-98.70000000000044,temp_error_0h,0.9235247450708519,0.2767502982371352,0.0008504767924055745,8398
29.2_-98.7,29.199999999999896,-98.70000000000044,wspd_error_0h,1.4011353482527307,0.39044617167578194,0.00033442666032246215,8398
29.2_-98.8,29.199999999999896,-98.80000000000044,temp_error_1h,-0.47219693908635463,0.32474720276011315,0.14597147979231573,8398
29.2_-98.8,29.199999999999896,-98.80000000000044,wspd_error_1h,0.5005355879426165,0.4058557420913259,0.21750433758973098,8398
29.2_-98.8,29.199999999999896,-98.80000000000044,temp_error_0h,0.9134708101819697,0.27746320545486547,0.0009981135972922939,8398
29.2_-98.8,29.199999999999896,-98.80000000000044,wspd_error_0h,1.399478557777747,0.3885980543268664,0.00031840265727378636,8398
29.2_-98.9,29.199999999999896,-98.90000000000043,temp_error_1h,-0.5777751000047161,0.32081948281750516,0.07174913565492558,8398
29.2_-98.9,29.199999999999896,-98.90000000000043,wspd_error_1h,-0.03382335949335514,0.41682355333741583,0.9353281772538291,8398
29.2_-98.9,29.199999999999896,-98.90000000000043,temp_error_0h,0.8084023322736141,0.27793169219588854,0.0036396482471419134,8398
29.2_-98.9,29.199999999999896,-98.90000000000043,wspd_error_0h,1.4098320191947997,0.3921909367209952,0.0003265624531234579,8398
29.2_-99.7,29.199999999999896,-99.70000000000039,temp_error_1h,0.10557232808082778,0.3251184378935983,0.7454014303186898,8398
29.2_-99.7,29.199999999999896,-99.70000000000039,wspd_error_1h,-0.2969260822675448,0.43831988560356716,0.49815909841024,8398
29.2_-99.7,29.199999999999896,-99.70000000000039,temp_error_0h,0.6742895264914464,0.27696320813984726,0.014929810529084042,8398
29.2_-99.7,29.199999999999896,-99.70000000000039,wspd_error_0h,-0.06258817901207143,0.37054456173182443,0.8658725892795118,8398
29.3_-100.4,29.299999999999898,-100.40000000000035,temp_error_1h,-1.941438471412857,0.3352540190841195,7.252224154541409e-09,8398
29.3_-100.4,29.299999999999898,-100.40000000000035,wspd_error_1h,0.6549891722705592,0.419886812853933,0.11881703202082639,8398
29.3_-100.4,29.299999999999898,-100.40000000000035,temp_error_0h,1.5253310435465401,0.2808762083374007,5.773692635102634e-08,8398
29.3_-100.4,29.299999999999898,-100.40000000000035,wspd_error_0h,-1.6843099883177846,0.35467566981731574,2.079586729042404e-06,8398
29.3_-95.2,29.299999999999898,-95.20000000000064,temp_error_1h,-0.3668185998345531,0.330366456898231,0.2668851341214171,8398
29.3_-95.2,29.299999999999898,-95.20000000000064,wspd_error_1h,2.4977943531252764,0.4429576060502589,1.7671181185008322e-08,8398
29.3_-95.2,29.299999999999898,-95.20000000000064,temp_error_0h,0.7184491104674772,0.3809308447365056,0.05932481680970181,8398
29.3_-95.2,29.299999999999898,-95.20000000000064,wspd_error_0h,1.442414822218916,0.4655482739634273,0.0019527089357320726,8398
29.3_-95.3,29.299999999999898,-95.30000000000064,temp_error_1h,0.07003925686479838,0.33779296776017254,0.8357464702230717,8398
29.3_-95.3,29.299999999999898,-95.30000000000064,wspd_error_1h,2.316518040947724,0.4595321852117617,4.727405049642641e-07,8398
29.3_-95.3,29.299999999999898,-95.30000000000064,temp_error_0h,0.7988144582020216,0.3545519303317105,0.024283382732277037,8398
29.3_-95.3,29.299999999999898,-95.30000000000064,wspd_error_0h,1.5921788602375837,0.4721155960125907,0.0007484508692463532,8398
29.3_-95.4,29.299999999999898,-95.40000000000063,temp_error_1h,0.08751803372578024,0.3273144073840524,0.7891815316051689,8398
29.3_-95.4,29.299999999999898,-95.40000000000063,wspd_error_1h,2.167708071432653,0.4523338674960011,1.6774534492558502e-06,8398
29.3_-95.4,29.299999999999898,-95.40000000000063,temp_error_0h,0.9066511046052494,0.3430190998823388,0.008229179372483797,8398
29.3_-95.4,29.299999999999898,-95.40000000000063,wspd_error_0h,1.3327836077743311,0.47928869814153324,0.005435436463751664,8398
29.3_-95.5,29.299999999999898,-95.50000000000063,temp_error_1h,0.1128960159573435,0.31864465123827607,0.7231224998848957,8398
29.3_-95.5,29.299999999999898,-95.50000000000063,wspd_error_1h,1.5727414560949924,0.450976736048465,0.0004902290802426545,8398
29.3_-95.5,29.299999999999898,-95.50000000000063,temp_error_0h,0.9854161324579114,0.3283039774487542,0.0026941514576601655,8398
29.3_-95.5,29.299999999999898,-95.50000000000063,wspd_error_0h,1.139833514503563,0.4713032976671075,0.015607108928027191,8398
29.3_-95.8,29.299999999999898,-95.80000000000061,temp_error_1h,0.49307161941122435,0.3440129825238798,0.15181135273995805,8398
29.3_-95.8,29.299999999999898,-95.80000000000061,wspd_error_1h,2.1699112175313457,0.4576488868898247,2.1572485995324797e-06,8398
29.3_-95.8,29.299999999999898,-95.80000000000061,temp_error_0h,0.4053887952544424,0.3210608922085752,0.20674881476725626,8398
29.3_-95.8,29.299999999999898,-95.80000000000061,wspd_error_0h,0.9033418630229145,0.47049294107915995,0.05489313550473551,8398
29.3_-95.9,29.299999999999898,-95.9000000000006,temp_error_1h,0.2548383490120471,0.33895384585338556,0.4521697202401993,8398
29.3_-95.9,29.299999999999898,-95.9000000000006,wspd_error_1h,2.085805549844556,0.4612085559238615,6.196270011082916e-06,8398
29.3_-95.9,29.299999999999898,-95.9000000000006,temp_error_0h,0.3228923085840029,0.3096414624591127,0.2970738049284056,8398
29.3_-95.9,29.299999999999898,-95.9000000000006,wspd_error_0h,0.9993885480380399,0.47590992398315723,0.035762866204964494,8398
29.3_-96.1,29.299999999999898,-96.10000000000059,temp_error_1h,0.054267379050199724,0.3191053248798616,0.8649662604951729,8398
29.3_-96.1,29.299999999999898,-96.10000000000059,wspd_error_1h,1.8216238828072189,0.43241449976438684,2.5500945440848355e-05,8398
29.3_-96.1,29.299999999999898,-96.10000000000059,temp_error_0h,0.4756211232317061,0.3066882329700165,0.12098044812917874,8398
29.3_-96.1,29.299999999999898,-96.10000000000059,wspd_error_0h,1.1092943948287788,0.473806611952325,0.019243250650472277,8398
29.3_-96.4,29.299999999999898,-96.40000000000057,temp_error_1h,-0.5134855950516218,0.3294545451459769,0.11913057768147439,8398
29.3_-96.4,29.299999999999898,-96.40000000000057,wspd_error_1h,1.8710286659731383,0.4215945600709223,9.197124417603675e-06,8398
29.3_-96.4,29.299999999999898,-96.40000000000057,temp_error_0h,0.7103287039726699,0.30895599316502587,0.021522345482814398,8398
29.3_-96.4,29.299999999999898,-96.40000000000057,wspd_error_0h,1.1471900827398982,0.46230725964187924,0.013104601891095635,8398
29.3_-96.5,29.299999999999898,-96.50000000000057,temp_error_1h,-1.0529502613529684,0.3148257493568722,0.0008277914504062345,8398
29.3_-96.5,29.299999999999898,-96.50000000000057,wspd_error_1h,1.670477065370232,0.4293796345427612,0.00010083790092685341,8398
29.3_-96.5,29.299999999999898,-96.50000000000057,temp_error_0h,0.6961650719035793,0.30365229783165776,0.021893533052286474,8398
29.3_-96.5,29.299999999999898,-96.50000000000057,wspd_error_0h,1.25932308439913,0.4552334731053844,0.005681682576466951,8398
29.3_-96.6,29.299999999999898,-96.60000000000056,temp_error_1h,-0.8377022323796237,0.31625817278288215,0.008093183985714125,8398
29.3_-96.6,29.299999999999898,-96.60000000000056,wspd_error_1h,1.8386587732852644,0.4493077103786638,4.3131086718606326e-05,8398
29.3_-96.6,29.299999999999898,-96.60000000000056,temp_error_0h,0.5686737914230038,0.30411553846915534,0.06152892538068144,8398
29.3_-96.6,29.299999999999898,-96.60000000000056,wspd_error_0h,1.3960420751229778,0.4659338343194056,0.0027414809659835893,8398
29.3_-98.3,29.299999999999898,-98.30000000000047,temp_error_1h,-0.20222066565302105,0.31290414019941953,0.5181220402456259,8398
29.3_-98.3,29.299999999999898,-98.30000000000047,wspd_error_1h,0.22047991998019906,0.3858332110055135,0.5677178621178272,8398
29.3_-98.3,29.299999999999898,-98.30000000000047,temp_error_0h,0.5671424146531261,0.27527139040189774,0.039400493269901915,8398
29.3_-98.3,29.299999999999898,-98.30000000000047,wspd_error_0h,2.182443344504387,0.3976421300503181,4.1732200140032205e-08,8398
29.3_-98.4,29.299999999999898,-98.40000000000046,temp_error_1h,-0.2933783779518338,0.30365307494777577,0.33399056533795335,8398
29.3_-98.4,29.299999999999898,-98.40000000000046,wspd_error_1h,0.15535115888820708,0.40133519009098173,0.698702536936763,8398
29.3_-98.4,29.299999999999898,-98.40000000000046,temp_error_0h,0.6822748324927965,0.2759733230672167,0.013446352057899125,8398
29.3_-98.4,29.299999999999898,-98.40000000000046,wspd_error_0h,2.0232288512099004,0.4017241618224847,4.84384635734969e-07,8398
29.3_-98.5,29.299999999999898,-98.50000000000045,temp_error_1h,-0.28991937703554516,0.31513395308381026,0.3576057170709064,8398
29.3_-98.5,29.299999999999898,-98.50000000000045,wspd_error_1h,0.3416993797426223,0.41240292528605454,0.40737872598980585,8398
29.3_-98.5,29.299999999999898,-98.50000000000045,temp_error_0h,0.8127711916308126,0.275776090881992,0.0032153740878122505,8398
29.3_-98.5,29.299999999999898,-98.50000000000045,wspd_error_0h,1.7205850936251161,0.39632827711998625,1.4330309789034601e-05,8398
29.3_-98.6,29.299999999999898,-98.60000000000045,temp_error_1h,-0.36560517814769994,0.3075390109232347,0.23454857498221537,8398
29.3_-98.6,29.299999999999898,-98.60000000000045,wspd_error_1h,0.31661726193779755,0.41203167724460066,0.4422538247753762,8398
29.3_-98.6,29.299999999999898,-98.60000000000045,temp_error_0h,0.9375426044459377,0.2804582519858894,0.0008327342541065708,8398
29.3_-98.6,29.299999999999898,-98.60000000000045,wspd_error_0h,1.6282487318997951,0.4008322054892461,4.90631228002858e-05,8398
29.3_-98.7,29.299999999999898,-98.70000000000044,temp_error_1h,-0.6286109555006494,0.306438800778237,0.04026470564339091,8398
29.3_-98.7,29.299999999999898,-98.70000000000044,wspd_error_1h,0.5138846241657153,0.396232096489598,0.19469166352162293,8398
29.3_-98.7,29.299999999999898,-98.70000000000044,temp_error_0h,0.9952260127743421,0.2765879332076704,0.00032224738299979627,8398
29.3_-98.7,29.299999999999898,-98.70000000000044,wspd_error_0h,1.4678728967079977,0.392076962088088,0.0001824466057809282,8398
29.3_-98.8,29.299999999999898,-98.80000000000044,temp_error_1h,-0.8704298096016637,0.3391277893634926,0.010285226093942779,8398
29.3_-98.8,29.299999999999898,-98.80000000000044,wspd_error_1h,0.040180582725968444,0.3899742438419147,0.9179385068015464,8398
29.3_-98.8,29.299999999999898,-98.80000000000044,temp_error_0h,0.9612966584294674,0.2757972494084196,0.0004937041057804237,8398
29.3_-98.8,29.299999999999898,-98.80000000000044,wspd_error_0h,1.4638381406368253,0.39099942418372097,0.00018244777065734574,8398
29.3_-99.6,29.299999999999898,-99.60000000000039,temp_error_1h,-0.32500182914546877,0.3113438639873382,0.296576763066557,8398
29.3_-99.6,29.299999999999898,-99.60000000000039,wspd_error_1h,-0.5168998377699111,0.4054464816221049,0.20238347585460414,8398
29.3_-99.6,29.299999999999898,-99.60000000000039,temp_error_0h,0.7404832608365121,0.27478641494621836,0.007058034937147628,8398
29.3_-99.6,29.299999999999898,-99.60000000000039,wspd_error_0h,0.44824102758565726,0.37524818741594046,0.23230898274780976,8398
29.4_-100.6,29.3999999999999,-100.60000000000034,temp_error_1h,-1.612880039007947,0.3293757006772145,9.924722308429779e-07,8398
29.4_-100.6,29.3999999999999,-100.60000000000034,wspd_error_1h,0.674974050008243,0.41421966150802436,0.10324331931817876,8398
29.4_-100.6,29.3999999999999,-100.60000000000034,temp_error_0h,1.599012191649221,0.2851153911285012,2.1083868873006395e-08,8398
29.4_-100.6,29.3999999999999,-100.60000000000034,wspd_error_0h,-1.8638724154109567,0.3422475687700322,5.2984949761025746e-08,8398
29.4_-100.8,29.3999999999999,-100.80000000000032,temp_error_1h,-1.5313984220083872,0.33484271641994895,4.865830395939241e-06,8398
29.4_-100.8,29.3999999999999,-100.80000000000032,wspd_error_1h,0.9243934832583919,0.3991327591666561,0.020582074083426827,8398
29.4_-100.8,29.3999999999999,-100.80000000000032,temp_error_0h,1.3522175072703275,0.283023885568769,1.8028901802580322e-06,8398
29.4_-100.8,29.3999999999999,-100.80000000000032,wspd_error_0h,-1.7754395555551918,0.32702459336767836,5.823757387446449e-08,8398
29.4_-100.9,29.3999999999999,-100.90000000000032,temp_error_1h,-1.516491192153048,0.33133473189147705,4.786954724611547e-06,8398
29.4_-100.9,29.3999999999999,-100.90000000000032,wspd_error_1h,1.0526143295291386,0.39679552309818844,0.00799809552484243,8398
29.4_-100.9,29.3999999999999,-100.90000000000032,temp_error_0h,1.2365006259339542,0.2834336786683087,1.3008423614291331e-05,8398
29.4_-100.9,29.3999999999999,-100.90000000000032,wspd_error_0h,-1.7191934410614271,0.31973257266673116,7.779470689861512e-08,8398
29.4_-101.1,29.3999999999999,-101.1000000000003,temp_error_1h,-1.0889228148467929,0.3278482712121167,0.0008994386981044933,8398
29.4_-101.1,29.3999999999999,-101.1000000000003,wspd_error_1h,1.4464715210051797,0.3622058687765929,6.56612118079547e-05,8398
29.4_-101.1,29.3999999999999,-101.1000000000003,temp_error_0h,0.8664729947089915,0.2898875099834393,0.0028070900308316826,8398
29.4_-101.1,29.3999999999999,-101.1000000000003,wspd_error_0h,-1.803033916913563,0.30890090163112094,5.515494061469894e-09,8398
29.4_-95.0,29.3999999999999,-95.00000000000065,temp_error_1h,0.7840272942732381,0.3860465371227356,0.04229532002516634,8398
29.4_-95.0,29.3999999999999,-95.00000000000065,wspd_error_1h,3.222654101622341,0.4533726688466604,1.2725376308253544e-12,8398
29.4_-95.0,29.3999999999999,-95.00000000000065,temp_error_0h,-0.6235436485664337,0.43488028223962144,0.15165868920239722,8398
29.4_-95.0,29.3999999999999,-95.00000000000065,wspd_error_0h,0.9096567670628096,0.43405757880039003,0.036138353455442696,8398
29.4_-95.2,29.3999999999999,-95.20000000000064,temp_error_1h,-0.25898957821533974,0.3190316851676839,0.41693014470974243,8398
29.4_-95.2,29.3999999999999,-95.20000000000064,wspd_error_1h,2.126733463378192,0.44494419705538557,1.7848736122427766e-06,8398
29.4_-95.2,29.3999999999999,-95.20000000000064,temp_error_0h,0.7718096411388014,0.37191322070509975,0.0379947086054635,8398
29.4_-95.2,29.3999999999999,-95.20000000000064,wspd_error_0h,1.5703032817629117,0.4766398302751478,0.000989974838138341,8398
29.4_-95.3,29.3999999999999,-95.30000000000064,temp_error_1h,-0.15645687437573438,0.3188868381619959,0.6236978864965559,8398
29.4_-95.3,29.3999999999999,-95.30000000000064,wspd_error_1h,1.8314537753105304,0.45061837179536707,4.8615680195540634e-05,8398
29.4_-95.3,29.3999999999999,-95.30000000000064,temp_error_0h,0.8701087433831877,0.34689480594357375,0.012150898773585883,8398
29.4_-95.3,29.3999999999999,-95.30000000000064,wspd_error_0h,1.7660394068946608,0.4783061307730309,0.00022367000014233973,8398
29.4_-95.4,29.3999999999999,-95.40000000000063,temp_error_1h,0.13105238155396562,0.3202955012169242,0.682432105118064,8398
29.4_-95.4,29.3999999999999,-95.40000000000063,wspd_error_1h,1.63643494951563,0.44957505087788546,0.00027432757924250595,8398
29.4_-95.4,29.3999999999999,-95.40000000000063,temp_error_0h,0.8557865641974929,0.3386426394434793,0.011518902905818251,8398
29.4_-95.4,29.3999999999999,-95.40000000000063,wspd_error_0h,1.5812270857472894,0.48469831820226006,0.0011095910729423952,8398
29.4_-95.5,29.3999999999999,-95.50000000000063,temp_error_1h,0.20436379802988103,0.31696513330694936,0.519105828057941,8398
29.4_-95.5,29.3999999999999,-95.50000000000063,wspd_error_1h,1.2366673498599294,0.4481695759160672,0.005803837014294322,8398
29.4_-95.5,29.3999999999999,-95.50000000000063,temp_error_0h,0.8326065108903097,0.3251170957145724,0.010456239920451305,8398
29.4_-95.5,29.3999999999999,-95.50000000000063,wspd_error_0h,1.3958102941037946,0.47430244050361947,0.0032607927199994613,8398
29.4_-95.7,29.3999999999999,-95.70000000000061,temp_error_1h,0.3661040908448023,0.32267798943081827,0.25658375577792447,8398
29.4_-95.7,29.3999999999999,-95.70000000000061,wspd_error_1h,1.4620975758618118,0.43358065316786576,0.0007492319572206529,8398
29.4_-95.7,29.3999999999999,-95.70000000000061,temp_error_0h,0.639808820851472,0.3184744514270689,0.04457135324413897,8398
29.4_-95.7,29.3999999999999,-95.70000000000061,wspd_error_0h,1.1508373619226953,0.4700523736233938,0.014372935362917838,8398
29.4_-95.8,29.3999999999999,-95.80000000000061,temp_error_1h,0.41941484054566436,0.3309202783062756,0.2050406207046631,8398
29.4_-95.8,29.3999999999999,-95.80000000000061,wspd_error_1h,1.435200651513479,0.42318414366420837,0.0006985047827823276,8398
29.4_-95.8,29.3999999999999,-95.80000000000061,temp_error_0h,0.5364523637220147,0.314314696113786,0.08790819466556443,8398
29.4_-95.8,29.3999999999999,-95.80000000000061,wspd_error_0h,1.090174536531924,0.4685203534897776,0.01999726185260453,8398
29.4_-96.2,29.3999999999999,-96.20000000000059,temp_error_1h,-0.06902517169322123,0.31223834390560484,0.825046719190281,8398
29.4_-96.2,29.3999999999999,-96.20000000000059,wspd_error_1h,1.6660345864277808,0.42229473826874764,8.038795409004429e-05,8398
29.4_-96.2,29.3999999999999,-96.20000000000059,temp_error_0h,0.5545436819771586,0.30905624787308655,0.0727993397282447,8398
29.4_-96.2,29.3999999999999,-96.20000000000059,wspd_error_0h,1.1164178945514522,0.4688608940784312,0.017281972998858697,8398
29.4_-96.3,29.3999999999999,-96.30000000000058,temp_error_1h,-0.2521867157259497,0.30416716442101593,0.4070683075137982,8398
29.4_-96.3,29.3999999999999,-96.30000000000058,wspd_error_1h,1.8406768458514684,0.4345960497117039,2.306180901578969e-05,8398
29.4_-96.3,29.3999999999999,-96.30000000000058,temp_error_0h,0.579970815834598,0.30869225610256734,0.06030667540571555,8398
29.4_-96.3,29.3999999999999,-96.30000000000058,wspd_error_0h,1.1342825302034643,0.46686009213695323,0.01513649044015919,8398
29.4_-96.4,29.3999999999999,-96.40000000000057,temp_error_1h,-0.4152833250080592,0.3302951804362837,0.2086766625969858,8398
29.4_-96.4,29.3999999999999,-96.40000000000057,wspd_error_1h,1.7399144304094243,0.42028484634036617,3.509550672031736e-05,8398
29.4_-96.4,29.3999999999999,-96.40000000000057,temp_error_0h,0.6089929710427463,0.31128159356707746,0.05045068594100788,8398
29.4_-96.4,29.3999999999999,-96.40000000000057,wspd_error_0h,1.250353675072476,0.4649776787395012,0.007179537917186618,8398
29.4_-98.3,29.3999999999999,-98.30000000000047,temp_error_1h,-0.20025297382168936,0.3137232680093461,0.5232888268411287,8398
29.4_-98.3,29.3999999999999,-98.30000000000047,wspd_error_1h,0.3598981239340522,0.3805698873277223,0.3443381079083583,8398
29.4_-98.3,29.3999999999999,-98.30000000000047,temp_error_0h,0.6690375314617873,0.27942048600799524,0.01667060142968535,8398
29.4_-98.3,29.3999999999999,-98.30000000000047,wspd_error_0h,2.185691688316419,0.39974369414872774,4.689779076194611e-08,8398
29.4_-98.4,29.3999999999999,-98.40000000000046,temp_error_1h,-0.21964286096085758,0.3089372490876672,0.47712719373208334,8398
29.4_-98.4,29.3999999999999,-98.40000000000046,wspd_error_1h,0.3899947920337137,0.4148822710069471,0.3472379855164802,8398
29.4_-98.4,29.3999999999999,-98.40000000000046,temp_error_0h,0.7349596759618204,0.2826693121880264,0.009336908257237875,8398
29.4_-98.4,29.3999999999999,-98.40000000000046,wspd_error_0h,2.059093475922878,0.40854696362879706,4.7519594881251237e-07,8398
29.4_-98.5,29.3999999999999,-98.50000000000045,temp_error_1h,-0.48643926455968395,0.3290437759795752,0.1393539282291314,8398
29.4_-98.5,29.3999999999999,-98.50000000000045,wspd_error_1h,0.7806880336402059,0.49987317696024913,0.11837953141336044,8398
29.4_-98.5,29.3999999999999,-98.50000000000045,temp_error_0h,0.83585481130164,0.28072772116194994,0.0029148396777944896,8398
29.4_-98.5,29.3999999999999,-98.50000000000045,wspd_error_0h,1.778215765827125,0.4112661852059361,1.5517307017098858e-05,8398
29.4_-98.6,29.3999999999999,-98.60000000000045,temp_error_1h,-0.764882684068821,0.32966833307581345,0.020356286405780022,8398
29.4_-98.6,29.3999999999999,-98.60000000000045,wspd_error_1h,0.827107189684395,0.45535071719810827,0.06934210719321521,8398
29.4_-98.6,29.3999999999999,-98.60000000000045,temp_error_0h,0.9172306717485316,0.2845485839833471,0.001271387915105615,8398
29.4_-98.6,29.3999999999999,-98.60000000000045,wspd_error_0h,1.6151050058413097,0.4085189296574821,7.76313917647542e-05,8398
29.4_-98.7,29.3999999999999,-98.70000000000044,temp_error_1h,-0.963474570936277,0.3263627745576177,0.003164387230542909,8398
29.4_-98.7,29.3999999999999,-98.70000000000044,wspd_error_1h,0.29047024507003544,0.41026933981227004,0.4789656824072128,8398
29.4_-98.7,29.3999999999999,-98.70000000000044,temp_error_0h,0.9728574809119432,0.2828038063023492,0.0005844629910214394,8398
29.4_-98.7,29.3999999999999,-98.70000000000044,wspd_error_0h,1.4906664636756828,0.39587667102063767,0.0001673685069307762,8398
29.4_-98.8,29.3999999999999,-98.80000000000044,temp_error_1h,-0.8052831028031532,0.3323650550787795,0.015418812296299489,8398
29.4_-98.8,29.3999999999999,-98.80000000000044,wspd_error_1h,-0.18190223718203266,0.4148280736670477,0.6610349847340298,8398
29.4_-98.8,29.3999999999999,-98.80000000000044,temp_error_0h,0.9433081715886062,0.28468782837469286,0.0009253362177532587,8398
29.4_-98.8,29.3999999999999,-98.80000000000044,wspd_error_0h,1.4560472348161873,0.395315267454883,0.00023172761733425418,8398
29.5_-95.0,29.4999999999999,-95.00000000000065,temp_error_1h,-0.8580509671360547,0.44679832859925134,0.05483589392855137,8398
29.5_-95.0,29.4999999999999,-95.00000000000065,wspd_error_1h,1.5144028328223111,0.3754827716489494,5.550842654344912e-05,8398
29.5_-95.0,29.4999999999999,-95.00000000000065,temp_error_0h,0.11032592480229142,0.40721070990040714,0.786450945039924,8398
29.5_-95.0,29.4999999999999,-95.00000000000065,wspd_error_0h,1.3108533888491953,0.4658327183976838,0.004904354183097537,8398
29.5_-95.1,29.4999999999999,-95.10000000000065,temp_error_1h,-0.10135724549563033,0.3561588126199677,0.7759696088599437,8398
29.5_-95.1,29.4999999999999,-95.10000000000065,wspd_error_1h,2.2175146668405286,0.46608908571678226,1.990897594339458e-06,8398
29.5_-95.1,29.4999999999999,-95.10000000000065,temp_error_0h,0.47384211747362875,0.3837035264509199,0.21689601237897538,8398
29.5_-95.1,29.4999999999999,-95.10000000000065,wspd_error_0h,1.4075701232099571,0.4786637194813625,0.0032844969751593123,8398
29.5_-95.2,29.4999999999999,-95.20000000000064,temp_error_1h,-0.3591220593137376,0.32602362917718153,0.2707014501763141,8398
29.5_-95.2,29.4999999999999,-95.20000000000064,wspd_error_1h,1.8077230058243,0.453945353795794,6.884528491024611e-05,8398
29.5_-95.2,29.4999999999999,-95.20000000000064,temp_error_0h,0.9228414995854224,0.3555145580877575,0.009453855544544476,8398
29.5_-95.2,29.4999999999999,-95.20000000000064,wspd_error_0h,1.50902564191949,0.4789089712911371,0.0016330630736003382,8398
29.5_-95.4,29.4999999999999,-95.40000000000063,temp_error_1h,0.05421178585246581,0.32415386661862655,0.8671845473965705,8398
29.5_-95.4,29.4999999999999,-95.40000000000063,wspd_error_1h,1.2010430556919378,0.43911728429440877,0.006248709612750147,8398
29.5_-95.4,29.4999999999999,-95.40000000000063,temp_error_0h,0.925643391043026,0.32904389096965914,0.00491762765621484,8398
29.5_-95.4,29.4999999999999,-95.40000000000063,wspd_error_0h,1.6135459476943443,0.4768556528350984,0.0007183962640775476,8398
29.5_-95.5,29.4999999999999,-95.50000000000063,temp_error_1h,0.2852678649279901,0.3202941375127065,0.37314614201570806,8398
29.5_-95.5,29.4999999999999,-95.50000000000063,wspd_error_1h,1.129330248511504,0.4505085763161623,0.012202152348385287,8398
29.5_-95.5,29.4999999999999,-95.50000000000063,temp_error_0h,0.9083902720653501,0.31851875401355645,0.004356252175970798,8398
29.5_-95.5,29.4999999999999,-95.50000000000063,wspd_error_0h,1.319343829743767,0.4582326645624346,0.003996968132496503,8398
29.5_-95.6,29.4999999999999,-95.60000000000062,temp_error_1h,0.6230164709786954,0.32076516053586723,0.05213649953310728,8398
29.5_-95.6,29.4999999999999,-95.60000000000062,wspd_error_1h,1.0705523851358167,0.45442804995879194,0.018504657263960222,8398
29.5_-95.6,29.4999999999999,-95.60000000000062,temp_error_0h,0.8379006796371551,0.31888095817785,0.008613948248058945,8398
29.5_-95.6,29.4999999999999,-95.60000000000062,wspd_error_0h,1.3230764434119389,0.46403473581624743,0.004365521817519591,8398
29.5_-95.7,29.4999999999999,-95.70000000000061,temp_error_1h,0.41003682400732927,0.3237025097496735,0.20529473168904855,8398
29.5_-95.7,29.4999999999999,-95.70000000000061,wspd_error_1h,1.0057720581775567,0.42647208637673445,0.018379091304278727,8398
29.5_-95.7,29.4999999999999,-95.70000000000061,temp_error_0h,0.8068295109306541,0.3122068127285096,0.009775086752703999,8398
29.5_-95.7,29.4999999999999,-95.70000000000061,wspd_error_0h,1.2667814711721155,0.4565661958179208,0.005539504494491476,8398
29.5_-95.8,29.4999999999999,-95.80000000000061,temp_error_1h,0.48417431258557125,0.3318043614565878,0.14454318982875547,8398
29.5_-95.8,29.4999999999999,-95.80000000000061,wspd_error_1h,1.091766376862509,0.42708940839497844,0.010596876353905271,8398
29.5_-95.8,29.4999999999999,-95.80000000000061,temp_error_0h,0.659154966484043,0.30980623022553866,0.03339644909804185,8398
29.5_-95.8,29.4999999999999,-95.80000000000061,wspd_error_0h,1.274682689146502,0.45404815031857076,0.005006305345863105,8398
29.5_-96.0,29.4999999999999,-96.0000000000006,temp_error_1h,0.2631428076565315,0.3409341294591301,0.440237610534181,8398
29.5_-96.0,29.4999999999999,-96.0000000000006,wspd_error_1h,1.7917131691727268,0.4355438099086615,3.9303799305390186e-05,8398
29.5_-96.0,29.4999999999999,-96.0000000000006,temp_error_0h,0.38834982373905036,0.30931060431239826,0.20932026461139408,8398
29.5_-96.0,29.4999999999999,-96.0000000000006,wspd_error_0h,1.2690307451990595,0.44972717714681715,0.004787079690068641,8398
29.5_-96.1,29.4999999999999,-96.10000000000059,temp_error_1h,0.3510808122182209,0.3203491350349248,0.273140195123057,8398
29.5_-96.1,29.4999999999999,-96.10000000000059,wspd_error_1h,1.6676876787802037,0.4304285526446843,0.00010766822701135936,8398
29.5_-96.1,29.4999999999999,-96.10000000000059,temp_error_0h,0.40735813508871127,0.3082312244838025,0.18633783690570116,8398
29.5_-96.1,29.4999999999999,-96.10000000000059,wspd_error_0h,1.1804112709910113,0.45763476123424196,0.009914882399518765,8398
29.5_-96.2,29.4999999999999,-96.20000000000059,temp_error_1h,0.23526203707574062,0.3046352104239331,0.43997364367445324,8398
29.5_-96.2,29.4999999999999,-96.20000000000059,wspd_error_1h,1.4189961411534384,0.4284355325273587,0.0009301107814490006,8398
29.5_-96.2,29.4999999999999,-96.20000000000059,temp_error_0h,0.40313715427492125,0.3049263409361506,0.18617755169705275,8398
29.5_-96.2,29.4999999999999,-96.20000000000059,wspd_error_0h,1.178044919180869,0.45285910110792127,0.009302142733968122,8398
29.5_-97.5,29.4999999999999,-97.50000000000051,temp_error_1h,-0.01826378386054609,0.33079572328332313,0.9559711528638841,8398
29.5_-97.5,29.4999999999999,-97.50000000000051,wspd_error_1h,1.374387895742334,0.4042063893065924,0.0006764848359228637,8398
29.5_-97.5,29.4999999999999,-97.50000000000051,temp_error_0h,0.4521301240056367,0.27394963462377125,0.09889601244926327,8398
29.5_-97.5,29.4999999999999,-97.50000000000051,wspd_error_0h,2.3015356477062916,0.4052267257803054,1.3951357180630453e-08,8398
29.5_-97.6,29.4999999999999,-97.6000000000005,temp_error_1h,0.19401574705886687,0.32582016944863845,0.5515462714757415,8398
29.5_-97.6,29.4999999999999,-97.6000000000005,wspd_error_1h,1.4461048230136833,0.3990467252745834,0.0002919190370258562,8398
29.5_-97.6,29.4999999999999,-97.6000000000005,temp_error_0h,0.44518607608457256,0.2775259259878467,0.10872445354797433,8398
29.5_-97.6,29.4999999999999,-97.6000000000005,wspd_error_0h,2.3618032012829255,0.41870443314625,1.748414368840656e-08,8398
29.5_-97.9,29.4999999999999,-97.90000000000049,temp_error_1h,0.11643015775935033,0.33035534692939217,0.7245178340474927,8398
29.5_-97.9,29.4999999999999,-97.90000000000049,wspd_error_1h,1.5827547272501519,0.38281969470218963,3.5926140346198565e-05,8398
29.5_-97.9,29.4999999999999,-97.90000000000049,temp_error_0h,0.33580253908305374,0.272864774775201,0.21848637433543816,8398
29.5_-97.9,29.4999999999999,-97.90000000000049,wspd_error_0h,2.255346674398722,0.4102597898717691,3.968740358573086e-08,8398
29.5_-98.0,29.4999999999999,-98.00000000000048,temp_error_1h,-0.07106401905984594,0.3287797749322994,0.8288802021760757,8398
29.5_-98.0,29.4999999999999,-98.00000000000048,wspd_error_1h,1.3891755607472296,0.38227161891100214,0.0002807342203190455,8398
29.5_-98.0,29.4999999999999,-98.00000000000048,temp_error_0h,0.3551426685069673,0.2658279277873391,0.18158988960385103,8398
29.5_-98.0,29.4999999999999,-98.00000000000048,wspd_error_0h,2.0535945451399424,0.39449719447473774,1.979725434697599e-07,8398
29.5_-98.2,29.4999999999999,-98.20000000000047,temp_error_1h,-0.48280710848191777,0.34690146765556756,0.1640290556717925,8398
29.5_-98.2,29.4999999999999,-98.20000000000047,wspd_error_1h,0.87249325056388,0.378538796471823,0.021196685984556485,8398
29.5_-98.2,29.4999999999999,-98.20000000000047,temp_error_0h,0.6612664490992151,0.2741532884127252,0.01588531089262002,8398
29.5_-98.2,29.4999999999999,-98.20000000000047,wspd_error_0h,2.062916087714508,0.3863576926694542,9.570848313877889e-08,8398
29.5_-98.3,29.4999999999999,-98.30000000000047,temp_error_1h,-0.323043899237596,0.3354958461197796,0.33563312889738395,8398
29.5_-98.3,29.4999999999999,-98.30000000000047,wspd_error_1h,0.8695481678471906,0.3977720424761785,0.028839858077432057,8398
29.5_-98.3,29.4999999999999,-98.30000000000047,temp_error_0h,0.7595197457987465,0.2790303635042066,0.006502331187989263,8398
29.5_-98.3,29.4999999999999,-98.30000000000047,wspd_error_0h,1.9482741415863665,0.39181515048858534,6.743425526867242e-07,8398
29.5_-98.5,29.4999999999999,-98.50000000000045,temp_error_1h,-0.45970610198795037,0.33296523957501245,0.16742570612963426,8398
29.5_-98.5,29.4999999999999,-98.50000000000045,wspd_error_1h,1.3196013238977655,0.48424967701779065,0.006442689551843905,8398
29.5_-98.5,29.4999999999999,-98.50000000000045,temp_error_0h,0.842680669526802,0.28248792038360676,0.0028619898149939704,8398
29.5_-98.5,29.4999999999999,-98.50000000000045,wspd_error_0h,1.580124230107111,0.4106638577778,0.00012010404804030372,8398
29.5_-98.7,29.4999999999999,-98.70000000000044,temp_error_1h,-0.7268364106042032,0.336002350576299,0.03055494922215085,8398
29.5_-98.7,29.4999999999999,-98.70000000000044,wspd_error_1h,0.5864628934474547,0.4214649652490577,0.16411493180553705,8398
29.5_-98.7,29.4999999999999,-98.70000000000044,temp_error_0h,0.8274503535694976,0.28441282119401423,0.003631610936226437,8398
29.5_-98.7,29.4999999999999,-98.70000000000044,wspd_error_0h,1.2410434900941467,0.3879957038751399,0.001386114268316918,8398
29.5_-98.8,29.4999999999999,-98.80000000000044,temp_error_1h,-0.7072009446715706,0.3417631528989121,0.03855123423578144,8398
29.5_-98.8,29.4999999999999,-98.80000000000044,wspd_error_1h,-0.22886222643063733,0.40374637171046407,0.5708336858483727,8398
29.5_-98.8,29.4999999999999,-98.80000000000044,temp_error_0h,0.851577908000359,0.28453393971325813,0.002771600665372853,8398
29.5_-98.8,29.4999999999999,-98.80000000000044,wspd_error_0h,1.270776718897476,0.38784820583500734,0.0010553863141651298,8398
29.5_-98.9,29.4999999999999,-98.90000000000043,temp_error_1h,-0.8293368419254726,0.34387692327297376,0.015898639295715444,8398
29.5_-98.9,29.4999999999999,-98.90000000000043,wspd_error_1h,0.08439719793983776,0.41713290312261914,0.8396661146250435,8398
29.5_-98.9,29.4999999999999,-98.90000000000043,temp_error_0h,0.8775208375760694,0.28533180824737625,0.0021087113061306617,8398
29.5_-98.9,29.4999999999999,-98.90000000000043,wspd_error_0h,1.1026849940909358,0.3962355625436779,0.00539959296108572,8398
29.6_-104.3,29.599999999999902,-104.30000000000013,temp_error_1h,0.7839682016473152,0.34345127000483405,0.02247786251419681,8398
29.6_-104.3,29.599999999999902,-104.30000000000013,wspd_error_1h,-0.01496063791119972,0.2906386020509394,0.958948209431882,8398
29.6_-104.3,29.599999999999902,-104.30000000000013,temp_error_0h,-0.40743850602037734,0.2934611062046004,0.16505528733877828,8398
29.6_-104.3,29.599999999999902,-104.30000000000013,wspd_error_0h,0.9151396444355635,0.3043287351819957,0.0026455839903831713,8398
29.6_-95.0,29.599999999999902,-95.00000000000065,temp_error_1h,-2.888431329639291,0.4150858595673451,3.695044270557446e-12,8398
29.6_-95.0,29.599999999999902,-95.00000000000065,wspd_error_1h,0.8210543722696056,0.3075960348348878,0.0076165083088302055,8398
29.6_-95.0,29.599999999999902,-95.00000000000065,temp_error_0h,0.8779146964000184,0.400381349888096,0.02835674211595207,8398
29.6_-95.0,29.599999999999902,-95.00000000000065,wspd_error_0h,1.8534558246660016,0.4831259905140522,0.00012577926722756594,8398
29.6_-95.1,29.599999999999902,-95.10000000000065,temp_error_1h,-0.49510109068079006,0.36248150396581985,0.17201784842925205,8398
29.6_-95.1,29.599999999999902,-95.10000000000065,wspd_error_1h,2.075227252265202,0.47035869148417686,1.0369961748857293e-05,8398
29.6_-95.1,29.599999999999902,-95.10000000000065,temp_error_0h,0.45221000605606976,0.3717819172597273,0.22389307593169638,8398
29.6_-95.1,29.599999999999902,-95.10000000000065,wspd_error_0h,1.691095903850023,0.5054753572113376,0.0008247977340738455,8398
29.6_-95.2,29.599999999999902,-95.20000000000064,temp_error_1h,-0.15149498412823914,0.3419767581012879,0.6577787248092195,8398
29.6_-95.2,29.599999999999902,-95.20000000000064,wspd_error_1h,1.620831410429099,0.47685302078917746,0.0006794468951671906,8398
29.6_-95.2,29.599999999999902,-95.20000000000064,temp_error_0h,0.8028172566527308,0.3536960979262523,0.023245452845054748,8398
29.6_-95.2,29.599999999999902,-95.20000000000064,wspd_error_0h,1.7176805324879707,0.5115533761526434,0.0007892385237739941,8398
29.6_-95.3,29.599999999999902,-95.30000000000064,temp_error_1h,-0.13779674954726262,0.33579459953008256,0.6815522356989034,8398
29.6_-95.3,29.599999999999902,-95.30000000000064,wspd_error_1h,1.4939745539553608,0.46558372820584054,0.0013378397947494403,8398
29.6_-95.3,29.599999999999902,-95.30000000000064,temp_error_0h,0.9006561950143213,0.33774242358800055,0.0076748592713831165,8398
29.6_-95.3,29.599999999999902,-95.30000000000064,wspd_error_0h,1.8235910999072795,0.5098739051385309,0.0003501228200524231,8398
29.6_-95.4,29.599999999999902,-95.40000000000063,temp_error_1h,-0.18732954158491294,0.33181134150215347,0.5723838643519279,8398
29.6_-95.4,29.599999999999902,-95.40000000000063,wspd_error_1h,1.0829342128735566,0.46133996172438146,0.01892982806699961,8398
29.6_-95.4,29.599999999999902,-95.40000000000063,temp_error_0h,0.9359797188660227,0.33109501159109306,0.004710947070623028,8398
29.6_-95.4,29.599999999999902,-95.40000000000063,wspd_error_0h,1.8387248765786002,0.5110857317755847,0.00032291913959570095,8398
29.6_-95.5,29.599999999999902,-95.50000000000063,temp_error_1h,-0.08358738664037796,0.3293711169143283,0.7996727436642306,8398
29.6_-95.5,29.599999999999902,-95.50000000000063,wspd_error_1h,1.2904684963534185,0.4908355037596706,0.008576131827642941,8398
29.6_-95.5,29.599999999999902,-95.50000000000063,temp_error_0h,0.946717392957328,0.3202683552740987,0.003125148865163796,8398
29.6_-95.5,29.599999999999902,-95.50000000000063,wspd_error_0h,1.496544987964164,0.49713196831632217,0.0026171957972811466,8398
29.6_-95.6,29.599999999999902,-95.60000000000062,temp_error_1h,0.20289058490939105,0.32591020232609585,0.5336069689078498,8398
29.6_-95.6,29.599999999999902,-95.60000000000062,wspd_error_1h,0.8777480993616361,0.4968245845768662,0.07731225063233138,8398
29.6_-95.6,29.599999999999902,-95.60000000000062,temp_error_0h,0.8883665703173798,0.3217299382365928,0.005771188108891989,8398
29.6_-95.6,29.599999999999902,-95.60000000000062,wspd_error_0h,1.5941410664063584,0.49359231338660076,0.0012441177394522107,8398
29.6_-95.7,29.599999999999902,-95.70000000000061,temp_error_1h,0.4557656588640704,0.3307319437449437,0.1682242803613243,8398
29.6_-95.7,29.599999999999902,-95.70000000000061,wspd_error_1h,0.8937553806548088,0.45440327901360994,0.04923042604481043,8398
29.6_-95.7,29.599999999999902,-95.70000000000061,temp_error_0h,0.7769407654228734,0.3156435754374884,0.013857739776435674,8398
29.6_-95.7,29.599999999999902,-95.70000000000061,wspd_error_0h,1.4738607029724597,0.48233803622446053,0.002252746175906095,8398
29.6_-95.8,29.599999999999902,-95.80000000000061,temp_error_1h,0.4909430123877252,0.34490317015475963,0.154650982406062,8398
29.6_-95.8,29.599999999999902,-95.80000000000061,wspd_error_1h,1.0139098143109488,0.4559484253463737,0.026192711358411724,8398
29.6_-95.8,29.599999999999902,-95.80000000000061,temp_error_0h,0.7033223066820707,0.31512864535300655,0.025650775223007738,8398
29.6_-95.8,29.599999999999902,-95.80000000000061,wspd_error_0h,1.4701081854565041,0.47476785926514076,0.001964829773113186,8398
29.6_-95.9,29.599999999999902,-95.9000000000006,temp_error_1h,0.27241371841738227,0.3426260228042133,0.4265918925847405,8398
29.6_-95.9,29.599999999999902,-95.9000000000006,wspd_error_1h,1.6313206229823756,0.4490076240051065,0.0002816401529608381,8398
29.6_-95.9,29.599999999999902,-95.9000000000006,temp_error_0h,0.5877383247425995,0.31458077812576035,0.061752109602350336,8398
29.6_-95.9,29.599999999999902,-95.9000000000006,wspd_error_0h,1.4824818369118429,0.46891887844258245,0.001575258673672808,8398
29.6_-96.0,29.599999999999902,-96.0000000000006,temp_error_1h,0.16008974050777167,0.33895984387047645,0.6367270966078804,8398
29.6_-96.0,29.599999999999902,-96.0000000000006,wspd_error_1h,1.6327055826834382,0.4384342725776595,0.00019742329483873888,8398
29.6_-96.0,29.599999999999902,-96.0000000000006,temp_error_0h,0.5192571856405245,0.3091580934166669,0.09307554177528332,8398
29.6_-96.0,29.599999999999902,-96.0000000000006,wspd_error_0h,1.5672661351255541,0.4548908945646324,0.0005730879116847554,8398
29.6_-96.1,29.599999999999902,-96.10000000000059,temp_error_1h,0.205486616392847,0.33017794178388804,0.533727986630322,8398
29.6_-96.1,29.599999999999902,-96.10000000000059,wspd_error_1h,1.4752494586037632,0.42902961005856477,0.0005876436039711219,8398
29.6_-96.1,29.599999999999902,-96.10000000000059,temp_error_0h,0.4469717958484085,0.31002941747660934,0.1494223280352649,8398
29.6_-96.1,29.599999999999902,-96.10000000000059,wspd_error_0h,1.507600119467988,0.45987832453909755,0.0010487649666053311,8398
29.6_-96.5,29.599999999999902,-96.50000000000057,temp_error_1h,-0.08859306966335645,0.3086860314398891,0.7741189932958878,8398
29.6_-96.5,29.599999999999902,-96.50000000000057,wspd_error_1h,1.6497366815261583,0.4301615903032932,0.00012640734145241694,8398
29.6_-96.5,29.599999999999902,-96.50000000000057,temp_error_0h,0.37935081498794454,0.2988118018825935,0.2042871334480838,8398
29.6_-96.5,29.599999999999902,-96.50000000000057,wspd_error_0h,1.5353798114151642,0.44784069595625875,0.0006100667532491499,8398
29.6_-98.0,29.599999999999902,-98.00000000000048,temp_error_1h,-0.36168456472885546,0.33028797436916785,0.2735226887006035,8398
29.6_-98.0,29.599999999999902,-98.00000000000048,wspd_error_1h,0.9214455307065299,0.3750240073606206,0.014029246086374236,8398
29.6_-98.0,29.599999999999902,-98.00000000000048,temp_error_0h,0.49511956895312165,0.2702382885217591,0.06696327540802338,8398
29.6_-98.0,29.599999999999902,-98.00000000000048,wspd_error_0h,2.086516430490739,0.3932127024752353,1.1472325023298424e-07,8398
29.6_-98.1,29.599999999999902,-98.10000000000048,temp_error_1h,-0.432359804737674,0.3204362532644639,0.17728202460014963,8398
29.6_-98.1,29.599999999999902,-98.10000000000048,wspd_error_1h,1.2574530897819183,0.37112405883018723,0.0007067060146095372,8398
29.6_-98.1,29.599999999999902,-98.10000000000048,temp_error_0h,0.511739293337543,0.2739128441311629,0.06176137640794943,8398
29.6_-98.1,29.599999999999902,-98.10000000000048,wspd_error_0h,2.104462362769739,0.39693498246962367,1.1760989448994508e-07,8398
29.6_-98.3,29.599999999999902,-98.30000000000047,temp_error_1h,-0.6683625044831397,0.3318945653753376,0.044064672643783664,8398
29.6_-98.3,29.599999999999902,-98.30000000000047,wspd_error_1h,1.1625273448058924,0.39894958464245334,0.003578100927046135,8398
29.6_-98.3,29.599999999999902,-98.30000000000047,temp_error_0h,0.7769864793774972,0.28173456799160285,0.005830629613872151,8398
29.6_-98.3,29.599999999999902,-98.30000000000047,wspd_error_0h,1.8977602359529724,0.4021145346983597,2.4032510075322477e-06,8398
29.6_-98.5,29.599999999999902,-98.50000000000045,temp_error_1h,-0.36459854407335146,0.3342816468507787,0.2754395839403503,8398
29.6_-98.5,29.599999999999902,-98.50000000000045,wspd_error_1h,0.9282209445070334,0.4308774897428635,0.03124850434558124,8398
29.6_-98.5,29.599999999999902,-98.50000000000045,temp_error_0h,0.9085759696072103,0.29085690399779646,0.001791482890445506,8398
29.6_-98.5,29.599999999999902,-98.50000000000045,wspd_error_0h,1.5954446115511514,0.41520335732759833,0.00012265839693181846,8398
29.6_-98.6,29.599999999999902,-98.60000000000045,temp_error_1h,-0.33251929524616364,0.34022695917032364,0.32842641693416375,8398
29.6_-98.6,29.599999999999902,-98.60000000000045,wspd_error_1h,1.2527469423673958,0.4329030456626634,0.003815609127540087,8398
29.6_-98.6,29.599999999999902,-98.60000000000045,temp_error_0h,0.9169551030445799,0.29330803563752766,0.0017765650555798818,8398
29.6_-98.6,29.599999999999902,-98.60000000000045,wspd_error_0h,1.3104525415350832,0.4134040014843356,0.001530377870940347,8398
29.6_-98.7,29.599999999999902,-98.70000000000044,temp_error_1h,-0.2410597716535351,0.3695811603326705,0.5142570482175288,8398
29.6_-98.7,29.599999999999902,-98.70000000000044,wspd_error_1h,1.431486134912571,0.4248583986885988,0.0007569336426553885,8398
29.6_-98.7,29.599999999999902,-98.70000000000044,temp_error_0h,0.9767907090064218,0.29569707890644725,0.0009593897674062823,8398
29.6_-98.7,29.599999999999902,-98.70000000000044,wspd_error_0h,0.9581906149938684,0.4009184670056411,0.016870913000671672,8398
29.6_-98.9,29.599999999999902,-98.90000000000043,temp_error_1h,-0.7174138397107571,0.37054493523759396,0.05288854556607503,8398
29.6_-98.9,29.599999999999902,-98.90000000000043,wspd_error_1h,0.4492186018397936,0.44782734439522237,0.31583843740010265,8398
29.6_-98.9,29.599999999999902,-98.90000000000043,temp_error_0h,1.0154367367790615,0.2912120502859472,0.0004911068028681242,8398
29.6_-98.9,29.599999999999902,-98.90000000000043,wspd_error_0h,0.8747503091511001,0.39736583006691173,0.027736885452150695,8398
29.6_-99.0,29.599999999999902,-99.00000000000043,temp_error_1h,-0.7506979911402683,0.34926325432950434,0.031633248597642494,8398
29.6_-99.0,29.599999999999902,-99.00000000000043,wspd_error_1h,1.8300520569822243,0.39681350774310975,4.0499817060002385e-06,8398
29.6_-99.0,29.599999999999902,-99.00000000000043,temp_error_0h,0.80115703183477,0.2811402116484492,0.00438715615545382,8398
29.6_-99.0,29.599999999999902,-99.00000000000043,wspd_error_0h,0.4386530832671634,0.3822333940017244,0.2511643803585968,8398
29.6_-99.1,29.599999999999902,-99.10000000000042,temp_error_1h,-0.8809710102007611,0.36726982811919423,0.016475063153945868,8398
29.6_-99.1,29.599999999999902,-99.10000000000042,wspd_error_1h,1.7500042911592355,0.41000152323083777,1.9915510043100326e-05,8398
29.6_-99.1,29.599999999999902,-99.10000000000042,temp_error_0h,0.9374440451883154,0.29173797222497333,0.0013171337709920738,8398
29.6_-99.1,29.599999999999902,-99.10000000000042,wspd_error_0h,0.4953859333528322,0.38146470826084683,0.19410279631245952,8398
29.6_-99.2,29.599999999999902,-99.20000000000041,temp_error_1h,-0.7779457247500257,0.3660773036927059,0.033608704980910176,8398
29.6_-99.2,29.599999999999902,-99.20000000000041,wspd_error_1h,1.0723280960348873,0.4164921404429235,0.010050748239465168,8398
29.6_-99.2,29.599999999999902,-99.20000000000041,temp_error_0h,0.8884611967172757,0.2919963545946813,0.0023518369804049755,8398
29.6_-99.2,29.599999999999902,-99.20000000000041,wspd_error_0h,0.7815938369704484,0.3700546342067047,0.03470713334422948,8398
29.7_-100.0,29.699999999999903,-100.00000000000037,temp_error_1h,-1.4322370226175838,0.35947740798779065,6.827728205149874e-05,8398
29.7_-100.0,29.699999999999903,-100.00000000000037,wspd_error_1h,2.2020822113849112,0.3980072710298551,3.247405611084275e-08,8398
29.7_-100.0,29.699999999999903,-100.00000000000037,temp_error_0h,1.1585716746551453,0.29088889309146015,6.866660805493474e-05,8398
29.7_-100.0,29.699999999999903,-100.00000000000037,wspd_error_0h,-0.793654938897455,0.3683550638769359,0.031222251746561014,8398
29.7_-100.1,29.699999999999903,-100.10000000000036,temp_error_1h,-1.4614999251245402,0.34520218868750696,2.3228664379759678e-05,8398
29.7_-100.1,29.699999999999903,-100.10000000000036,wspd_error_1h,2.5356869984671184,0.38690785395718175,5.944400527368998e-11,8398
29.7_-100.1,29.699999999999903,-100.10000000000036,temp_error_0h,1.273476172672521,0.2944281331472124,1.5412723434193865e-05,8398
29.7_-100.1,29.699999999999903,-100.10000000000036,wspd_error_0h,-1.0238959103514103,0.37269149506073534,0.006021665991540415,8398
29.7_-100.8,29.699999999999903,-100.80000000000032,temp_error_1h,-2.0402836160073794,0.36561352506262285,2.4741269699646296e-08,8398
29.7_-100.8,29.699999999999903,-100.80000000000032,wspd_error_1h,0.09309637786124218,0.39400589269804537,0.8132198859537061,8398
29.7_-100.8,29.699999999999903,-100.80000000000032,temp_error_0h,1.3656961882013512,0.3055743614525167,7.951892486701695e-06,8398
29.7_-100.8,29.699999999999903,-100.80000000000032,wspd_error_0h,-1.7842597852396869,0.32635492865834137,4.7028592131681535e-08,8398
29.7_-95.0,29.699999999999903,-95.00000000000065,temp_error_1h,-1.3887108235139363,0.4171219053326037,0.0008745124281612782,8398
29.7_-95.0,29.699999999999903,-95.00000000000065,wspd_error_1h,1.9871275799527994,0.4377857442014717,5.730090903099949e-06,8398
29.7_-95.0,29.699999999999903,-95.00000000000065,temp_error_0h,0.3398622535934283,0.36108722637493906,0.3466197151548207,8398
29.7_-95.0,29.699999999999903,-95.00000000000065,wspd_error_0h,1.85260249995428,0.5064444342590828,0.0002556982037642541,8398
29.7_-95.1,29.699999999999903,-95.10000000000065,temp_error_1h,-0.6322516869804509,0.3528986557116857,0.0732339379060365,8398
29.7_-95.1,29.699999999999903,-95.10000000000065,wspd_error_1h,1.908130247546424,0.4737393732383208,5.6798220038123404e-05,8398
29.7_-95.1,29.699999999999903,-95.10000000000065,temp_error_0h,0.43718042839402393,0.3459566212833284,0.20637812004810163,8398
29.7_-95.1,29.699999999999903,-95.10000000000065,wspd_error_0h,1.8055519944065077,0.523227148485762,0.0005616925966356323,8398
29.7_-95.2,29.699999999999903,-95.20000000000064,temp_error_1h,-0.3015249186991756,0.34454083385046386,0.38151743588529907,8398
29.7_-95.2,29.699999999999903,-95.20000000000064,wspd_error_1h,1.487626864739144,0.5010575668344249,0.0029964428594768666,8398
29.7_-95.2,29.699999999999903,-95.20000000000064,temp_error_0h,0.7037093990517583,0.3309883408289258,0.03352540463102671,8398
29.7_-95.2,29.699999999999903,-95.20000000000064,wspd_error_0h,1.7231258338660542,0.5294993193882181,0.0011414233075097702,8398
29.7_-95.3,29.699999999999903,-95.30000000000064,temp_error_1h,-0.3437600518159377,0.34309277992492165,0.31639923157357264,8398
29.7_-95.3,29.699999999999903,-95.30000000000064,wspd_error_1h,1.2180685111290153,0.5094841975265875,0.016834275752976025,8398
29.7_-95.3,29.699999999999903,-95.30000000000064,temp_error_0h,0.8038663385163443,0.32136398928563115,0.012388613275500227,8398
29.7_-95.3,29.699999999999903,-95.30000000000064,wspd_error_0h,1.7658212106222253,0.5305563569311839,0.0008777295233335369,8398
29.7_-95.4,29.699999999999903,-95.40000000000063,temp_error_1h,-0.42452745727459656,0.34319874201603207,0.21613199894127066,8398
29.7_-95.4,29.699999999999903,-95.40000000000063,wspd_error_1h,1.116139843202828,0.5216316197166421,0.03240717649689029,8398
29.7_-95.4,29.699999999999903,-95.40000000000063,temp_error_0h,0.8478969691600647,0.3184371015715105,0.007766898568358549,8398
29.7_-95.4,29.699999999999903,-95.40000000000063,wspd_error_0h,1.7218205476339137,0.5310534146456959,0.0011904529010648979,8398
29.7_-95.5,29.699999999999903,-95.50000000000063,temp_error_1h,-0.20065305025621313,0.3310202135531265,0.5444212914414504,8398
29.7_-95.5,29.699999999999903,-95.50000000000063,wspd_error_1h,1.162367969732072,0.5112289614266148,0.023010854326351415,8398
29.7_-95.5,29.699999999999903,-95.50000000000063,temp_error_0h,0.8076029739708367,0.30734308198651306,0.008612339493931698,8398
29.7_-95.5,29.699999999999903,-95.50000000000063,wspd_error_0h,1.5565653861273632,0.516936616496069,0.002610520551344697,8398
29.7_-95.6,29.699999999999903,-95.60000000000062,temp_error_1h,0.025840539803037924,0.33814631046920823,0.9390882024808587,8398
29.7_-95.6,29.699999999999903,-95.60000000000062,wspd_error_1h,0.9552360869098327,0.508255467880393,0.06021909393223712,8398
29.7_-95.6,29.699999999999903,-95.60000000000062,temp_error_0h,0.823016770672107,0.31407381531950107,0.008797102999841933,8398
29.7_-95.6,29.699999999999903,-95.60000000000062,wspd_error_0h,1.637043600235404,0.5085669918375345,0.0012915959175148206,8398
29.7_-95.7,29.699999999999903,-95.70000000000061,temp_error_1h,0.528754512089224,0.3416557567624927,0.12175081633756246,8398
29.7_-95.7,29.699999999999903,-95.70000000000061,wspd_error_1h,0.8538010477266899,0.46371539481096774,0.06562507102104531,8398
29.7_-95.7,29.699999999999903,-95.70000000000061,temp_error_0h,0.6805816780343968,0.3094469670408744,0.027880455399433623,8398
29.7_-95.7,29.699999999999903,-95.70000000000061,wspd_error_0h,1.5444324115546362,0.48940760935851757,0.0016067201893785743,8398
29.7_-95.8,29.699999999999903,-95.80000000000061,temp_error_1h,0.68446590810804,0.33727804186875376,0.04245105169626018,8398
29.7_-95.8,29.699999999999903,-95.80000000000061,wspd_error_1h,1.1762652698851426,0.4394874654352229,0.0074552358417399045,8398
29.7_-95.8,29.699999999999903,-95.80000000000061,temp_error_0h,0.5226001671113072,0.3065988527730518,0.08832341613151606,8398
29.7_-95.8,29.699999999999903,-95.80000000000061,wspd_error_0h,1.4945947960457442,0.47472476910228323,0.0016477880472924866,8398
29.7_-95.9,29.699999999999903,-95.9000000000006,temp_error_1h,0.4078594080097663,0.33655631357678845,0.22559993095363762,8398
29.7_-95.9,29.699999999999903,-95.9000000000006,wspd_error_1h,1.4340886164955688,0.43472440979036264,0.0009748944452672159,8398
29.7_-95.9,29.699999999999903,-95.9000000000006,temp_error_0h,0.4565895149178078,0.30690884856488504,0.13686671177532905,8398
29.7_-95.9,29.699999999999903,-95.9000000000006,wspd_error_0h,1.6332722868496912,0.4648497493755751,0.0004445019451233545,8398
29.7_-96.2,29.699999999999903,-96.20000000000059,temp_error_1h,-0.1464712719147912,0.33049069565652317,0.6576373765961234,8398
29.7_-96.2,29.699999999999903,-96.20000000000059,wspd_error_1h,1.1346797113356726,0.414273861231629,0.006176446239678723,8398
29.7_-96.2,29.699999999999903,-96.20000000000059,temp_error_0h,0.47727993187462786,0.30240787295310334,0.11454246647028454,8398
29.7_-96.2,29.699999999999903,-96.20000000000059,wspd_error_0h,1.4842293520064456,0.44781882156018266,0.0009224663800999622,8398
29.7_-98.0,29.699999999999903,-98.00000000000048,temp_error_1h,-0.7878738212115385,0.3343445924663918,0.01847239014035984,8398
29.7_-98.0,29.699999999999903,-98.00000000000048,wspd_error_1h,0.795920408804651,0.35999375233822983,0.027067775702469765,8398
29.7_-98.0,29.699999999999903,-98.00000000000048,temp_error_0h,0.6267804514454999,0.2699801045669877,0.020279479366262843,8398
29.7_-98.0,29.699999999999903,-98.00000000000048,wspd_error_0h,1.8740057320356802,0.37962276986589366,8.107843338933662e-07,8398
29.7_-98.4,29.699999999999903,-98.40000000000046,temp_error_1h,-0.30197942122236193,0.32702011443955065,0.35581104276625397,8398
29.7_-98.4,29.699999999999903,-98.40000000000046,wspd_error_1h,1.4194016121435646,0.43393604684256526,0.0010760511467773348,8398
29.7_-98.4,29.699999999999903,-98.40000000000046,temp_error_0h,0.8720035668921208,0.28795496322525843,0.0024671400588502923,8398
29.7_-98.4,29.699999999999903,-98.40000000000046,wspd_error_0h,1.5059116663301289,0.41212341788524753,0.00025973690233627167,8398
29.7_-98.5,29.699999999999903,-98.50000000000045,temp_error_1h,-0.49170801665872893,0.35078023111702356,0.16102550064254295,8398
29.7_-98.5,29.699999999999903,-98.50000000000045,wspd_error_1h,1.1927858628666046,0.42087002738308776,0.004606579439058844,8398
29.7_-98.5,29.699999999999903,-98.50000000000045,temp_error_0h,0.8720951021058065,0.2885952198976954,0.002519853615112977,8398
29.7_-98.5,29.699999999999903,-98.50000000000045,wspd_error_0h,1.3609572806988233,0.4145132030706942,0.0010303338082962021,8398
29.7_-98.6,29.699999999999903,-98.60000000000045,temp_error_1h,-0.5735037139135671,0.34667282237511726,0.09810245412564456,8398
29.7_-98.6,29.699999999999903,-98.60000000000045,wspd_error_1h,1.1871767740741417,0.41911838548835983,0.004628782941153986,8398
29.7_-98.6,29.699999999999903,-98.60000000000045,temp_error_0h,0.9234817317950749,0.29060802040014483,0.0014895963675840562,8398
29.7_-98.6,29.699999999999903,-98.60000000000045,wspd_error_0h,1.2697374388934692,0.4147639324877871,0.0022104135470724096,8398
29.7_-99.2,29.699999999999903,-99.20000000000041,temp_error_1h,-1.0147030087360256,0.35608351362106355,0.004387843305135863,8398
29.7_-99.2,29.699999999999903,-99.20000000000041,wspd_error_1h,1.2965781298775143,0.39943829544944487,0.00117498509895686,8398
29.7_-99.2,29.699999999999903,-99.20000000000041,temp_error_0h,0.8740177115809526,0.2865182005346748,0.002291929772597623,8398
29.7_-99.2,29.699999999999903,-99.20000000000041,wspd_error_0h,0.6843776102925062,0.36383573858882473,0.06000569428937963,8398
29.7_-99.3,29.699999999999903,-99.30000000000041,temp_error_1h,-1.0847966810279641,0.3737962589726835,0.003716307623081283,8398
29.7_-99.3,29.699999999999903,-99.30000000000041,wspd_error_1h,1.5095476685511642,0.40655417475369765,0.00020612556939236804,8398
29.7_-99.3,29.699999999999903,-99.30000000000041,temp_error_0h,0.9504305976029186,0.29268434701908763,0.0011696983573079578,8398
29.7_-99.3,29.699999999999903,-99.30000000000041,wspd_error_0h,0.4943148436483358,0.36566208468334915,0.17646466024770646,8398
29.7_-99.4,29.699999999999903,-99.4000000000004,temp_error_1h,-0.9212733446604109,0.3780507688945825,0.01483434925945959,8398
29.7_-99.4,29.699999999999903,-99.4000000000004,wspd_error_1h,1.3839660645725704,0.43200780307396847,0.0013624575090138702,8398
29.7_-99.4,29.699999999999903,-99.4000000000004,temp_error_0h,0.8437535323226648,0.2937220369987908,0.00408100952463486,8398
29.7_-99.4,29.699999999999903,-99.4000000000004,wspd_error_0h,0.296076290943734,0.37639788046021005,0.4315356935663244,8398
29.7_-99.5,29.699999999999903,-99.5000000000004,temp_error_1h,-1.092671845161691,0.3779025193467656,0.00384503994307428,8398
29.7_-99.5,29.699999999999903,-99.5000000000004,wspd_error_1h,0.7448612602746427,0.40735085025175816,0.06750272733981966,8398
29.7_-99.5,29.699999999999903,-99.5000000000004,temp_error_0h,0.7766853717200987,0.28737495728391843,0.006891990386574509,8398
29.7_-99.5,29.699999999999903,-99.5000000000004,wspd_error_0h,0.2562612413234633,0.3725520062396221,0.49156406694907306,8398
29.7_-99.6,29.699999999999903,-99.60000000000039,temp_error_1h,-1.2300278492170167,0.3674050952224704,0.0008179230139131466,8398
29.7_-99.6,29.699999999999903,-99.60000000000039,wspd_error_1h,2.1138004823402117,0.39586650852113414,9.55583281392336e-08,8398
29.7_-99.6,29.699999999999903,-99.60000000000039,temp_error_0h,0.9429509421091973,0.29287509801910244,0.0012884457539001914,8398
29.7_-99.6,29.699999999999903,-99.60000000000039,wspd_error_0h,-0.42839569401503075,0.3857869820595012,0.2668387456300234,8398
29.7_-99.7,29.699999999999903,-99.70000000000039,temp_error_1h,-1.190627025668841,0.3701740532887091,0.0013030517646885897,8398
29.7_-99.7,29.699999999999903,-99.70000000000039,wspd_error_1h,1.5908553509840169,0.4436043064251801,0.00033744313498984546,8398
29.7_-99.7,29.699999999999903,-99.70000000000039,temp_error_0h,1.0080815669586023,0.2947892065433556,0.0006299708340058441,8398
29.7_-99.7,29.699999999999903,-99.70000000000039,wspd_error_0h,-0.5403649091319729,0.3935037639427305,0.1697226491624133,8398
29.7_-99.8,29.699999999999903,-99.80000000000038,temp_error_1h,-1.30160169748963,0.3674479445269203,0.00039885472122835886,8398
29.7_-99.8,29.699999999999903,-99.80000000000038,wspd_error_1h,2.4768883951793237,0.41844542640450355,3.361467992846201e-09,8398
29.7_-99.8,29.699999999999903,-99.80000000000038,temp_error_0h,1.1104559210254374,0.2962358266965383,0.00017905682650209975,8398
29.7_-99.8,29.699999999999903,-99.80000000000038,wspd_error_0h,-0.914559598175364,0.3886830741818076,0.018647190052569096,8398
29.7_-99.9,29.699999999999903,-99.90000000000038,temp_error_1h,-1.0249330812348425,0.3749708366135263,0.006282228695565939,8398
29.7_-99.9,29.699999999999903,-99.90000000000038,wspd_error_1h,0.3599226459875457,0.44751747512939255,0.4212668218819646,8398
29.7_-99.9,29.699999999999903,-99.90000000000038,temp_error_0h,1.198577042808376,0.3018131071063368,7.209462756363472e-05,8398
29.7_-99.9,29.699999999999903,-99.90000000000038,wspd_error_0h,-0.4877551542128349,0.38744037190844244,0.20809558983002274,8398
29.8_-100.1,29.799999999999905,-100.10000000000036,temp_error_1h,-1.0686622579625515,0.3347668927659515,0.001416881681957305,8398
29.8_-100.1,29.799999999999905,-100.10000000000036,wspd_error_1h,1.9893184640133101,0.39853377220180036,6.109318251290574e-07,8398
29.8_-100.1,29.799999999999905,-100.10000000000036,temp_error_0h,1.1283850927238595,0.3033966062735377,0.00020118322227125063,8398
29.8_-100.1,29.799999999999905,-100.10000000000036,wspd_error_0h,-0.8389234062557548,0.3768412051301264,0.0260274375124534,8398
29.8_-94.9,29.799999999999905,-94.90000000000066,temp_error_1h,0.27462291301163366,0.3850373333209161,0.47571896725676366,8398
29.8_-94.9,29.799999999999905,-94.90000000000066,wspd_error_1h,1.831525741431074,0.44648801437057006,4.13353848678355e-05,8398
29.8_-94.9,29.799999999999905,-94.90000000000066,temp_error_0h,-0.36872125209181383,0.35984531536936964,0.30555048327136625,8398
29.8_-94.9,29.799999999999905,-94.90000000000066,wspd_error_0h,1.446140178292471,0.5062328910286428,0.004291675759299229,8398
29.8_-95.0,29.799999999999905,-95.00000000000065,temp_error_1h,-0.1489631907711157,0.3843774277985293,0.6983633403828677,8398
29.8_-95.0,29.799999999999905,-95.00000000000065,wspd_error_1h,1.8243008502092457,0.4619764497345224,7.915444187789333e-05,8398
29.8_-95.0,29.799999999999905,-95.00000000000065,temp_error_0h,0.09266449328026036,0.3379306033886892,0.7839287882479566,8398
29.8_-95.0,29.799999999999905,-95.00000000000065,wspd_error_0h,1.8390989128888378,0.5102042697335096,0.0003144146519118429,8398
29.8_-95.1,29.799999999999905,-95.10000000000065,temp_error_1h,-0.2310362131614824,0.3811033577440742,0.5443786333464993,8398
29.8_-95.1,29.799999999999905,-95.10000000000065,wspd_error_1h,2.029318885296498,0.4794570862732004,2.335432810096627e-05,8398
29.8_-95.1,29.799999999999905,-95.10000000000065,temp_error_0h,0.334055195560156,0.3353529427105007,0.31921573023968275,8398
29.8_-95.1,29.799999999999905,-95.10000000000065,wspd_error_0h,1.5424477249116235,0.5321775630275649,0.0037608293871909115,8398
29.8_-95.2,29.799999999999905,-95.20000000000064,temp_error_1h,-0.4431343164714518,0.3651934064077872,0.22500218666002558,8398
29.8_-95.2,29.799999999999905,-95.20000000000064,wspd_error_1h,1.331751365656884,0.49785790007539643,0.007488310423520161,8398
29.8_-95.2,29.799999999999905,-95.20000000000064,temp_error_0h,0.6263467061729526,0.319206143170981,0.04977219279592271,8398
29.8_-95.2,29.799999999999905,-95.20000000000064,wspd_error_0h,1.500713151629452,0.5405176566506464,0.005508066787804244,8398
29.8_-95.3,29.799999999999905,-95.30000000000064,temp_error_1h,-0.4263454952100736,0.3652933688188977,0.2431904653721837,8398
29.8_-95.3,29.799999999999905,-95.30000000000064,wspd_error_1h,0.8836528673692033,0.5207799188277291,0.08977408239346074,8398
29.8_-95.3,29.799999999999905,-95.30000000000064,temp_error_0h,0.6239061021981451,0.3077443474082961,0.042658110863875054,8398
29.8_-95.3,29.799999999999905,-95.30000000000064,wspd_error_0h,1.5851013906480955,0.5414451307709007,0.0034257855283965633,8398
29.8_-95.4,29.799999999999905,-95.40000000000063,temp_error_1h,-0.11375623141210597,0.37737294601732096,0.7630846172034418,8398
29.8_-95.4,29.799999999999905,-95.40000000000063,wspd_error_1h,0.8700243946194288,0.5399412732147636,0.1071452517174174,8398
29.8_-95.4,29.799999999999905,-95.40000000000063,temp_error_0h,0.5636089531706083,0.3066593433639802,0.06611274377714005,8398
29.8_-95.4,29.799999999999905,-95.40000000000063,wspd_error_0h,1.6262573488448653,0.5373946952819981,0.0024841225403711142,8398
29.8_-95.5,29.799999999999905,-95.50000000000063,temp_error_1h,0.267588186503443,0.3601762918712774,0.45754088931144143,8398
29.8_-95.5,29.799999999999905,-95.50000000000063,wspd_error_1h,1.3742991109827714,0.5235143149590257,0.00867707149788055,8398
29.8_-95.5,29.799999999999905,-95.50000000000063,temp_error_0h,0.482565657039455,0.29856009596662936,0.10606506410156857,8398
29.8_-95.5,29.799999999999905,-95.50000000000063,wspd_error_0h,1.450942346770993,0.5197308225909295,0.005254794938028828,8398
29.8_-95.6,29.799999999999905,-95.60000000000062,temp_error_1h,0.5004465467528009,0.35162368612415007,0.15470256648842384,8398
29.8_-95.6,29.799999999999905,-95.60000000000062,wspd_error_1h,1.304900305008114,0.4971808355529669,0.008690894314622444,8398
29.8_-95.6,29.799999999999905,-95.60000000000062,temp_error_0h,0.5110043401803446,0.3086667916128636,0.09785642155546825,8398
29.8_-95.6,29.799999999999905,-95.60000000000062,wspd_error_0h,1.5416845032114146,0.5118765722568035,0.002604560791328314,8398
29.8_-95.7,29.799999999999905,-95.70000000000061,temp_error_1h,0.6009084072197991,0.3400718226048732,0.07726398864223039,8398
29.8_-95.7,29.799999999999905,-95.70000000000061,wspd_error_1h,0.9073118130210632,0.4627124754308729,0.049929172791542964,8398
29.8_-95.7,29.799999999999905,-95.70000000000061,temp_error_0h,0.5170479830108968,0.3052326776711837,0.09031261987488515,8398
29.8_-95.7,29.799999999999905,-95.70000000000061,wspd_error_0h,1.5114380261798261,0.48934045014867594,0.0020167707763452114,8398
29.8_-95.8,29.799999999999905,-95.80000000000061,temp_error_1h,0.4553450138699415,0.33105960134242757,0.16903906209877806,8398
29.8_-95.8,29.799999999999905,-95.80000000000061,wspd_error_1h,0.946865856558886,0.43557617584927427,0.02974635008997839,8398
29.8_-95.8,29.799999999999905,-95.80000000000061,temp_error_0h,0.5132836795907819,0.30116400145199507,0.08835611096284057,8398
29.8_-95.8,29.799999999999905,-95.80000000000061,wspd_error_0h,1.5324075758667686,0.4732704317530426,0.0012087838955983088,8398
29.8_-95.9,29.799999999999905,-95.9000000000006,temp_error_1h,0.39118983021218146,0.33132348358437735,0.23776009406420306,8398
29.8_-95.9,29.799999999999905,-95.9000000000006,wspd_error_1h,1.0870825443597651,0.41402304668969037,0.00866394961789907,8398
29.8_-95.9,29.799999999999905,-95.9000000000006,temp_error_0h,0.4520431114703068,0.3016989523310212,0.13408658154474828,8398
29.8_-95.9,29.799999999999905,-95.9000000000006,wspd_error_0h,1.6938572591821162,0.4638748440034628,0.0002622660905597929,8398
29.8_-98.0,29.799999999999905,-98.00000000000048,temp_error_1h,-0.9767144030925203,0.33998391537301137,0.0040784370396107494,8398
29.8_-98.0,29.799999999999905,-98.00000000000048,wspd_error_1h,0.6948344730397413,0.366119201256312,0.05775202318404449,8398
29.8_-98.0,29.799999999999905,-98.00000000000048,temp_error_0h,0.6811496836998813,0.26967558284738413,0.011561468505262296,8398
29.8_-98.0,29.799999999999905,-98.00000000000048,wspd_error_0h,1.6608230914186657,0.37204596314384886,8.148861176060507e-06,8398
29.8_-98.1,29.799999999999905,-98.10000000000048,temp_error_1h,-0.7430255205020109,0.33365076857024306,0.02597676945180094,8398
29.8_-98.1,29.799999999999905,-98.10000000000048,wspd_error_1h,0.823855784924453,0.40113737127441274,0.0400261368984931,8398
29.8_-98.1,29.799999999999905,-98.10000000000048,temp_error_0h,0.7674393793597536,0.2805083214561912,0.006234354240588491,8398
29.8_-98.1,29.799999999999905,-98.10000000000048,wspd_error_0h,1.7166064330382111,0.3863870820768975,8.997611501859737e-06,8398
29.8_-98.2,29.799999999999905,-98.20000000000047,temp_error_1h,-0.37947504585797487,0.3155412859095361,0.22915897151170594,8398
29.8_-98.2,29.799999999999905,-98.20000000000047,wspd_error_1h,1.1920035268957017,0.4449231104066013,0.007395994729781252,8398
29.8_-98.2,29.799999999999905,-98.20000000000047,temp_error_0h,0.7619254079497086,0.28242327167694764,0.006993660898960474,8398
29.8_-98.2,29.799999999999905,-98.20000000000047,wspd_error_0h,1.563043290636848,0.39527762367725616,7.73951674015727e-05,8398
29.8_-98.3,29.799999999999905,-98.30000000000047,temp_error_1h,-0.995992915367316,0.3332261626977348,0.0028076187707832823,8398
29.8_-98.3,29.799999999999905,-98.30000000000047,wspd_error_1h,1.0825424869446634,0.4159269984241953,0.009265018059107843,8398
29.8_-98.3,29.799999999999905,-98.30000000000047,temp_error_0h,0.8766538755895631,0.2849461286629422,0.002100813473560059,8398
29.8_-98.3,29.799999999999905,-98.30000000000047,wspd_error_0h,1.4360744784350687,0.4000391344391623,0.00033278412926818213,8398
29.8_-98.4,29.799999999999905,-98.40000000000046,temp_error_1h,-0.7913082462997558,0.3201637906810215,0.013471783119305414,8398
29.8_-98.4,29.799999999999905,-98.40000000000046,wspd_error_1h,0.9361947352900827,0.3865487636599787,0.015459388406615426,8398
29.8_-98.4,29.799999999999905,-98.40000000000046,temp_error_0h,0.8724836459528779,0.28596597753764685,0.002287921324151787,8398
29.8_-98.4,29.799999999999905,-98.40000000000046,wspd_error_0h,1.3542363773978638,0.4055595392798006,0.0008439371303174958,8398
29.8_-98.5,29.799999999999905,-98.50000000000045,temp_error_1h,-0.755978399300841,0.3243754262183185,0.01979992169004996,8398
29.8_-98.5,29.799999999999905,-98.50000000000045,wspd_error_1h,0.8347060397521677,0.39805741952127965,0.03602808574307459,8398
29.8_-98.5,29.799999999999905,-98.50000000000045,temp_error_0h,0.8814879703703616,0.2845063731559415,0.0019527589545613733,8398
29.8_-98.5,29.799999999999905,-98.50000000000045,wspd_error_0h,1.281214298901133,0.40301762156815274,0.0014829622847936097,8398
29.8_-98.6,29.799999999999905,-98.60000000000045,temp_error_1h,-1.0573928630185516,0.3420471092734025,0.001998935710892935,8398
29.8_-98.6,29.799999999999905,-98.60000000000045,wspd_error_1h,1.13229022972477,0.407136999720838,0.005429577231882643,8398
29.8_-98.6,29.799999999999905,-98.60000000000045,temp_error_0h,0.9341988205572572,0.2880677623685842,0.0011874977033659029,8398
29.8_-98.6,29.799999999999905,-98.60000000000045,wspd_error_0h,1.2367343915144593,0.40786249560723226,0.002434956305152225,8398
29.9_-100.1,29.899999999999906,-100.10000000000036,temp_error_1h,-1.4719225542500343,0.354119061157834,3.262778730217519e-05,8398
29.9_-100.1,29.899999999999906,-100.10000000000036,wspd_error_1h,2.3939606960492257,0.4016704219145307,2.6244408868336677e-09,8398
29.9_-100.1,29.899999999999906,-100.10000000000036,temp_error_0h,1.0517171538318,0.3102336889669875,0.0007019554466471956,8398
29.9_-100.1,29.899999999999906,-100.10000000000036,wspd_error_0h,-0.9765682782994289,0.3725993797920661,0.008784117752447251,8398
29.9_-95.0,29.899999999999906,-95.00000000000065,temp_error_1h,0.284180798832329,0.36244545141058965,0.43302418622231786,8398
29.9_-95.0,29.899999999999906,-95.00000000000065,wspd_error_1h,1.5357325465720175,0.4637875194683125,0.0009326255978912013,8398
29.9_-95.0,29.899999999999906,-95.00000000000065,temp_error_0h,0.14138971349168442,0.33229759627280797,0.6704895699426889,8398
29.9_-95.0,29.899999999999906,-95.00000000000065,wspd_error_0h,1.5656954072712226,0.49879091537013676,0.001701264877504327,8398
29.9_-95.1,29.899999999999906,-95.10000000000065,temp_error_1h,0.0019009879341377028,0.3833586357727202,0.9960436072496563,8398
29.9_-95.1,29.899999999999906,-95.10000000000065,wspd_error_1h,1.4255558455817938,0.49855026510322487,0.004254910604274631,8398
29.9_-95.1,29.899999999999906,-95.10000000000065,temp_error_0h,0.3677664357993634,0.3358675955884829,0.2735593901701521,8398
29.9_-95.1,29.899999999999906,-95.10000000000065,wspd_error_0h,1.514114830658943,0.5260584083932599,0.004009331362893498,8398
29.9_-95.3,29.899999999999906,-95.30000000000064,temp_error_1h,-0.3676317319095126,0.3537226835774465,0.2986851244194286,8398
29.9_-95.3,29.899999999999906,-95.30000000000064,wspd_error_1h,1.1443324747133605,0.49761277609468296,0.021492905694235453,8398
29.9_-95.3,29.899999999999906,-95.30000000000064,temp_error_0h,0.532750608289665,0.3033622669169844,0.07909888787860253,8398
29.9_-95.3,29.899999999999906,-95.30000000000064,wspd_error_0h,1.4124088430023622,0.5475173626209617,0.009906675846020008,8398
29.9_-95.4,29.899999999999906,-95.40000000000063,temp_error_1h,-0.06538656519601523,0.3484930360831003,0.8511739245746601,8398
29.9_-95.4,29.899999999999906,-95.40000000000063,wspd_error_1h,1.2472538886121765,0.5022188316142897,0.013029772114329319,8398
29.9_-95.4,29.899999999999906,-95.40000000000063,temp_error_0h,0.36665362883515507,0.29812903305742156,0.2187883609706358,8398
29.9_-95.4,29.899999999999906,-95.40000000000063,wspd_error_0h,1.4144411379598614,0.5418108532930346,0.009054992730371358,8398
29.9_-95.5,29.899999999999906,-95.50000000000063,temp_error_1h,0.03820531663523047,0.3540856334896351,0.9140787798168355,8398
29.9_-95.5,29.899999999999906,-95.50000000000063,wspd_error_1h,1.528968268519117,0.49358726984838025,0.0019569827363095094,8398
29.9_-95.5,29.899999999999906,-95.50000000000063,temp_error_0h,0.28098937746670194,0.2907813957153438,0.3339094683493351,8398
29.9_-95.5,29.899999999999906,-95.50000000000063,wspd_error_0h,1.3487040168596436,0.5208247365999651,0.009626692198524855,8398
29.9_-95.6,29.899999999999906,-95.60000000000062,temp_error_1h,0.24716589083213802,0.34718530587235064,0.47653824431773195,8398
29.9_-95.6,29.899999999999906,-95.60000000000062,wspd_error_1h,1.1530982748223435,0.4922141021868906,0.01916932801275606,8398
29.9_-95.6,29.899999999999906,-95.60000000000062,temp_error_0h,0.3829351295489037,0.30490781878331136,0.2091856779578829,8398
29.9_-95.6,29.899999999999906,-95.60000000000062,wspd_error_0h,1.4991641168352754,0.5112633634353636,0.0033740310697674136,8398
29.9_-95.7,29.899999999999906,-95.70000000000061,temp_error_1h,0.4605960225141367,0.3430732569276804,0.17945134689033648,8398
29.9_-95.7,29.899999999999906,-95.70000000000061,wspd_error_1h,1.052289085581268,0.4473503570320665,0.01868226698703901,8398
29.9_-95.7,29.899999999999906,-95.70000000000061,temp_error_0h,0.3931982978678587,0.30502519050364435,0.19741003336661622,8398
29.9_-95.7,29.899999999999906,-95.70000000000061,wspd_error_0h,1.418802591854886,0.4874750217201162,0.0036178842049530147,8398
29.9_-95.8,29.899999999999906,-95.80000000000061,temp_error_1h,0.39066623534452594,0.3333479618427903,0.24125163827071106,8398
29.9_-95.8,29.899999999999906,-95.80000000000061,wspd_error_1h,0.8261894743784027,0.42230487359624475,0.05045348332447319,8398
29.9_-95.8,29.899999999999906,-95.80000000000061,temp_error_0h,0.3807834750627358,0.2983836365574375,0.201936550601874,8398
29.9_-95.8,29.899999999999906,-95.80000000000061,wspd_error_0h,1.516234612278703,0.4740037647364234,0.0013852469847959181,8398
29.9_-95.9,29.899999999999906,-95.9000000000006,temp_error_1h,0.36003851537800036,0.33180027792771694,0.2779059574426861,8398
29.9_-95.9,29.899999999999906,-95.9000000000006,wspd_error_1h,0.8931000393047243,0.41687859451720116,0.032194104758450415,8398
29.9_-95.9,29.899999999999906,-95.9000000000006,temp_error_0h,0.41184240140285455,0.2988184426322677,0.1681672685622655,8398
29.9_-95.9,29.899999999999906,-95.9000000000006,wspd_error_0h,1.6997156537097877,0.46479369436685686,0.0002568276332022279,8398
29.9_-96.8,29.899999999999906,-96.80000000000055,temp_error_1h,-0.6597535617203824,0.31591089763416874,0.036790466735078464,8398
29.9_-96.8,29.899999999999906,-96.80000000000055,wspd_error_1h,1.5687834358775938,0.4317022609044918,0.00028079249391099736,8398
29.9_-96.8,29.899999999999906,-96.80000000000055,temp_error_0h,0.41498484574545363,0.2881618999801473,0.14987373243869118,8398
29.9_-96.8,29.899999999999906,-96.80000000000055,wspd_error_0h,2.0887557830042622,0.43671409543374656,1.7574996613589633e-06,8398
29.9_-97.6,29.899999999999906,-97.6000000000005,temp_error_1h,-0.9913552980712541,0.33158201388589637,0.002799970207941982,8398
29.9_-97.6,29.899999999999906,-97.6000000000005,wspd_error_1h,1.2306330456977383,0.3912277439101,0.0016634689223766763,8398
29.9_-97.6,29.899999999999906,-97.6000000000005,temp_error_0h,0.5719816012170235,0.26948369473266554,0.03382433476767721,8398
29.9_-97.6,29.899999999999906,-97.6000000000005,wspd_error_0h,2.04318372922724,0.41058945154703547,6.613210259409641e-07,8398
29.9_-98.1,29.899999999999906,-98.10000000000048,temp_error_1h,-1.0031923567006138,0.33210964400368365,0.0025298201055612424,8398
29.9_-98.1,29.899999999999906,-98.10000000000048,wspd_error_1h,0.974060256927568,0.4217225839513534,0.020928025528371474,8398
29.9_-98.1,29.899999999999906,-98.10000000000048,temp_error_0h,0.7836473461207056,0.2796431419646612,0.0050854580527166515,8398
29.9_-98.1,29.899999999999906,-98.10000000000048,wspd_error_0h,1.3963642792648696,0.3851796713178247,0.00029042320197270044,8398
29.9_-98.2,29.899999999999906,-98.20000000000047,temp_error_1h,-0.7247592429607747,0.31522556041392363,0.02151946014533812,8398
29.9_-98.2,29.899999999999906,-98.20000000000047,wspd_error_1h,0.6465823642247154,0.4364919882992868,0.13856021585742218,8398
29.9_-98.2,29.899999999999906,-98.20000000000047,temp_error_0h,0.8676437796812454,0.2809229726065962,0.00201797776542878,8398
29.9_-98.2,29.899999999999906,-98.20000000000047,wspd_error_0h,1.3438366711638985,0.3938229944295252,0.0006472601958478208,8398
29.9_-98.3,29.899999999999906,-98.30000000000047,temp_error_1h,-0.6371651834100476,0.3083031858661363,0.03879469783555489,8398
29.9_-98.3,29.899999999999906,-98.30000000000047,wspd_error_1h,0.47333360347393677,0.38171766939343094,0.21500663537402276,8398
29.9_-98.3,29.899999999999906,-98.30000000000047,temp_error_0h,0.9264581016164558,0.28144483534031617,0.0009996401440435232,8398
29.9_-98.3,29.899999999999906,-98.30000000000047,wspd_error_0h,1.2525690395575109,0.39129070607873245,0.0013740618934268145,8398
29.9_-98.6,29.899999999999906,-98.60000000000045,temp_error_1h,-1.1165696636839253,0.3280589299103263,0.0006682520845529005,8398
29.9_-98.6,29.899999999999906,-98.60000000000045,wspd_error_1h,0.15882666106261317,0.38081768282069334,0.6766397844386531,8398
29.9_-98.6,29.899999999999906,-98.60000000000045,temp_error_0h,0.9540687283742413,0.2835402772314776,0.0007693180598009608,8398
29.9_-98.6,29.899999999999906,-98.60000000000045,wspd_error_0h,1.3012887562171827,0.387981051519369,0.0008000644486045871,8398
30.0_-100.1,29.999999999999908,-100.10000000000036,temp_error_1h,-1.3450373902554214,0.3387214841519492,7.219481264986172e-05,8398
30.0_-100.1,29.999999999999908,-100.10000000000036,wspd_error_1h,2.007508976726566,0.413442263983379,1.222029459624352e-06,8398
30.0_-100.1,29.999999999999908,-100.10000000000036,temp_error_0h,0.9283472440920697,0.3018550887808792,0.002108476166554185,8398
30.0_-100.1,29.999999999999908,-100.10000000000036,wspd_error_0h,-0.7704458752981792,0.3652958917539387,0.03496554936727403,8398
30.0_-100.2,29.999999999999908,-100.20000000000036,temp_error_1h,-1.3986757580226328,0.34959338920707067,6.365617423864656e-05,8398
30.0_-100.2,29.999999999999908,-100.20000000000036,wspd_error_1h,1.5434483939012662,0.4157991164938424,0.00020696056535296492,8398
30.0_-100.2,29.999999999999908,-100.20000000000036,temp_error_0h,0.9469740079498875,0.29762218027486703,0.001468989415055244,8398
30.0_-100.2,29.999999999999908,-100.20000000000036,wspd_error_0h,-0.8204922600628928,0.36216478535812957,0.023506152446987283,8398
30.0_-95.1,29.999999999999908,-95.10000000000065,temp_error_1h,-0.1363955338725706,0.3679192541575371,0.7108544612047674,8398
30.0_-95.1,29.999999999999908,-95.10000000000065,wspd_error_1h,1.2708787075629846,0.4692666221842086,0.006778224800069399,8398
30.0_-95.1,29.999999999999908,-95.10000000000065,temp_error_0h,0.17723600347588356,0.31480937405177567,0.5734536102053673,8398
30.0_-95.1,29.999999999999908,-95.10000000000065,wspd_error_0h,1.5122888216770944,0.5156380654490887,0.003367787206421502,8398
30.0_-95.2,29.999999999999908,-95.20000000000064,temp_error_1h,-0.73494231054357,0.37312565641349243,0.048906754073190006,8398
30.0_-95.2,29.999999999999908,-95.20000000000064,wspd_error_1h,1.0115561230498862,0.4869671457501422,0.03780827893262839,8398
30.0_-95.2,29.999999999999908,-95.20000000000064,temp_error_0h,0.48508802822501473,0.3060143950860329,0.11296318787197324,8398
30.0_-95.2,29.999999999999908,-95.20000000000064,wspd_error_0h,1.5189013119666046,0.5360411479553978,0.004614390369350296,8398
30.0_-95.3,29.999999999999908,-95.30000000000064,temp_error_1h,-0.552089220822906,0.347000076548081,0.11163955720162533,8398
30.0_-95.3,29.999999999999908,-95.30000000000064,wspd_error_1h,1.5524382483181514,0.48324651801236385,0.0013207573186431176,8398
30.0_-95.3,29.999999999999908,-95.30000000000064,temp_error_0h,0.34584679405163143,0.29132287412279695,0.23519835638516096,8398
30.0_-95.3,29.999999999999908,-95.30000000000064,wspd_error_0h,1.3202353999191012,0.5390453020242868,0.014337367363040032,8398
30.0_-95.5,29.999999999999908,-95.50000000000063,temp_error_1h,-0.6532423075709313,0.34094325610137444,0.05540103566776744,8398
30.0_-95.5,29.999999999999908,-95.50000000000063,wspd_error_1h,1.4830920027494618,0.4764095948482306,0.0018578322323448138,8398
30.0_-95.5,29.999999999999908,-95.50000000000063,temp_error_0h,0.1693485400100637,0.281153788465262,0.5469680494550202,8398
30.0_-95.5,29.999999999999908,-95.50000000000063,wspd_error_0h,1.23780541225425,0.5082584941534768,0.014896698176059653,8398
30.0_-95.6,29.999999999999908,-95.60000000000062,temp_error_1h,-0.3319520744798879,0.3398633162020253,0.32873493508838747,8398
30.0_-95.6,29.999999999999908,-95.60000000000062,wspd_error_1h,1.1280775383397683,0.47138890399583966,0.01672893752035054,8398
30.0_-95.6,29.999999999999908,-95.60000000000062,temp_error_0h,0.37781842259748294,0.29951478636249085,0.20718739264849884,8398
30.0_-95.6,29.999999999999908,-95.60000000000062,wspd_error_0h,1.3944747643324205,0.49671792402936354,0.005006240058275102,8398
30.0_-95.7,29.999999999999908,-95.70000000000061,temp_error_1h,0.20079801945056566,0.34080334528971423,0.5557495628059956,8398
30.0_-95.7,29.999999999999908,-95.70000000000061,wspd_error_1h,1.0818753218130597,0.4397889809088551,0.013914289344636677,8398
30.0_-95.7,29.999999999999908,-95.70000000000061,temp_error_0h,0.40899157660335317,0.29823278309440865,0.17029220149793356,8398
30.0_-95.7,29.999999999999908,-95.70000000000061,wspd_error_0h,1.2796458446049326,0.477421158600576,0.007369408255826437,8398
30.0_-95.9,29.999999999999908,-95.9000000000006,temp_error_1h,-0.0624478684485624,0.34470671728565777,0.8562445636663483,8398
30.0_-95.9,29.999999999999908,-95.9000000000006,wspd_error_1h,0.9788689245919232,0.4217681372965551,0.02031781826432444,8398
30.0_-95.9,29.999999999999908,-95.9000000000006,temp_error_0h,0.47920619658480756,0.2935259340574997,0.10259387239675721,8398
30.0_-95.9,29.999999999999908,-95.9000000000006,wspd_error_0h,1.6044599209561414,0.45463413114657675,0.00041918091355319653,8398
30.0_-96.0,29.999999999999908,-96.0000000000006,temp_error_1h,-0.55100259977488,0.3409490743436288,0.10611374147421615,8398
30.0_-96.0,29.999999999999908,-96.0000000000006,wspd_error_1h,1.0560933841461377,0.41630150587954357,0.01120360742521842,8398
30.0_-96.0,29.999999999999908,-96.0000000000006,temp_error_0h,0.5118365815913664,0.2851015082673298,0.07264547549028344,8398
30.0_-96.0,29.999999999999908,-96.0000000000006,wspd_error_0h,1.6834643083508312,0.43970658109784944,0.0001298112318706135,8398
30.0_-96.1,29.999999999999908,-96.10000000000059,temp_error_1h,-0.46344614105235116,0.32556675530312496,0.15462693899687352,8398
30.0_-96.1,29.999999999999908,-96.10000000000059,wspd_error_1h,1.1951112968227509,0.4279073902308013,0.0052353344236306665,8398
30.0_-96.1,29.999999999999908,-96.10000000000059,temp_error_0h,0.490736975321404,0.2877044576098702,0.08810144916746565,8398
30.0_-96.1,29.999999999999908,-96.10000000000059,wspd_error_0h,1.676634362079006,0.4421964722614138,0.00015073080492067348,8398
30.0_-97.0,29.999999999999908,-97.00000000000054,temp_error_1h,-0.9561498660672215,0.3184192297210167,0.0026829809860342557,8398
30.0_-97.0,29.999999999999908,-97.00000000000054,wspd_error_1h,1.9697496384337205,0.43147181036349835,5.061842694553675e-06,8398
30.0_-97.0,29.999999999999908,-97.00000000000054,temp_error_0h,0.2984267180440909,0.27107901410263485,0.2709785869004522,8398
30.0_-97.0,29.999999999999908,-97.00000000000054,wspd_error_0h,1.8184970182079858,0.40908559287021334,8.891339027927714e-06,8398
30.0_-97.6,29.999999999999908,-97.6000000000005,temp_error_1h,-1.1493571646484722,0.33183613307915844,0.0005356137630239122,8398
30.0_-97.6,29.999999999999908,-97.6000000000005,wspd_error_1h,0.8666971298473287,0.3975881266937743,0.02929366712209447,8398
30.0_-97.6,29.999999999999908,-97.6000000000005,temp_error_0h,0.6181779819711639,0.2623874900581212,0.01849720186497872,8398
30.0_-97.6,29.999999999999908,-97.6000000000005,wspd_error_0h,1.8113681461931173,0.39985652239920944,5.978953026675171e-06,8398
30.0_-98.0,29.999999999999908,-98.00000000000048,temp_error_1h,-1.1413206564320613,0.31903237109070115,0.00034893297249660726,8398
30.0_-98.0,29.999999999999908,-98.00000000000048,wspd_error_1h,1.4215214240229561,0.42938256946494135,0.0009348493316176931,8398
30.0_-98.0,29.999999999999908,-98.00000000000048,temp_error_0h,0.7184613342982803,0.2669932074454922,0.007139386801553682,8398
30.0_-98.0,29.999999999999908,-98.00000000000048,wspd_error_0h,1.1857079134250201,0.36193778314845704,0.0010571804061256795,8398
30.0_-98.1,29.999999999999908,-98.10000000000048,temp_error_1h,-0.8611728297706392,0.3151755701076451,0.006301473238497168,8398
30.0_-98.1,29.999999999999908,-98.10000000000048,wspd_error_1h,1.2701048199680305,0.4064323339033377,0.0017840841992167178,8398
30.0_-98.1,29.999999999999908,-98.10000000000048,temp_error_0h,0.7530138750188058,0.27270008588900074,0.005769283195416364,8398
30.0_-98.1,29.999999999999908,-98.10000000000048,wspd_error_0h,1.1274998349681893,0.37655171911657215,0.002759024714658276,8398
30.0_-98.2,29.999999999999908,-98.20000000000047,temp_error_1h,-0.6919252716704936,0.3086267766439997,0.02499084684760522,8398
30.0_-98.2,29.999999999999908,-98.20000000000047,wspd_error_1h,0.8447943908280819,0.3979334136176606,0.03378701043874521,8398
30.0_-98.2,29.999999999999908,-98.20000000000047,temp_error_0h,0.7877150795774704,0.27455216492186335,0.004126856822266545,8398
30.0_-98.2,29.999999999999908,-98.20000000000047,wspd_error_0h,1.1074921099686574,0.38155092013084185,0.0037103925147268235,8398
30.0_-98.3,29.999999999999908,-98.30000000000047,temp_error_1h,-0.8972112563106046,0.31910145227306164,0.004939830370194853,8398
30.0_-98.3,29.999999999999908,-98.30000000000047,wspd_error_1h,0.9158057906600057,0.3986557982974421,0.02163000786824454,8398
30.0_-98.3,29.999999999999908,-98.30000000000047,temp_error_0h,0.9009049614263379,0.2768658349233825,0.0011426861560697166,8398
30.0_-98.3,29.999999999999908,-98.30000000000047,wspd_error_0h,0.9902317105002565,0.37901007406653425,0.008999644636100257,8398
30.0_-98.4,29.999999999999908,-98.40000000000046,temp_error_1h,-1.2952008647427644,0.32458663094915197,6.65511473323388e-05,8398
30.0_-98.4,29.999999999999908,-98.40000000000046,wspd_error_1h,0.7586867642649322,0.37813055007581314,0.044844164341994786,8398
30.0_-98.4,29.999999999999908,-98.40000000000046,temp_error_0h,1.0013805667005264,0.27829426838874166,0.0003221817306136021,8398
30.0_-98.4,29.999999999999908,-98.40000000000046,wspd_error_0h,1.0133071960792295,0.36976292214550366,0.00614903060740879,8398
30.0_-98.6,29.999999999999908,-98.60000000000045,temp_error_1h,-2.4200639803964537,0.3667758798906978,4.4148240618824275e-11,8398
30.0_-98.6,29.999999999999908,-98.60000000000045,wspd_error_1h,0.15671558849623707,0.3423816252557232,0.6471641103572554,8398
30.0_-98.6,29.999999999999908,-98.60000000000045,temp_error_0h,1.1980234266044008,0.27943091614352905,1.828331487208068e-05,8398
30.0_-98.6,29.999999999999908,-98.60000000000045,wspd_error_0h,1.1807877166281462,0.3618039628373882,0.001104439125637402,8398
30.1_-100.2,30.09999999999991,-100.20000000000036,temp_error_1h,-1.0639174964877534,0.3341772029036909,0.0014594267949570305,8398
30.1_-100.2,30.09999999999991,-100.20000000000036,wspd_error_1h,1.3358079250733068,0.4010699697269681,0.0008703128329494714,8398
30.1_-100.2,30.09999999999991,-100.20000000000036,temp_error_0h,0.8327192268594116,0.29970153604032124,0.005473326368547582,8398
30.1_-100.2,30.09999999999991,-100.20000000000036,wspd_error_0h,-0.8305199885724035,0.3669747774106984,0.023651820271083812,8398
30.1_-94.2,30.09999999999991,-94.2000000000007,temp_error_1h,0.5772422004122154,0.3091248118683195,0.06188862301121367,8398
30.1_-94.2,30.09999999999991,-94.2000000000007,wspd_error_1h,0.8077806241592246,0.4662246936636898,0.08320379317302162,8398
30.1_-94.2,30.09999999999991,-94.2000000000007,temp_error_0h,-0.25416172196344505,0.3123523035648478,0.41583882276774875,8398
30.1_-94.2,30.09999999999991,-94.2000000000007,wspd_error_0h,2.9519648745290974,0.5738696321318131,2.75111229131042e-07,8398
30.1_-95.2,30.09999999999991,-95.20000000000064,temp_error_1h,-0.16121699680648405,0.3393108777313938,0.6347062741864775,8398
30.1_-95.2,30.09999999999991,-95.20000000000064,wspd_error_1h,2.0792485228081516,0.5070963355663095,4.165193938354683e-05,8398
30.1_-95.2,30.09999999999991,-95.20000000000064,temp_error_0h,0.3323001418737379,0.3108519998683353,0.28510148538877966,8398
30.1_-95.2,30.09999999999991,-95.20000000000064,wspd_error_0h,1.4649018929953963,0.5716912005720124,0.01041250173203534,8398
30.1_-95.3,30.09999999999991,-95.30000000000064,temp_error_1h,-0.5990287903194084,0.33358629530485207,0.0725745988266957,8398
30.1_-95.3,30.09999999999991,-95.30000000000064,wspd_error_1h,2.0403607519073685,0.4952326343988502,3.825206810414983e-05,8398
30.1_-95.3,30.09999999999991,-95.30000000000064,temp_error_0h,0.36132041895327727,0.30130864789780076,0.23049568867903192,8398
30.1_-95.3,30.09999999999991,-95.30000000000064,wspd_error_0h,1.4973418771113598,0.567155266453014,0.008303764111420975,8398
30.1_-95.4,30.09999999999991,-95.40000000000063,temp_error_1h,-0.4836550093502261,0.32749606177410995,0.13975971567206846,8398
30.1_-95.4,30.09999999999991,-95.40000000000063,wspd_error_1h,1.8747196396099182,0.4740149821055045,7.71734117663847e-05,8398
30.1_-95.4,30.09999999999991,-95.40000000000063,temp_error_0h,0.24101730051004785,0.2960644373126086,0.4156278085671108,8398
30.1_-95.4,30.09999999999991,-95.40000000000063,wspd_error_0h,1.4534424155386154,0.5569705634819694,0.009082308461174637,8398
30.1_-95.5,30.09999999999991,-95.50000000000063,temp_error_1h,-0.6236442523855588,0.3269734388391141,0.056512909820525925,8398
30.1_-95.5,30.09999999999991,-95.50000000000063,wspd_error_1h,1.6378678954164432,0.47069710762538597,0.0005046036184854774,8398
30.1_-95.5,30.09999999999991,-95.50000000000063,temp_error_0h,0.13436569092283418,0.279853952323993,0.6311490172737035,8398
30.1_-95.5,30.09999999999991,-95.50000000000063,wspd_error_0h,1.37603403894037,0.5322391188625987,0.00974428534169669,8398
30.1_-95.6,30.09999999999991,-95.60000000000062,temp_error_1h,0.05928953030022762,0.3255844267919235,0.855507204935011,8398
30.1_-95.6,30.09999999999991,-95.60000000000062,wspd_error_1h,1.3072022670866508,0.46666173967088714,0.005103358778526523,8398
30.1_-95.6,30.09999999999991,-95.60000000000062,temp_error_0h,0.3271436844038337,0.2996322526767833,0.274944881474954,8398
30.1_-95.6,30.09999999999991,-95.60000000000062,wspd_error_0h,1.5277095681678974,0.5281510584951837,0.0038310073240979126,8398
30.1_-96.1,30.09999999999991,-96.10000000000059,temp_error_1h,-0.35129047330634794,0.3409065312567981,0.3028240425232176,8398
30.1_-96.1,30.09999999999991,-96.10000000000059,wspd_error_1h,1.208126601202309,0.43746056818131296,0.005763020334005775,8398
30.1_-96.1,30.09999999999991,-96.10000000000059,temp_error_0h,0.4016180551624323,0.28860634392414924,0.16408746015545117,8398
30.1_-96.1,30.09999999999991,-96.10000000000059,wspd_error_0h,1.903317494308647,0.453972135654859,2.7863637887426407e-05,8398
30.1_-96.2,30.09999999999991,-96.20000000000059,temp_error_1h,-0.359988913453666,0.3331313203657634,0.27989664011933413,8398
30.1_-96.2,30.09999999999991,-96.20000000000059,wspd_error_1h,1.3397320241100246,0.441989732454406,0.002443797347065013,8398
30.1_-96.2,30.09999999999991,-96.20000000000059,temp_error_0h,0.4313307575810877,0.288424742186008,0.1348293994846661,8398
30.1_-96.2,30.09999999999991,-96.20000000000059,wspd_error_0h,1.7923685310602049,0.443712861358764,5.404970695543909e-05,8398
30.1_-96.3,30.09999999999991,-96.30000000000058,temp_error_1h,-0.7046224813225648,0.3398062049285416,0.0381469475027334,8398
30.1_-96.3,30.09999999999991,-96.30000000000058,wspd_error_1h,1.2500268598055333,0.43813214423301405,0.004340383937197156,8398
30.1_-96.3,30.09999999999991,-96.30000000000058,temp_error_0h,0.4982246845175857,0.2893709447793391,0.08515166216166503,8398
30.1_-96.3,30.09999999999991,-96.30000000000058,wspd_error_0h,1.8029550183680951,0.44208798222258766,4.5792843550440665e-05,8398
30.1_-97.2,30.09999999999991,-97.20000000000053,temp_error_1h,-1.1149633408608055,0.315673073016239,0.00041462403108227797,8398
30.1_-97.2,30.09999999999991,-97.20000000000053,wspd_error_1h,1.5345603676167185,0.4603123625693505,0.000860603055727438,8398
30.1_-97.2,30.09999999999991,-97.20000000000053,temp_error_0h,0.5160134326115273,0.27314452939395584,0.058905126777336614,8398
30.1_-97.2,30.09999999999991,-97.20000000000053,wspd_error_0h,2.345149224471721,0.42639982510360125,3.912616941548208e-08,8398
30.1_-97.3,30.09999999999991,-97.30000000000052,temp_error_1h,-1.1280384737501683,0.32444311640369794,0.0005099311032012999,8398
30.1_-97.3,30.09999999999991,-97.30000000000052,wspd_error_1h,1.3915966720896944,0.4519605582226351,0.002083547115680817,8398
30.1_-97.3,30.09999999999991,-97.30000000000052,temp_error_0h,0.607425189621723,0.27214318309008456,0.025640977703705436,8398
30.1_-97.3,30.09999999999991,-97.30000000000052,wspd_error_0h,2.364207874682262,0.42695525521643507,3.16362407382087e-08,8398
30.1_-97.5,30.09999999999991,-97.50000000000051,temp_error_1h,-1.2883219591530533,0.3268872050067251,8.174203384370138e-05,8398
30.1_-97.5,30.09999999999991,-97.50000000000051,wspd_error_1h,1.2734515231421752,0.4214204443410042,0.0025203105639770573,8398
30.1_-97.5,30.09999999999991,-97.50000000000051,temp_error_0h,0.5914625160411706,0.2632397305172162,0.024675046596853267,8398
30.1_-97.5,30.09999999999991,-97.50000000000051,wspd_error_0h,2.023763376586907,0.4234138245919007,1.7861230550142437e-06,8398
30.1_-97.6,30.09999999999991,-97.6000000000005,temp_error_1h,-1.6150224550889924,0.32327981353616975,5.979806971811996e-07,8398
30.1_-97.6,30.09999999999991,-97.6000000000005,wspd_error_1h,0.8590645086670544,0.40123861616064754,0.032300345716261614,8398
30.1_-97.6,30.09999999999991,-97.6000000000005,temp_error_0h,0.7029723250791756,0.2679103006840367,0.00870849708368393,8398
30.1_-97.6,30.09999999999991,-97.6000000000005,wspd_error_0h,1.9077542158395213,0.425357586192988,7.386707612688781e-06,8398
30.1_-97.9,30.09999999999991,-97.90000000000049,temp_error_1h,-1.1883909494325073,0.314279652589164,0.0001570882617043523,8398
30.1_-97.9,30.09999999999991,-97.90000000000049,wspd_error_1h,1.5757623265471308,0.40828768176232444,0.000114502288188989,8398
30.1_-97.9,30.09999999999991,-97.90000000000049,temp_error_0h,0.6410011788482726,0.2718830321974391,0.018414647056606226,8398
30.1_-97.9,30.09999999999991,-97.90000000000049,wspd_error_0h,1.2036841604687833,0.40280626560898475,0.0028139941747178376,8398
30.1_-98.0,30.09999999999991,-98.00000000000048,temp_error_1h,-1.3377833572391205,0.3176685327225462,2.5661954798916753e-05,8398
30.1_-98.0,30.09999999999991,-98.00000000000048,wspd_error_1h,1.6001019639087415,0.41574409865382067,0.00011959865638888623,8398
30.1_-98.0,30.09999999999991,-98.00000000000048,temp_error_0h,0.7203987779636024,0.2708213405348098,0.007827780273374385,8398
30.1_-98.0,30.09999999999991,-98.00000000000048,wspd_error_0h,0.9920482224537165,0.38861624294395003,0.010704597043621256,8398
30.1_-98.1,30.09999999999991,-98.10000000000048,temp_error_1h,-1.4341598005532032,0.33080529477503046,1.4722837685221535e-05,8398
30.1_-98.1,30.09999999999991,-98.10000000000048,wspd_error_1h,0.9998073898667346,0.4046192632704156,0.013494014452810399,8398
30.1_-98.1,30.09999999999991,-98.10000000000048,temp_error_0h,0.8062089359407714,0.27602205475216585,0.0035005270627301854,8398
30.1_-98.1,30.09999999999991,-98.10000000000048,wspd_error_0h,1.1056712464257152,0.38893014807490367,0.0044820107830949585,8398
30.1_-98.4,30.09999999999991,-98.40000000000046,temp_error_1h,-1.3722720515274447,0.33475694559022817,4.183087495035487e-05,8398
30.1_-98.4,30.09999999999991,-98.40000000000046,wspd_error_1h,0.9206284668163855,0.37443505971270147,0.013963723406690276,8398
30.1_-98.4,30.09999999999991,-98.40000000000046,temp_error_0h,0.9679947191125208,0.2799226063487919,0.0005467517734001337,8398
30.1_-98.4,30.09999999999991,-98.40000000000046,wspd_error_0h,0.9123170611503415,0.3746949249081251,0.014919724891276687,8398
30.1_-98.5,30.09999999999991,-98.50000000000045,temp_error_1h,-1.5022135138217192,0.3416616036251983,1.112242308831668e-05,8398
30.1_-98.5,30.09999999999991,-98.50000000000045,wspd_error_1h,0.9645801852064287,0.3726482277025499,0.009657676585387076,8398
30.1_-98.5,30.09999999999991,-98.50000000000045,temp_error_0h,1.0235326972613277,0.2795964310652736,0.00025302922185144183,8398
30.1_-98.5,30.09999999999991,-98.50000000000045,wspd_error_0h,0.8518815224714146,0.36485342039711205,0.01957431063263626,8398
30.1_-98.6,30.09999999999991,-98.60000000000045,temp_error_1h,-2.1019518111804576,0.3600744156859819,5.495256694132422e-09,8398
30.1_-98.6,30.09999999999991,-98.60000000000045,wspd_error_1h,0.7601544621521541,0.3781614403028005,0.044449283938555295,8398
30.1_-98.6,30.09999999999991,-98.60000000000045,temp_error_0h,1.152518322024605,0.28394025656396804,4.97290098089298e-05,8398
30.1_-98.6,30.09999999999991,-98.60000000000045,wspd_error_0h,0.9047870637671107,0.36997144826124123,0.014483263168968419,8398
30.1_-98.7,30.09999999999991,-98.70000000000044,temp_error_1h,-2.6661427128520057,0.3755219969503496,1.3513634655737405e-12,8398
30.1_-98.7,30.09999999999991,-98.70000000000044,wspd_error_1h,0.5469980363173096,0.3674856967174546,0.13665999108600513,8398
30.1_-98.7,30.09999999999991,-98.70000000000044,temp_error_0h,1.2596053606090514,0.28378546006487526,9.171498527527078e-06,8398
30.1_-98.7,30.09999999999991,-98.70000000000044,wspd_error_0h,0.8527256241355774,0.3726605132174201,0.02215013075825567,8398
30.2_-100.2,30.19999999999991,-100.20000000000036,temp_error_1h,-0.8675738727045553,0.32560394777262147,0.007724942661225587,8398
30.2_-100.2,30.19999999999991,-100.20000000000036,wspd_error_1h,1.4624913333463456,0.3931631853681616,0.00020068103769155243,8398
30.2_-100.2,30.19999999999991,-100.20000000000036,temp_error_0h,0.7087333984235432,0.296456348461372,0.016839031540766047,8398
30.2_-100.2,30.19999999999991,-100.20000000000036,wspd_error_0h,-0.930254463090782,0.35778928224481354,0.009338603431428893,8398
30.2_-95.2,30.19999999999991,-95.20000000000064,temp_error_1h,-0.151064733860113,0.3293785745610147,0.6465078093847718,8398
30.2_-95.2,30.19999999999991,-95.20000000000064,wspd_error_1h,1.9827783264000953,0.5086037180520023,9.755800144395366e-05,8398
30.2_-95.2,30.19999999999991,-95.20000000000064,temp_error_0h,0.3405103458561821,0.3023182719169478,0.2600579205854454,8398
30.2_-95.2,30.19999999999991,-95.20000000000064,wspd_error_0h,1.7812056738190936,0.5879498142610007,0.002456914366062657,8398
30.2_-95.3,30.19999999999991,-95.30000000000064,temp_error_1h,-0.3446199078283693,0.32206333896340045,0.2846332561366762,8398
30.2_-95.3,30.19999999999991,-95.30000000000064,wspd_error_1h,2.086715282668937,0.497816426733494,2.7968052419335976e-05,8398
30.2_-95.3,30.19999999999991,-95.30000000000064,temp_error_0h,0.30656483352002667,0.2977163277383439,0.30317067456195934,8398
30.2_-95.3,30.19999999999991,-95.30000000000064,wspd_error_0h,1.722726084918929,0.5790003034810001,0.0029349596260028754,8398
30.2_-95.4,30.19999999999991,-95.40000000000063,temp_error_1h,-0.2760193004615665,0.3224757001703185,0.3920564553472228,8398
30.2_-95.4,30.19999999999991,-95.40000000000063,wspd_error_1h,2.002989507810572,0.4859455744797896,3.794926367128859e-05,8398
30.2_-95.4,30.19999999999991,-95.40000000000063,temp_error_0h,0.15231858425266764,0.29140561160208006,0.6011948158327316,8398
30.2_-95.4,30.19999999999991,-95.40000000000063,wspd_error_0h,1.6620106007539517,0.5691542657755011,0.0035080841599999246,8398
30.2_-95.5,30.19999999999991,-95.50000000000063,temp_error_1h,-0.31812532430958923,0.32082219961942454,0.3214243965459955,8398
30.2_-95.5,30.19999999999991,-95.50000000000063,wspd_error_1h,1.8655777884355516,0.4852649280409264,0.00012171852399345262,8398
30.2_-95.5,30.19999999999991,-95.50000000000063,temp_error_0h,0.012970265053072277,0.27256738707969125,0.9620476972404823,8398
30.2_-95.5,30.19999999999991,-95.50000000000063,wspd_error_0h,1.4459656029876182,0.5431243867942359,0.00777549266794586,8398
30.2_-95.6,30.19999999999991,-95.60000000000062,temp_error_1h,0.19141713335953348,0.31572479438085854,0.5443463474158508,8398
30.2_-95.6,30.19999999999991,-95.60000000000062,wspd_error_1h,1.401143791822683,0.47655595659538774,0.0032895719741250495,8398
30.2_-95.6,30.19999999999991,-95.60000000000062,temp_error_0h,0.28604240776331763,0.29464476438336823,0.33167383455126886,8398
30.2_-95.6,30.19999999999991,-95.60000000000062,wspd_error_0h,1.6698564512458127,0.5414680090291302,0.00204943241317479,8398
30.2_-95.7,30.19999999999991,-95.70000000000061,temp_error_1h,0.3001284437483769,0.3208882256170901,0.3496580360037487,8398
30.2_-95.7,30.19999999999991,-95.70000000000061,wspd_error_1h,1.3824282656952709,0.5048023737213119,0.0061840897062317435,8398
30.2_-95.7,30.19999999999991,-95.70000000000061,temp_error_0h,0.4076280218262187,0.2941851154314421,0.16590073573378472,8398
30.2_-95.7,30.19999999999991,-95.70000000000061,wspd_error_0h,1.725486671013676,0.5296119177642101,0.0011264029036517353,8398
30.2_-96.3,30.19999999999991,-96.30000000000058,temp_error_1h,-0.6607409024409068,0.3314791147855427,0.04625988257113711,8398
30.2_-96.3,30.19999999999991,-96.30000000000058,wspd_error_1h,1.4391613404392416,0.4566682366819701,0.0016304298979601395,8398
30.2_-96.3,30.19999999999991,-96.30000000000058,temp_error_0h,0.4356483405370102,0.28179286350908145,0.12214537396651037,8398
30.2_-96.3,30.19999999999991,-96.30000000000058,wspd_error_0h,1.9124660280839119,0.43299077182388507,1.0139920074259123e-05,8398
30.2_-96.4,30.19999999999991,-96.40000000000057,temp_error_1h,-0.7436631959813013,0.3267725342443263,0.022884232233252533,8398
30.2_-96.4,30.19999999999991,-96.40000000000057,wspd_error_1h,1.4850195005478999,0.43486344651245584,0.0006410656802551262,8398
30.2_-96.4,30.19999999999991,-96.40000000000057,temp_error_0h,0.36288220734421534,0.2842316379062587,0.20173909336787554,8398
30.2_-96.4,30.19999999999991,-96.40000000000057,wspd_error_0h,1.8529311121914835,0.4349659660558984,2.067187066923104e-05,8398
30.2_-96.5,30.19999999999991,-96.50000000000057,temp_error_1h,-0.9896578012257399,0.34311821330079256,0.003932803121070805,8398
30.2_-96.5,30.19999999999991,-96.50000000000057,wspd_error_1h,1.429850004187145,0.4300141590783201,0.0008876022267378936,8398
30.2_-96.5,30.19999999999991,-96.50000000000057,temp_error_0h,0.3208807074227608,0.28502177810122875,0.2602777794532385,8398
30.2_-96.5,30.19999999999991,-96.50000000000057,wspd_error_0h,1.7540492279317477,0.4297393346839006,4.5131847888679744e-05,8398
30.2_-96.6,30.19999999999991,-96.60000000000056,temp_error_1h,-1.4403458279814718,0.3488740520475442,3.686001468539146e-05,8398
30.2_-96.6,30.19999999999991,-96.60000000000056,wspd_error_1h,1.1281817352067747,0.43605486081397005,0.009691343506986527,8398
30.2_-96.6,30.19999999999991,-96.60000000000056,temp_error_0h,0.48477091370163755,0.28940838128685953,0.09396359940563292,8398
30.2_-96.6,30.19999999999991,-96.60000000000056,wspd_error_0h,1.9092096893714827,0.43625657016949426,1.2215231513179603e-05,8398
30.2_-96.7,30.19999999999991,-96.70000000000056,temp_error_1h,-1.4422342848630665,0.32677851994590656,1.0299374118005744e-05,8398
30.2_-96.7,30.19999999999991,-96.70000000000056,wspd_error_1h,0.9969038285745658,0.4387228895462545,0.02309454381191145,8398
30.2_-96.7,30.19999999999991,-96.70000000000056,temp_error_0h,0.45811509917953097,0.2818616132793307,0.10413226929232144,8398
30.2_-96.7,30.19999999999991,-96.70000000000056,wspd_error_0h,2.0374574825120524,0.4353139065411823,2.907765885185043e-06,8398
30.2_-96.8,30.19999999999991,-96.80000000000055,temp_error_1h,-1.135023521087375,0.31697262955189565,0.0003444559765695132,8398
30.2_-96.8,30.19999999999991,-96.80000000000055,wspd_error_1h,1.3941646994647747,0.42038282016587886,0.0009156866380781725,8398
30.2_-96.8,30.19999999999991,-96.80000000000055,temp_error_0h,0.36141170499698694,0.2800523394595149,0.1969076636764342,8398
30.2_-96.8,30.19999999999991,-96.80000000000055,wspd_error_0h,2.0158919093567413,0.4347246316802786,3.585769395186844e-06,8398
30.2_-96.9,30.19999999999991,-96.90000000000055,temp_error_1h,-1.5366849813183059,0.3186447066155024,1.4422837273375677e-06,8398
30.2_-96.9,30.19999999999991,-96.90000000000055,wspd_error_1h,1.1435252344217042,0.41679988910203947,0.006090224731611915,8398
30.2_-96.9,30.19999999999991,-96.90000000000055,temp_error_0h,0.47771246605134343,0.2770450647757879,0.08468829873106731,8398
30.2_-96.9,30.19999999999991,-96.90000000000055,wspd_error_0h,2.2285006443490825,0.4317364429706655,2.503307789947229e-07,8398
30.2_-97.0,30.19999999999991,-97.00000000000054,temp_error_1h,-1.5400669664987263,0.32512339940492613,2.2062423967739164e-06,8398
30.2_-97.0,30.19999999999991,-97.00000000000054,wspd_error_1h,1.1721562658243039,0.40072796488054985,0.0034530787967410603,8398
30.2_-97.0,30.19999999999991,-97.00000000000054,temp_error_0h,0.47780740944208394,0.27140961679627973,0.07836540129149361,8398
30.2_-97.0,30.19999999999991,-97.00000000000054,wspd_error_0h,2.3091504933461846,0.4208488444575332,4.2104024489120206e-08,8398
30.2_-97.1,30.19999999999991,-97.10000000000053,temp_error_1h,-1.5409927069780731,0.3275816283282599,2.590197304197517e-06,8398
30.2_-97.1,30.19999999999991,-97.10000000000053,wspd_error_1h,1.238278084098391,0.4188925411447571,0.0031245128427566105,8398
30.2_-97.1,30.19999999999991,-97.10000000000053,temp_error_0h,0.5148453319698059,0.27275199350047924,0.05911494798187178,8398
30.2_-97.1,30.19999999999991,-97.10000000000053,wspd_error_0h,2.3787495755456476,0.4268471658484323,2.584163261154515e-08,8398
30.2_-97.2,30.19999999999991,-97.20000000000053,temp_error_1h,-1.336250007198562,0.32254722424615395,3.464658276630672e-05,8398
30.2_-97.2,30.19999999999991,-97.20000000000053,wspd_error_1h,1.1769149047547298,0.4618176361567868,0.010838297625389126,8398
30.2_-97.2,30.19999999999991,-97.20000000000053,temp_error_0h,0.5807983640013378,0.27109390330669936,0.032188105314619575,8398
30.2_-97.2,30.19999999999991,-97.20000000000053,wspd_error_0h,2.4095457195263696,0.4245107509169424,1.4244447843481112e-08,8398
30.2_-97.3,30.19999999999991,-97.30000000000052,temp_error_1h,-0.9959844167456617,0.31727489999215586,0.0017000881161233217,8398
30.2_-97.3,30.19999999999991,-97.30000000000052,wspd_error_1h,0.8938802092800222,0.4485525573495807,0.046314680782733486,8398
30.2_-97.3,30.19999999999991,-97.30000000000052,temp_error_0h,0.6494316803189776,0.2728887797842155,0.017342452999381086,8398
30.2_-97.3,30.19999999999991,-97.30000000000052,wspd_error_0h,2.3984671168049956,0.42365670855062737,1.551589634551931e-08,8398
30.2_-97.4,30.19999999999991,-97.40000000000052,temp_error_1h,-1.0361070206578702,0.3193930164561803,0.0011833217638701488,8398
30.2_-97.4,30.19999999999991,-97.40000000000052,wspd_error_1h,1.590318611701936,0.4139121293040809,0.0001228567297166805,8398
30.2_-97.4,30.19999999999991,-97.40000000000052,temp_error_0h,0.5948119442194496,0.26829402253075946,0.026648862263699336,8398
30.2_-97.4,30.19999999999991,-97.40000000000052,wspd_error_0h,2.0203811105022447,0.4275378919271535,2.3316390160843525e-06,8398
30.2_-97.5,30.19999999999991,-97.50000000000051,temp_error_1h,-1.2945831344421859,0.3274000405717222,7.744683756105708e-05,8398
30.2_-97.5,30.19999999999991,-97.50000000000051,wspd_error_1h,1.2828820708894366,0.39914132661502816,0.0013134897549413882,8398
30.2_-97.5,30.19999999999991,-97.50000000000051,temp_error_0h,0.6270951618435773,0.26157603982587413,0.016534952457037955,8398
30.2_-97.5,30.19999999999991,-97.50000000000051,wspd_error_0h,1.921507003947455,0.424554207160054,6.095917116200056e-06,8398
30.2_-97.6,30.19999999999991,-97.6000000000005,temp_error_1h,-1.371007111000694,0.3342258655493671,4.134140051559321e-05,8398
30.2_-97.6,30.19999999999991,-97.6000000000005,wspd_error_1h,1.2137054503726203,0.3863080067465916,0.0016849485679708565,8398
30.2_-97.6,30.19999999999991,-97.6000000000005,temp_error_0h,0.6674278424347979,0.26716838069062976,0.012503249012643103,8398
30.2_-97.6,30.19999999999991,-97.6000000000005,wspd_error_0h,1.717879248535317,0.4357277739846204,8.127733691654093e-05,8398
30.2_-97.7,30.19999999999991,-97.7000000000005,temp_error_1h,-1.4438958598805902,0.3372751252710064,1.8808114747193017e-05,8398
30.2_-97.7,30.19999999999991,-97.7000000000005,wspd_error_1h,1.2131971828857455,0.4094188234157512,0.0030529927628184517,8398
30.2_-97.7,30.19999999999991,-97.7000000000005,temp_error_0h,0.6314848721897603,0.2633846044796768,0.01652572402067687,8398
30.2_-97.7,30.19999999999991,-97.7000000000005,wspd_error_0h,1.44195120387253,0.43475183981523197,0.0009146871586525052,8398
30.2_-97.8,30.19999999999991,-97.8000000000005,temp_error_1h,-1.6992195627882978,0.33416333839000634,3.7561572008293354e-07,8398
30.2_-97.8,30.19999999999991,-97.8000000000005,wspd_error_1h,1.933963911666518,0.4685281234189875,3.699008687663152e-05,8398
30.2_-97.8,30.19999999999991,-97.8000000000005,temp_error_0h,0.6196678119916731,0.2654314417079463,0.019589551560754925,8398
30.2_-97.8,30.19999999999991,-97.8000000000005,wspd_error_0h,1.0529241318559708,0.43335965998449205,0.015133197941443965,8398
30.2_-97.9,30.19999999999991,-97.90000000000049,temp_error_1h,-1.3862050926248182,0.3224290863776005,1.7331850379775915e-05,8398
30.2_-97.9,30.19999999999991,-97.90000000000049,wspd_error_1h,1.952698514267818,0.4374208159076116,8.145361058531364e-06,8398
30.2_-97.9,30.19999999999991,-97.90000000000049,temp_error_0h,0.6335756993815437,0.2724598798591225,0.02007489217064018,8398
30.2_-97.9,30.19999999999991,-97.90000000000049,wspd_error_0h,0.8580516551439668,0.4201331969998271,0.04114989071466435,8398
30.2_-98.0,30.19999999999991,-98.00000000000048,temp_error_1h,-1.446750202362269,0.3296222510829942,1.152114334601606e-05,8398
30.2_-98.0,30.19999999999991,-98.00000000000048,wspd_error_1h,1.3480750581275933,0.41408008858894246,0.0011360770157005096,8398
30.2_-98.0,30.19999999999991,-98.00000000000048,temp_error_0h,0.756534311416192,0.27117175469306776,0.005284844750129691,8398
30.2_-98.0,30.19999999999991,-98.00000000000048,wspd_error_0h,0.7967081604514206,0.39837776208320963,0.04554541478167873,8398
30.2_-98.5,30.19999999999991,-98.50000000000045,temp_error_1h,-1.3487919698567128,0.34752980331464717,0.00010479216408376679,8398
30.2_-98.5,30.19999999999991,-98.50000000000045,wspd_error_1h,0.4328326584363874,0.37253860574333514,0.24533102503787796,8398
30.2_-98.5,30.19999999999991,-98.50000000000045,temp_error_0h,1.0326788073796336,0.27740309516239414,0.00019842629618449514,8398
30.2_-98.5,30.19999999999991,-98.50000000000045,wspd_error_0h,0.7404203540868552,0.35461091019864255,0.03682987901065493,8398
30.2_-98.6,30.19999999999991,-98.60000000000045,temp_error_1h,-1.297093487670147,0.33218666303035327,9.507977075595697e-05,8398
30.2_-98.6,30.19999999999991,-98.60000000000045,wspd_error_1h,0.6660496299122962,0.37536082371026097,0.07602928039412582,8398
30.2_-98.6,30.19999999999991,-98.60000000000045,temp_error_0h,0.9926173088800515,0.27940265214519283,0.0003834871750147961,8398
30.2_-98.6,30.19999999999991,-98.60000000000045,wspd_error_0h,0.7083451888921306,0.36489123997184564,0.05226151560109771,8398
30.2_-98.7,30.19999999999991,-98.70000000000044,temp_error_1h,-1.270058978414074,0.3130143207299946,5.005007721958776e-05,8398
30.2_-98.7,30.19999999999991,-98.70000000000044,wspd_error_1h,0.8409552927818528,0.35661833102477664,0.018389763777424406,8398
30.2_-98.7,30.19999999999991,-98.70000000000044,temp_error_0h,0.9611251181540806,0.2787381307665953,0.0005672671600327472,8398
30.2_-98.7,30.19999999999991,-98.70000000000044,wspd_error_0h,0.6504487654992024,0.3620377347047426,0.0724300819745991,8398
30.3_-100.2,30.299999999999912,-100.20000000000036,temp_error_1h,-0.6356574519735849,0.3307295608899951,0.05464153636057567,8398
30.3_-100.2,30.299999999999912,-100.20000000000036,wspd_error_1h,1.1942988240578463,0.4053790969175133,0.0032266716900430925,8398
30.3_-100.2,30.299999999999912,-100.20000000000036,temp_error_0h,0.597469024900047,0.2967658349735241,0.04411849623294972,8398
30.3_-100.2,30.299999999999912,-100.20000000000036,wspd_error_0h,-0.8594248858214865,0.3558888883820877,0.015762223733097214,8398
30.3_-95.2,30.299999999999912,-95.20000000000064,temp_error_1h,-0.09324761341352056,0.3166908886862673,0.7684262493323468,8398
30.3_-95.2,30.299999999999912,-95.20000000000064,wspd_error_1h,2.017798032988706,0.5093280995242844,7.504108216416228e-05,8398
30.3_-95.2,30.299999999999912,-95.20000000000064,temp_error_0h,0.37296911341665406,0.29839813951925026,0.21136951846812746,8398
30.3_-95.2,30.299999999999912,-95.20000000000064,wspd_error_0h,1.8773005556893474,0.6035569059250016,0.0018746612789835027,8398
30.3_-95.5,30.299999999999912,-95.50000000000063,temp_error_1h,-0.41778496195240056,0.32450279486884814,0.19796902317246667,8398
30.3_-95.5,30.299999999999912,-95.50000000000063,wspd_error_1h,1.8012888320973577,0.4876845561223512,0.00022255305083995758,8398
30.3_-95.5,30.299999999999912,-95.50000000000063,temp_error_0h,0.1557045014609468,0.27642285803666844,0.5732568021642581,8398
30.3_-95.5,30.299999999999912,-95.50000000000063,wspd_error_0h,1.51544750857545,0.5427833710888379,0.005250345398175149,8398
30.3_-95.6,30.299999999999912,-95.60000000000062,temp_error_1h,-0.11033774118368855,0.3233235172210939,0.7329156055276713,8398
30.3_-95.6,30.299999999999912,-95.60000000000062,wspd_error_1h,1.5091366380400537,0.47002081641456056,0.0013287305034148655,8398
30.3_-95.6,30.299999999999912,-95.60000000000062,temp_error_0h,0.4158945425104883,0.2918319985616396,0.15416093052414892,8398
30.3_-95.6,30.299999999999912,-95.60000000000062,wspd_error_0h,1.649014630805881,0.5489200619243993,0.0026715104093109066,8398
30.3_-95.7,30.299999999999912,-95.70000000000061,temp_error_1h,0.07618337139010348,0.3282457468974561,0.8164718645355351,8398
30.3_-95.7,30.299999999999912,-95.70000000000061,wspd_error_1h,1.4313843908004964,0.4916437400444377,0.0036073431664735978,8398
30.3_-95.7,30.299999999999912,-95.70000000000061,temp_error_0h,0.4849124111970897,0.29064295841400833,0.09527128911523364,8398
30.3_-95.7,30.299999999999912,-95.70000000000061,wspd_error_0h,1.725400552267619,0.5432950086584192,0.0014996296177296475,8398
30.3_-96.4,30.299999999999912,-96.40000000000057,temp_error_1h,-0.9705816819978133,0.3419362855858691,0.004543728191947816,8398
30.3_-96.4,30.299999999999912,-96.40000000000057,wspd_error_1h,1.0565982528188589,0.43912459671203685,0.01614335951621948,8398
30.3_-96.4,30.299999999999912,-96.40000000000057,temp_error_0h,0.46385965520122513,0.28646290474132424,0.10542777090676858,8398
30.3_-96.4,30.299999999999912,-96.40000000000057,wspd_error_0h,1.961795004365597,0.4349694902329414,6.565350274767567e-06,8398
30.3_-97.2,30.299999999999912,-97.20000000000053,temp_error_1h,-1.309061350421062,0.326005153910911,5.984858529806125e-05,8398
30.3_-97.2,30.299999999999912,-97.20000000000053,wspd_error_1h,1.063623732980963,0.42663137580021016,0.012683434844877217,8398
30.3_-97.2,30.299999999999912,-97.20000000000053,temp_error_0h,0.6051071179001237,0.27244491948765537,0.02637593792770332,8398
30.3_-97.2,30.299999999999912,-97.20000000000053,wspd_error_0h,2.3876535817342313,0.4190865596211017,1.2586263808955778e-08,8398
30.3_-97.5,30.299999999999912,-97.50000000000051,temp_error_1h,-1.7587801797305829,0.3407308715846682,2.5023534244716927e-07,8398
30.3_-97.5,30.299999999999912,-97.50000000000051,wspd_error_1h,0.5748224113009248,0.4003099747976023,0.15105592006773305,8398
30.3_-97.5,30.299999999999912,-97.50000000000051,temp_error_0h,0.7500632847605209,0.26339509664137606,0.004414750792840927,8398
30.3_-97.5,30.299999999999912,-97.50000000000051,wspd_error_0h,1.9505092542829325,0.42075868647612064,3.6113524655156937e-06,8398
30.3_-97.6,30.299999999999912,-97.6000000000005,temp_error_1h,-1.5515724807829498,0.3420081815764197,5.795172511202651e-06,8398
30.3_-97.6,30.299999999999912,-97.6000000000005,wspd_error_1h,0.7064412728556555,0.3992064600522741,0.0768279578121287,8398
30.3_-97.6,30.299999999999912,-97.6000000000005,temp_error_0h,0.7181502670243312,0.26908209299769575,0.007624959220758898,8398
30.3_-97.6,30.299999999999912,-97.6000000000005,wspd_error_0h,1.7280367483957728,0.4351318735079969,7.208297501715144e-05,8398
30.3_-97.7,30.299999999999912,-97.7000000000005,temp_error_1h,-1.4734659077369605,0.33981648502783535,1.4675868631686129e-05,8398
30.3_-97.7,30.299999999999912,-97.7000000000005,wspd_error_1h,1.7152479523633215,0.4545615235618184,0.0001621434942731259,8398
30.3_-97.7,30.299999999999912,-97.7000000000005,temp_error_0h,0.6415138094011712,0.2651818853997749,0.015578193367522974,8398
30.3_-97.7,30.299999999999912,-97.7000000000005,wspd_error_0h,1.1866075175834943,0.43613942047934096,0.006527732774092687,8398
30.3_-97.8,30.299999999999912,-97.8000000000005,temp_error_1h,-1.3761752396641613,0.32738898610585737,2.6557264165560923e-05,8398
30.3_-97.8,30.299999999999912,-97.8000000000005,wspd_error_1h,2.5518477881279584,0.4748195012597049,7.893022502258873e-08,8398
30.3_-97.8,30.299999999999912,-97.8000000000005,temp_error_0h,0.6157045016619855,0.2697677489493577,0.022493683385690133,8398
30.3_-97.8,30.299999999999912,-97.8000000000005,wspd_error_0h,0.6901743496146198,0.4382754788061654,0.11535199865662449,8398
30.3_-97.9,30.299999999999912,-97.90000000000049,temp_error_1h,-0.8885349643828726,0.3168374154454705,0.005052860992930341,8398
30.3_-97.9,30.299999999999912,-97.90000000000049,wspd_error_1h,2.1535046067297046,0.44653967012189016,1.4416735594213748e-06,8398
30.3_-97.9,30.299999999999912,-97.90000000000049,temp_error_0h,0.8272975910239738,0.27631840036163924,0.0027615106361575936,8398
30.3_-97.9,30.299999999999912,-97.90000000000049,wspd_error_0h,0.5195614717941696,0.43420699210777003,0.23150598263345668,8398
30.3_-98.6,30.299999999999912,-98.60000000000045,temp_error_1h,-1.7336006980650691,0.36118546715279576,1.6161889764276793e-06,8398
30.3_-98.6,30.299999999999912,-98.60000000000045,wspd_error_1h,0.5902886349987666,0.38905695433717113,0.1292466145785387,8398
30.3_-98.6,30.299999999999912,-98.60000000000045,temp_error_0h,1.0046614016147413,0.2778400359299617,0.00030098690604196676,8398
30.3_-98.6,30.299999999999912,-98.60000000000045,wspd_error_0h,0.6232109425434355,0.3577561097920009,0.08154533667872577,8398
30.3_-98.7,30.299999999999912,-98.70000000000044,temp_error_1h,-2.0928103440405317,0.3634466734521878,8.80060690988671e-09,8398
30.3_-98.7,30.299999999999912,-98.70000000000044,wspd_error_1h,0.4719908777230483,0.38686770883502886,0.22248728036440024,8398
30.3_-98.7,30.299999999999912,-98.70000000000044,temp_error_0h,0.9994897208934145,0.2769652344787696,0.000309511586339406,8398
30.3_-98.7,30.299999999999912,-98.70000000000044,wspd_error_0h,0.6044609571086405,0.36188877554031484,0.09489849468582956,8398
30.3_-98.8,30.299999999999912,-98.80000000000044,temp_error_1h,-1.6171095324320333,0.3319781343119996,1.1299921298668636e-06,8398
30.3_-98.8,30.299999999999912,-98.80000000000044,wspd_error_1h,1.1379231170855566,0.3362142409985172,0.0007163140517054689,8398
30.3_-98.8,30.299999999999912,-98.80000000000044,temp_error_0h,0.8603149640605479,0.2775687961985941,0.0019451431468278102,8398
30.3_-98.8,30.299999999999912,-98.80000000000044,wspd_error_0h,0.42838642398889554,0.36140303316893585,0.235915710471839,8398
30.4_-100.2,30.399999999999913,-100.20000000000036,temp_error_1h,-0.7916484198982636,0.32391293451291564,0.014545312689954182,8398
30.4_-100.2,30.399999999999913,-100.20000000000036,wspd_error_1h,0.4916645027450578,0.39838030899720295,0.21717850212858547,8398
30.4_-100.2,30.399999999999913,-100.20000000000036,temp_error_0h,0.4806839029853326,0.29461621509060676,0.10280998634651906,8398
30.4_-100.2,30.399999999999913,-100.20000000000036,wspd_error_0h,-0.5084576737692744,0.36212653518697574,0.16032968734704367,8398
30.4_-103.3,30.399999999999913,-103.30000000000018,temp_error_1h,-1.7779960802580739,0.2880630951291355,7.046394578935633e-10,8398
30.4_-103.3,30.399999999999913,-103.30000000000018,wspd_error_1h,-1.5181112349571524,0.2776933368053855,4.7127751479081326e-08,8398
30.4_-103.3,30.399999999999913,-103.30000000000018,temp_error_0h,-0.33247627190570617,0.32640081570847784,0.30841599116159557,8398
30.4_-103.3,30.399999999999913,-103.30000000000018,wspd_error_0h,-0.15190482681809028,0.28269109248202223,0.591038305707229,8398
30.4_-95.2,30.399999999999913,-95.20000000000064,temp_error_1h,-0.25424178108641293,0.31910641960397046,0.42563026823967,8398
30.4_-95.2,30.399999999999913,-95.20000000000064,wspd_error_1h,2.4612043366762295,0.5341567573885444,4.1329141295953775e-06,8398
30.4_-95.2,30.399999999999913,-95.20000000000064,temp_error_0h,0.41719086131326605,0.3023356038151295,0.16765643226175042,8398
30.4_-95.2,30.399999999999913,-95.20000000000064,wspd_error_0h,1.8105335048628342,0.614425084225834,0.0032205984490742967,8398
30.4_-95.5,30.399999999999913,-95.50000000000063,temp_error_1h,-1.100578531490982,0.3338274463042375,0.0009818427134637986,8398
30.4_-95.5,30.399999999999913,-95.50000000000063,wspd_error_1h,1.3955387106297616,0.46704678682655565,0.0028161991348030213,8398
30.4_-95.5,30.399999999999913,-95.50000000000063,temp_error_0h,0.5022351173145171,0.28956324785506266,0.08287383561715456,8398
30.4_-95.5,30.399999999999913,-95.50000000000063,wspd_error_0h,1.5313530122485994,0.5327274104122774,0.004056216144846525,8398
30.4_-95.6,30.399999999999913,-95.60000000000062,temp_error_1h,-0.6831943159040343,0.35430448473706744,0.05385553009423516,8398
30.4_-95.6,30.399999999999913,-95.60000000000062,wspd_error_1h,1.366706902147331,0.46461643555865284,0.0032743772206125232,8398
30.4_-95.6,30.399999999999913,-95.60000000000062,temp_error_0h,0.523055826752988,0.29082033364639787,0.07212546993867952,8398
30.4_-95.6,30.399999999999913,-95.60000000000062,wspd_error_0h,1.6347602788129132,0.5506708846389573,0.0029994024029655897,8398
30.4_-95.7,30.399999999999913,-95.70000000000061,temp_error_1h,-0.19995372999133512,0.32917587196249815,0.5435771926333408,8398
30.4_-95.7,30.399999999999913,-95.70000000000061,wspd_error_1h,1.52520910954585,0.476581463881344,0.0013779245594001122,8398
30.4_-95.7,30.399999999999913,-95.70000000000061,temp_error_0h,0.5012916097421928,0.2880097717558884,0.0818016126943959,8398
30.4_-95.7,30.399999999999913,-95.70000000000061,wspd_error_0h,1.645020077673326,0.5516372982263245,0.002871342194629589,8398
30.4_-96.4,30.399999999999913,-96.40000000000057,temp_error_1h,-0.9151243416752052,0.3189781556016385,0.004129020587245957,8398
30.4_-96.4,30.399999999999913,-96.40000000000057,wspd_error_1h,1.3360296505761284,0.4427368291951615,0.0025550123282551684,8398
30.4_-96.4,30.399999999999913,-96.40000000000057,temp_error_0h,0.4774659008636786,0.2826722843578195,0.09123476628304084,8398
30.4_-96.4,30.399999999999913,-96.40000000000057,wspd_error_0h,1.9967242819786812,0.43999097611065435,5.7555826484811945e-06,8398
30.4_-97.1,30.399999999999913,-97.10000000000053,temp_error_1h,-1.2936138211666868,0.3176132214968009,4.685582665131527e-05,8398
30.4_-97.1,30.399999999999913,-97.10000000000053,wspd_error_1h,1.6160817093015056,0.41599593357317804,0.00010318355205884977,8398
30.4_-97.1,30.399999999999913,-97.10000000000053,temp_error_0h,0.5672533151024362,0.27499615002151556,0.03916548618460225,8398
30.4_-97.1,30.399999999999913,-97.10000000000053,wspd_error_0h,2.2831851199741164,0.4199151735312551,5.563521288109996e-08,8398
30.4_-97.2,30.399999999999913,-97.20000000000053,temp_error_1h,-1.05749511070856,0.3080849750804579,0.0006009904472616956,8398
30.4_-97.2,30.399999999999913,-97.20000000000053,wspd_error_1h,1.268508143503081,0.4053036353193087,0.001755443262866807,8398
30.4_-97.2,30.399999999999913,-97.20000000000053,temp_error_0h,0.5993930119918631,0.2752604587193843,0.02946754366813531,8398
30.4_-97.2,30.399999999999913,-97.20000000000053,wspd_error_0h,2.222185977714688,0.40735740392699876,5.033711891755388e-08,8398
30.4_-97.4,30.399999999999913,-97.40000000000052,temp_error_1h,-1.7052461238968073,0.34452658331011193,7.5845671965169e-07,8398
30.4_-97.4,30.399999999999913,-97.40000000000052,wspd_error_1h,0.4559629893563052,0.39363279050585925,0.2467559492443827,8398
30.4_-97.4,30.399999999999913,-97.40000000000052,temp_error_0h,0.7657587167014981,0.2715849253169843,0.004819791424126807,8398
30.4_-97.4,30.399999999999913,-97.40000000000052,wspd_error_0h,1.9346542030765272,0.4071561283016626,2.051535854752373e-06,8398
30.4_-97.5,30.399999999999913,-97.50000000000051,temp_error_1h,-1.8718130111167997,0.33188370563049696,1.7562644671897942e-08,8398
30.4_-97.5,30.399999999999913,-97.50000000000051,wspd_error_1h,0.648484756541639,0.36719403647361304,0.07742318045233243,8398
30.4_-97.5,30.399999999999913,-97.50000000000051,temp_error_0h,0.7649805791628493,0.2661087523885338,0.004054434795535133,8398
30.4_-97.5,30.399999999999913,-97.50000000000051,wspd_error_0h,1.5739382800432722,0.4041696646741289,9.926978351604276e-05,8398
30.4_-97.6,30.399999999999913,-97.6000000000005,temp_error_1h,-1.877784454246144,0.3473707538149698,6.633394655786162e-08,8398
30.4_-97.6,30.399999999999913,-97.6000000000005,wspd_error_1h,0.8821691693671377,0.38089600520192535,0.020580338752096416,8398
30.4_-97.6,30.399999999999913,-97.6000000000005,temp_error_0h,0.784132973216687,0.2729714379961268,0.00408156974949847,8398
30.4_-97.6,30.399999999999913,-97.6000000000005,wspd_error_0h,1.2689040741760687,0.41608129935884247,0.0022982246886760205,8398
30.4_-97.8,30.399999999999913,-97.8000000000005,temp_error_1h,-1.444234285373783,0.3451498757001861,2.8888735565058e-05,8398
30.4_-97.8,30.399999999999913,-97.8000000000005,wspd_error_1h,1.8912218710771371,0.49165883063441007,0.00012065177183995246,8398
30.4_-97.8,30.399999999999913,-97.8000000000005,temp_error_0h,0.665421261022933,0.27570204641294255,0.015819238875794506,8398
30.4_-97.8,30.399999999999913,-97.8000000000005,wspd_error_0h,0.5355588310174227,0.42392930208478424,0.20650905417097487,8398
30.4_-97.9,30.399999999999913,-97.90000000000049,temp_error_1h,-1.0436424201627774,0.3262724793840565,0.0013857183869034895,8398
30.4_-97.9,30.399999999999913,-97.90000000000049,wspd_error_1h,2.2015841832428396,0.453472403334892,1.2260368242866804e-06,8398
30.4_-97.9,30.399999999999913,-97.90000000000049,temp_error_0h,0.865336970093497,0.27707149724217045,0.0017953555999496995,8398
30.4_-97.9,30.399999999999913,-97.90000000000049,wspd_error_0h,0.3604283809662254,0.43066609359369,0.40266758791385526,8398
30.4_-98.0,30.399999999999913,-98.00000000000048,temp_error_1h,-0.6758330170170581,0.29713838645601137,0.02296284159117401,8398
30.4_-98.0,30.399999999999913,-98.00000000000048,wspd_error_1h,1.981447936078499,0.42651844893740715,3.4422187786820047e-06,8398
30.4_-98.0,30.399999999999913,-98.00000000000048,temp_error_0h,0.7479644298057225,0.27370030258068767,0.00629331387670784,8398
30.4_-98.0,30.399999999999913,-98.00000000000048,wspd_error_0h,0.48579000157101704,0.4182697539075477,0.24550125938693368,8398
30.4_-98.7,30.399999999999913,-98.70000000000044,temp_error_1h,-2.0420896668519193,0.3675852463435385,2.8545322994233402e-08,8398
30.4_-98.7,30.399999999999913,-98.70000000000044,wspd_error_1h,0.42194148373173396,0.34993211997458823,0.22793610448470614,8398
30.4_-98.7,30.399999999999913,-98.70000000000044,temp_error_0h,0.8899272848575545,0.2774529236302025,0.0013440385108194342,8398
30.4_-98.7,30.399999999999913,-98.70000000000044,wspd_error_0h,0.4718518534561509,0.36123093087607117,0.19150920237084867,8398
30.4_-98.8,30.399999999999913,-98.80000000000044,temp_error_1h,-2.4611210619599135,0.37931735615643797,9.175504800396084e-11,8398
30.4_-98.8,30.399999999999913,-98.80000000000044,wspd_error_1h,0.044530803156843234,0.3544785759588371,0.9000330630896212,8398
30.4_-98.8,30.399999999999913,-98.80000000000044,temp_error_0h,0.9348624600046103,0.28070478235104784,0.0008709346017956587,8398
30.4_-98.8,30.399999999999913,-98.80000000000044,wspd_error_0h,0.5071006430288583,0.3626368495238755,0.16203897189596073,8398
30.5_-100.2,30.499999999999915,-100.20000000000036,temp_error_1h,-0.8241102459182967,0.3192570627507345,0.009858709909869257,8398
30.5_-100.2,30.499999999999915,-100.20000000000036,wspd_error_1h,0.8879843788871931,0.3598529063706088,0.01362091365771212,8398
30.5_-100.2,30.499999999999915,-100.20000000000036,temp_error_0h,0.3902961052366195,0.2875070446220438,0.17465320926756922,8398
30.5_-100.2,30.499999999999915,-100.20000000000036,wspd_error_0h,-0.38784657943232986,0.34972164844743064,0.2674555966111003,8398
30.5_-100.3,30.499999999999915,-100.30000000000035,temp_error_1h,-0.77399567947671,0.29975028769787504,0.00983597922001156,8398
30.5_-100.3,30.499999999999915,-100.30000000000035,wspd_error_1h,0.6949842549020121,0.37350851739341323,0.06282280548615615,8398
30.5_-100.3,30.499999999999915,-100.30000000000035,temp_error_0h,0.35756058242048283,0.2869333395724981,0.21274605585344264,8398
30.5_-100.3,30.499999999999915,-100.30000000000035,wspd_error_0h,-0.40747430095894005,0.35143038360036594,0.24629626528840398,8398
30.5_-103.2,30.499999999999915,-103.20000000000019,temp_error_1h,-1.560423353983623,0.27837771226891755,2.143623745176626e-08,8398
30.5_-103.2,30.499999999999915,-103.20000000000019,wspd_error_1h,-0.9321090251489534,0.2670635753131961,0.0004851239978100885,8398
30.5_-103.2,30.499999999999915,-103.20000000000019,temp_error_0h,-0.594474262106967,0.30087101151798323,0.04820526344020615,8398
30.5_-103.2,30.499999999999915,-103.20000000000019,wspd_error_0h,-0.3825373866945296,0.25847146849274305,0.1389113456358,8398
30.5_-103.3,30.499999999999915,-103.30000000000018,temp_error_1h,-1.1494637723985623,0.2733409455119722,2.6352859992861966e-05,8398
30.5_-103.3,30.499999999999915,-103.30000000000018,wspd_error_1h,0.13657884403658538,0.26099317327343635,0.6007764010990602,8398
30.5_-103.3,30.499999999999915,-103.30000000000018,temp_error_0h,-0.9566717320502499,0.28723717221920125,0.0008703504596461187,8398
30.5_-103.3,30.499999999999915,-103.30000000000018,wspd_error_0h,-0.4326985701714489,0.2580062050933193,0.09356308732130847,8398
30.5_-103.5,30.499999999999915,-103.50000000000017,temp_error_1h,-0.47976501665908805,0.2949752821597808,0.10388988974280977,8398
30.5_-103.5,30.499999999999915,-103.50000000000017,wspd_error_1h,0.19210087776205986,0.3437586192452497,0.5762961986027508,8398
30.5_-103.5,30.499999999999915,-103.50000000000017,temp_error_0h,-1.5833481238690215,0.2726646943215444,6.595087587157877e-09,8398
30.5_-103.5,30.499999999999915,-103.50000000000017,wspd_error_0h,0.060948289287464874,0.25841172440644367,0.813549190522914,8398
30.5_-95.2,30.499999999999915,-95.20000000000064,temp_error_1h,-0.3752764256492035,0.31588401543505795,0.234859423901024,8398
30.5_-95.2,30.499999999999915,-95.20000000000064,wspd_error_1h,2.3214333883719758,0.5259069216068709,1.026803862336223e-05,8398
30.5_-95.2,30.499999999999915,-95.20000000000064,temp_error_0h,0.4182767112531823,0.2981813992156699,0.1607257996472733,8398
30.5_-95.2,30.499999999999915,-95.20000000000064,wspd_error_0h,1.87755948132328,0.6029431040420722,0.0018519906371541328,8398
30.5_-95.5,30.499999999999915,-95.50000000000063,temp_error_1h,-1.1914040657859106,0.3364625494771445,0.0004008285718988258,8398
30.5_-95.5,30.499999999999915,-95.50000000000063,wspd_error_1h,1.664695955187234,0.4759401218435395,0.0004717286628599382,8398
30.5_-95.5,30.499999999999915,-95.50000000000063,temp_error_0h,0.5404649416807651,0.2781510085223437,0.05204208338376626,8398
30.5_-95.5,30.499999999999915,-95.50000000000063,wspd_error_0h,1.3778336858920035,0.49780169127522966,0.0056553999458213156,8398
30.5_-95.6,30.499999999999915,-95.60000000000062,temp_error_1h,-1.053596725169016,0.33495700317594723,0.0016640276055039926,8398
30.5_-95.6,30.499999999999915,-95.60000000000062,wspd_error_1h,1.2176523559878187,0.5410635684479714,0.02444443376497385,8398
30.5_-95.6,30.499999999999915,-95.60000000000062,temp_error_0h,0.6788189918164524,0.2827566354074643,0.016384659156729597,8398
30.5_-95.6,30.499999999999915,-95.60000000000062,wspd_error_0h,1.638630047082699,0.5335168006350747,0.002137603666708454,8398
30.5_-95.7,30.499999999999915,-95.70000000000061,temp_error_1h,-0.5202549863295343,0.3253896106678648,0.1098877777036884,8398
30.5_-95.7,30.499999999999915,-95.70000000000061,wspd_error_1h,1.8482938994969276,0.5724840236379397,0.0012489959405801443,8398
30.5_-95.7,30.499999999999915,-95.70000000000061,temp_error_0h,0.660293029779643,0.2787360622033342,0.01786452094501123,8398
30.5_-95.7,30.499999999999915,-95.70000000000061,wspd_error_0h,1.4144924098401164,0.5570543290893684,0.011127459202162848,8398
30.5_-95.8,30.499999999999915,-95.80000000000061,temp_error_1h,-0.16329066710161752,0.3312860438184461,0.6220966766380582,8398
30.5_-95.8,30.499999999999915,-95.80000000000061,wspd_error_1h,1.8251515758098542,0.5269687881325857,0.0005358879445880316,8398
30.5_-95.8,30.499999999999915,-95.80000000000061,temp_error_0h,0.6109969943528585,0.2764289689250092,0.027109828277897874,8398
30.5_-95.8,30.499999999999915,-95.80000000000061,wspd_error_0h,1.5052903472092307,0.5382521228462588,0.005175714916877405,8398
30.5_-96.4,30.499999999999915,-96.40000000000057,temp_error_1h,-1.0297328829174417,0.32742680136463215,0.0016671161333237094,8398
30.5_-96.4,30.499999999999915,-96.40000000000057,wspd_error_1h,1.2348275579267043,0.4268022986389165,0.003823149208848964,8398
30.5_-96.4,30.499999999999915,-96.40000000000057,temp_error_0h,0.49292656663961615,0.27570344684298415,0.07383048922850777,8398
30.5_-96.4,30.499999999999915,-96.40000000000057,wspd_error_0h,2.0706789745190375,0.4343654348908837,1.900215889083512e-06,8398
30.5_-97.1,30.499999999999915,-97.10000000000053,temp_error_1h,-1.1583605315822618,0.31143260291798747,0.0002009582674733501,8398
30.5_-97.1,30.499999999999915,-97.10000000000053,wspd_error_1h,1.2447448008706898,0.4185033738343509,0.0029451947738441397,8398
30.5_-97.1,30.499999999999915,-97.10000000000053,temp_error_0h,0.6542918270005409,0.27340211416274157,0.01672641928516816,8398
30.5_-97.1,30.499999999999915,-97.10000000000053,wspd_error_0h,2.1802969410233866,0.40181978245547184,5.9225436999099657e-08,8398
30.5_-97.6,30.499999999999915,-97.6000000000005,temp_error_1h,-1.5990805723754524,0.3414235160305673,2.8637228681738236e-06,8398
30.5_-97.6,30.499999999999915,-97.6000000000005,wspd_error_1h,1.162321327988333,0.413889597801782,0.004992116120567491,8398
30.5_-97.6,30.499999999999915,-97.6000000000005,temp_error_0h,0.7174077887510606,0.2670580380289204,0.007238312096387478,8398
30.5_-97.6,30.499999999999915,-97.6000000000005,wspd_error_0h,0.8541553203925618,0.3891147001922407,0.02818205582064426,8398
30.5_-97.7,30.499999999999915,-97.7000000000005,temp_error_1h,-1.6487594278705602,0.3476239832353577,2.141300194269391e-06,8398
30.5_-97.7,30.499999999999915,-97.7000000000005,wspd_error_1h,1.320812735616767,0.4584127260595544,0.003970793193952549,8398
30.5_-97.7,30.499999999999915,-97.7000000000005,temp_error_0h,0.6234436912682472,0.2641744834309277,0.0182993004017884,8398
30.5_-97.7,30.499999999999915,-97.7000000000005,wspd_error_0h,0.5374411414136878,0.38746330747646357,0.16545551735165942,8398
30.5_-98.0,30.499999999999915,-98.00000000000048,temp_error_1h,-1.121132815755704,0.33460195546856564,0.0008098049917855121,8398
30.5_-98.0,30.499999999999915,-98.00000000000048,wspd_error_1h,1.2929941876622546,0.4486398335752164,0.003961269566260084,8398
30.5_-98.0,30.499999999999915,-98.00000000000048,temp_error_0h,0.8738907404842122,0.26530800928897313,0.0009922835901374771,8398
30.5_-98.0,30.499999999999915,-98.00000000000048,wspd_error_0h,0.5309293808885281,0.407902777446066,0.1930864218457602,8398
30.5_-98.8,30.499999999999915,-98.80000000000044,temp_error_1h,-2.1203050938045647,0.3371191737389205,3.345248522634847e-10,8398
30.5_-98.8,30.499999999999915,-98.80000000000044,wspd_error_1h,1.015159636605085,0.300221907648412,0.0007245752756694923,8398
30.5_-98.8,30.499999999999915,-98.80000000000044,temp_error_0h,0.62933481330721,0.2662167766063039,0.018101859224454397,8398
30.5_-98.8,30.499999999999915,-98.80000000000044,wspd_error_0h,0.1266522763672603,0.33148870725910967,0.702418295899871,8398
30.5_-98.9,30.499999999999915,-98.90000000000043,temp_error_1h,-2.334814242326332,0.35252041997997563,3.732192332961404e-11,8398
30.5_-98.9,30.499999999999915,-98.90000000000043,wspd_error_1h,0.525902878652786,0.2938206269522204,0.07350983117921972,8398
30.5_-98.9,30.499999999999915,-98.90000000000043,temp_error_0h,0.6228675625906345,0.2698935796838623,0.02103309524494401,8398
30.5_-98.9,30.499999999999915,-98.90000000000043,wspd_error_0h,0.13922492177530238,0.3338351205708138,0.6766547738898483,8398
30.5_-99.8,30.499999999999915,-99.80000000000038,temp_error_1h,-0.6065070146126789,0.3033733620354802,0.04561797930058442,8398
30.5_-99.8,30.499999999999915,-99.80000000000038,wspd_error_1h,1.369406321767197,0.3438821699101327,6.886024170404959e-05,8398
30.5_-99.8,30.499999999999915,-99.80000000000038,temp_error_0h,0.2896081289283718,0.2816802588237316,0.3039114201833353,8398
30.5_-99.8,30.499999999999915,-99.80000000000038,wspd_error_0h,-0.13463439367783112,0.340840853440756,0.692848084398799,8398
30.6_-100.3,30.599999999999916,-100.30000000000035,temp_error_1h,-0.7845518960292092,0.3232662227614239,0.01524723430296171,8398
30.6_-100.3,30.599999999999916,-100.30000000000035,wspd_error_1h,0.2341390313538508,0.3936221079186072,0.5519718718143694,8398
30.6_-100.3,30.599999999999916,-100.30000000000035,temp_error_0h,0.286490272704492,0.29123037023116,0.3252797719547693,8398
30.6_-100.3,30.599999999999916,-100.30000000000035,wspd_error_0h,-0.43530509678549373,0.36318017534494057,0.23072036036845134,8398
30.6_-101.5,30.599999999999916,-101.50000000000028,temp_error_1h,0.07628631725273459,0.32683505384261285,0.8154493664036164,8398
30.6_-101.5,30.599999999999916,-101.50000000000028,wspd_error_1h,2.0770394215008063,0.36305855794425873,1.095830093333916e-08,8398
30.6_-101.5,30.599999999999916,-101.50000000000028,temp_error_0h,-0.06419061390589191,0.28830831650014094,0.8238166885300566,8398
30.6_-101.5,30.599999999999916,-101.50000000000028,wspd_error_0h,-1.1741595967093565,0.28405057744782314,3.6056964780373235e-05,8398
30.6_-102.6,30.599999999999916,-102.60000000000022,temp_error_1h,-1.5706846652598356,0.32585221193098907,1.4591788377593673e-06,8398
30.6_-102.6,30.599999999999916,-102.60000000000022,wspd_error_1h,1.6460045369580738,0.33860538740728263,1.1884571133879973e-06,8398
30.6_-102.6,30.599999999999916,-102.60000000000022,temp_error_0h,-0.7662320891792989,0.2999067747922273,0.010639367187663673,8398
30.6_-102.6,30.599999999999916,-102.60000000000022,wspd_error_0h,-1.1388613352891994,0.27588627470790356,3.694731913861382e-05,8398
30.6_-103.0,30.599999999999916,-103.0000000000002,temp_error_1h,-1.6666676400547953,0.3002886153576726,2.940411469865012e-08,8398
30.6_-103.0,30.599999999999916,-103.0000000000002,wspd_error_1h,-0.28624070771318844,0.3197876354019874,0.3707614300292803,8398
30.6_-103.0,30.599999999999916,-103.0000000000002,temp_error_0h,-0.5547262799850667,0.2932399712264582,0.058563588259535004,8398
30.6_-103.0,30.599999999999916,-103.0000000000002,wspd_error_0h,-0.686201447678845,0.2537865502147943,0.006867940001146655,8398
30.6_-103.1,30.599999999999916,-103.1000000000002,temp_error_1h,-1.3820326230932882,0.2870683495424984,1.5031171258783615e-06,8398
30.6_-103.1,30.599999999999916,-103.1000000000002,wspd_error_1h,-0.0047762466277987015,0.3092417647764435,0.9876775120963452,8398
30.6_-103.1,30.599999999999916,-103.1000000000002,temp_error_0h,-0.7095962373011678,0.3000502900888316,0.018056473127795014,8398
30.6_-103.1,30.599999999999916,-103.1000000000002,wspd_error_0h,-0.5847019415783845,0.2692749087453466,0.02992944062709957,8398
30.6_-103.2,30.599999999999916,-103.20000000000019,temp_error_1h,-0.9373026575318509,0.2774284982762273,0.0007320547993985294,8398
30.6_-103.2,30.599999999999916,-103.20000000000019,wspd_error_1h,0.35410988771729085,0.2841152037151503,0.2126671179433608,8398
30.6_-103.2,30.599999999999916,-103.20000000000019,temp_error_0h,-0.8890912035388014,0.2961043139278334,0.0026845097045922195,8398
30.6_-103.2,30.599999999999916,-103.20000000000019,wspd_error_0h,-0.378019422373167,0.2660713475652811,0.15542834347740153,8398
30.6_-95.1,30.599999999999916,-95.10000000000065,temp_error_1h,-1.1423458500015549,0.38748165166209947,0.0032058845438922567,8398
30.6_-95.1,30.599999999999916,-95.10000000000065,wspd_error_1h,1.8667792506473568,0.46349187761144567,5.6837795678887915e-05,8398
30.6_-95.1,30.599999999999916,-95.10000000000065,temp_error_0h,0.3639955462514636,0.30409115516573,0.23134252027645474,8398
30.6_-95.1,30.599999999999916,-95.10000000000065,wspd_error_0h,1.7120565885748538,0.5909467774279223,0.0037755757210948815,8398
30.6_-95.2,30.599999999999916,-95.20000000000064,temp_error_1h,-0.7833852158967953,0.3387353342709133,0.02076461050888856,8398
30.6_-95.2,30.599999999999916,-95.20000000000064,wspd_error_1h,1.6149431058346726,0.5289312778180569,0.002271125717705047,8398
30.6_-95.2,30.599999999999916,-95.20000000000064,temp_error_0h,0.391227872163142,0.3117281904023877,0.2095033856505093,8398
30.6_-95.2,30.599999999999916,-95.20000000000064,wspd_error_0h,1.7994216134646575,0.566339296884336,0.0014920187422557962,8398
30.6_-95.6,30.599999999999916,-95.60000000000062,temp_error_1h,-0.7959745475477414,0.3206042422313188,0.013057378622416183,8398
30.6_-95.6,30.599999999999916,-95.60000000000062,wspd_error_1h,1.8716238156638756,0.5300546454924984,0.0004162199213839646,8398
30.6_-95.6,30.599999999999916,-95.60000000000062,temp_error_0h,0.8579089670767808,0.2897978786126317,0.003081329364792662,8398
30.6_-95.6,30.599999999999916,-95.60000000000062,wspd_error_0h,1.55557140192704,0.5410504409115209,0.00404926295764052,8398
30.6_-95.8,30.599999999999916,-95.80000000000061,temp_error_1h,-0.4090520899292907,0.34202040163390657,0.23173541355740523,8398
30.6_-95.8,30.599999999999916,-95.80000000000061,wspd_error_1h,1.6978819917863692,0.5195788239702509,0.0010882297755123727,8398
30.6_-95.8,30.599999999999916,-95.80000000000061,temp_error_0h,0.7430014728272397,0.280358858954197,0.008060042528884148,8398
30.6_-95.8,30.599999999999916,-95.80000000000061,wspd_error_0h,1.6689474662995405,0.5278007288029151,0.0015720752331296328,8398
30.6_-95.9,30.599999999999916,-95.9000000000006,temp_error_1h,-0.4664890329789357,0.34058860996261187,0.17083129806908248,8398
30.6_-95.9,30.599999999999916,-95.9000000000006,wspd_error_1h,1.2331700355872453,0.457037132181516,0.0069859064720056985,8398
30.6_-95.9,30.599999999999916,-95.9000000000006,temp_error_0h,0.6342424459817542,0.27723468453332417,0.02217720345517704,8398
30.6_-95.9,30.599999999999916,-95.9000000000006,wspd_error_0h,1.8008096516636427,0.4880453742680778,0.000225820720628489,8398
30.6_-96.0,30.599999999999916,-96.0000000000006,temp_error_1h,-0.3068966114626609,0.334039410415232,0.3582561534811004,8398
30.6_-96.0,30.599999999999916,-96.0000000000006,wspd_error_1h,0.5831603845796427,0.4649953511446318,0.2098331496222814,8398
30.6_-96.0,30.599999999999916,-96.0000000000006,temp_error_0h,0.5687260179243312,0.27086675384276976,0.03578934552030133,8398
30.6_-96.0,30.599999999999916,-96.0000000000006,wspd_error_0h,1.9583897410158284,0.4445133186657252,1.0676062609737969e-05,8398
30.6_-96.1,30.599999999999916,-96.10000000000059,temp_error_1h,-0.1537894712299029,0.3351329917192299,0.6463244688516059,8398
30.6_-96.1,30.599999999999916,-96.10000000000059,wspd_error_1h,1.151292197155217,0.45180245416128845,0.010845144703141685,8398
30.6_-96.1,30.599999999999916,-96.10000000000059,temp_error_0h,0.5344525597473961,0.2763275170488359,0.05313121645914798,8398
30.6_-96.1,30.599999999999916,-96.10000000000059,wspd_error_0h,1.7915611247651537,0.4510149266129769,7.178347012826158e-05,8398
30.6_-96.2,30.599999999999916,-96.20000000000059,temp_error_1h,-0.7406562828801969,0.33339912908471314,0.026341752576247268,8398
30.6_-96.2,30.599999999999916,-96.20000000000059,wspd_error_1h,1.2401353155025296,0.4727699928770277,0.00872852459266027,8398
30.6_-96.2,30.599999999999916,-96.20000000000059,temp_error_0h,0.5897178854118775,0.2761486396864133,0.032748452189085286,8398
30.6_-96.2,30.599999999999916,-96.20000000000059,wspd_error_0h,1.8108087559193964,0.45016411313678545,5.807798954315935e-05,8398
30.6_-96.3,30.599999999999916,-96.30000000000058,temp_error_1h,-1.01657751103239,0.33778077072173973,0.0026239161386010235,8398
30.6_-96.3,30.599999999999916,-96.30000000000058,wspd_error_1h,1.0703610787006892,0.4671942683120494,0.021985835319136005,8398
30.6_-96.3,30.599999999999916,-96.30000000000058,temp_error_0h,0.6444717941504924,0.2794087393562366,0.021103950528641446,8398
30.6_-96.3,30.599999999999916,-96.30000000000058,wspd_error_0h,2.0113932289644882,0.4476638582802341,7.114173034228344e-06,8398
30.6_-96.4,30.599999999999916,-96.40000000000057,temp_error_1h,-1.2796119928938041,0.35442371278842,0.00030751355997571395,8398
30.6_-96.4,30.599999999999916,-96.40000000000057,wspd_error_1h,1.1318183442613947,0.47077767945703985,0.01623192207450086,8398
30.6_-96.4,30.599999999999916,-96.40000000000057,temp_error_0h,0.7091352595130574,0.2831098704715372,0.012270749793826585,8398
30.6_-96.4,30.599999999999916,-96.40000000000057,wspd_error_0h,2.2264858224457984,0.44601113568751055,6.096624376450421e-07,8398
30.6_-96.5,30.599999999999916,-96.50000000000057,temp_error_1h,-1.2046006457753349,0.3323953937173416,0.000291805486861918,8398
30.6_-96.5,30.599999999999916,-96.50000000000057,wspd_error_1h,1.9437088603804693,0.4269469696575909,5.3742506831433445e-06,8398
30.6_-96.5,30.599999999999916,-96.50000000000057,temp_error_0h,0.6300350029658217,0.27878922498823194,0.023853266040303023,8398
30.6_-96.5,30.599999999999916,-96.50000000000057,wspd_error_0h,2.0682774505208923,0.43779400587471073,2.346589219603956e-06,8398
30.6_-96.6,30.599999999999916,-96.60000000000056,temp_error_1h,-1.3743847492387418,0.3313991042226069,3.3986775449967865e-05,8398
30.6_-96.6,30.599999999999916,-96.60000000000056,wspd_error_1h,2.016215961806606,0.4306592143153613,2.889933742533657e-06,8398
30.6_-96.6,30.599999999999916,-96.60000000000056,temp_error_0h,0.6890059519949326,0.28234479454556466,0.014695711841021142,8398
30.6_-96.6,30.599999999999916,-96.60000000000056,wspd_error_0h,2.1135557517063615,0.44654066470028075,2.246668971972454e-06,8398
30.6_-96.7,30.599999999999916,-96.70000000000056,temp_error_1h,-1.509418835520576,0.3311704526504042,5.241913315412461e-06,8398
30.6_-96.7,30.599999999999916,-96.70000000000056,wspd_error_1h,1.6976755695433685,0.4408930378977235,0.0001187381693001921,8398
30.6_-96.7,30.599999999999916,-96.70000000000056,temp_error_0h,0.7144955732584374,0.28110377521174557,0.011047805419292178,8398
30.6_-96.7,30.599999999999916,-96.70000000000056,wspd_error_0h,2.193225646158541,0.4439399404873648,7.948972047255864e-07,8398
30.6_-96.8,30.599999999999916,-96.80000000000055,temp_error_1h,-1.7728924613424943,0.3329195270341428,1.0341467260310822e-07,8398
30.6_-96.8,30.599999999999916,-96.80000000000055,wspd_error_1h,1.649126007565322,0.44571094449807136,0.00021699255047336052,8398
30.6_-96.8,30.599999999999916,-96.80000000000055,temp_error_0h,0.7280032552729834,0.2784419582044788,0.008950279426576557,8398
30.6_-96.8,30.599999999999916,-96.80000000000055,wspd_error_0h,2.182982257296803,0.43529080655137603,5.412539032523256e-07,8398
30.6_-96.9,30.599999999999916,-96.90000000000055,temp_error_1h,-1.6726747699629125,0.3327559811935127,5.09270845716614e-07,8398
30.6_-96.9,30.599999999999916,-96.90000000000055,wspd_error_1h,1.6288113774035728,0.44491465675229064,0.0002528299447450699,8398
30.6_-96.9,30.599999999999916,-96.90000000000055,temp_error_0h,0.7050211349880088,0.2767645347960062,0.01087164952452202,8398
30.6_-96.9,30.599999999999916,-96.90000000000055,wspd_error_0h,2.105830923453187,0.42620241557704686,7.926575846806116e-07,8398
30.6_-97.0,30.599999999999916,-97.00000000000054,temp_error_1h,-1.325516970507306,0.32474682311207026,4.512508881004962e-05,8398
30.6_-97.0,30.599999999999916,-97.00000000000054,wspd_error_1h,1.6113341521327786,0.4174892880102149,0.00011443647426245818,8398
30.6_-97.0,30.599999999999916,-97.00000000000054,temp_error_0h,0.6667006099352263,0.2738297753894262,0.014923837651450889,8398
30.6_-97.0,30.599999999999916,-97.00000000000054,wspd_error_0h,1.983495809328155,0.40972135510317137,1.3144882398119506e-06,8398
30.6_-97.1,30.599999999999916,-97.10000000000053,temp_error_1h,-1.4919489652191495,0.34408103058991135,1.4677471577018153e-05,8398
30.6_-97.1,30.599999999999916,-97.10000000000053,wspd_error_1h,0.707630254049803,0.43149486556478095,0.1010530845615536,8398
30.6_-97.1,30.599999999999916,-97.10000000000053,temp_error_0h,0.7638758924210352,0.27875406670158953,0.006150938790026705,8398
30.6_-97.1,30.599999999999916,-97.10000000000053,wspd_error_0h,2.1645507510802187,0.4062634709974408,1.019170008387249e-07,8398
30.6_-97.7,30.599999999999916,-97.7000000000005,temp_error_1h,-1.5502458818658922,0.34404677691962016,6.698580679032062e-06,8398
30.6_-97.7,30.599999999999916,-97.7000000000005,wspd_error_1h,1.1849097307147638,0.41964499820240025,0.004759992723909479,8398
30.6_-97.7,30.599999999999916,-97.7000000000005,temp_error_0h,0.6794874483399568,0.2697809159006759,0.011798622728355745,8398
30.6_-97.7,30.599999999999916,-97.7000000000005,wspd_error_0h,0.5753481501047872,0.3858848059774892,0.1360033893122652,8398
30.6_-98.0,30.599999999999916,-98.00000000000048,temp_error_1h,-1.1464972560123228,0.34709114651326184,0.0009600397831410756,8398
30.6_-98.0,30.599999999999916,-98.00000000000048,wspd_error_1h,0.8596322839388736,0.429116247511672,0.0451814056523312,8398
30.6_-98.0,30.599999999999916,-98.00000000000048,temp_error_0h,0.8917502678151684,0.27415107988901233,0.0011473994370794216,8398
30.6_-98.0,30.599999999999916,-98.00000000000048,wspd_error_0h,0.5416308800246742,0.3934027724876603,0.1686157377831683,8398
30.6_-98.1,30.599999999999916,-98.10000000000048,temp_error_1h,-0.8107407289171915,0.34704913175589586,0.0195096638937986,8398
30.6_-98.1,30.599999999999916,-98.10000000000048,wspd_error_1h,0.48909490769309466,0.4005044204556295,0.22204578956171472,8398
30.6_-98.1,30.599999999999916,-98.10000000000048,temp_error_0h,0.8621948598224036,0.27636698290169803,0.001816230241517447,8398
30.6_-98.1,30.599999999999916,-98.10000000000048,wspd_error_0h,0.7135621328469065,0.38679742320093746,0.06510266451804436,8398
30.6_-98.3,30.599999999999916,-98.30000000000047,temp_error_1h,-0.6920627817447169,0.3233015050578371,0.03233427234784059,8398
30.6_-98.3,30.599999999999916,-98.30000000000047,wspd_error_1h,0.5964105593139848,0.4027571989111069,0.13869248464422768,8398
30.6_-98.3,30.599999999999916,-98.30000000000047,temp_error_0h,0.748569508923431,0.27202434403842435,0.005938788925300864,8398
30.6_-98.3,30.599999999999916,-98.30000000000047,wspd_error_0h,0.669661896437577,0.3631951309950721,0.06524658694294194,8398
30.6_-98.4,30.599999999999916,-98.40000000000046,temp_error_1h,-0.48910436236171667,0.30701053730631406,0.11117129011357552,8398
30.6_-98.4,30.599999999999916,-98.40000000000046,wspd_error_1h,0.8778857806166499,0.4130205756574725,0.033572035215884366,8398
30.6_-98.4,30.599999999999916,-98.40000000000046,temp_error_0h,0.6915303494726529,0.2698446924841636,0.010403607344237287,8398
30.6_-98.4,30.599999999999916,-98.40000000000046,wspd_error_0h,0.4596981161747289,0.3637294765265703,0.2063204917897523,8398
30.6_-98.8,30.599999999999916,-98.80000000000044,temp_error_1h,-1.982149159645886,0.3130921415257085,2.5633384304057927e-10,8398
30.6_-98.8,30.599999999999916,-98.80000000000044,wspd_error_1h,0.6494631688210496,0.34857522497944027,0.062470073862618714,8398
30.6_-98.8,30.599999999999916,-98.80000000000044,temp_error_0h,0.6291474953906308,0.26851272962963185,0.019148477037047584,8398
30.6_-98.8,30.599999999999916,-98.80000000000044,wspd_error_0h,0.610473826137597,0.36452248159092954,0.09402620572884124,8398
30.6_-98.9,30.599999999999916,-98.90000000000043,temp_error_1h,-1.9127410945943457,0.31692999377474723,1.6551431336608857e-09,8398
30.6_-98.9,30.599999999999916,-98.90000000000043,wspd_error_1h,0.8147690418016512,0.3352599184524807,0.015108871926394318,8398
30.6_-98.9,30.599999999999916,-98.90000000000043,temp_error_0h,0.49475077645747195,0.27032436585608904,0.06725391344975096,8398
30.6_-98.9,30.599999999999916,-98.90000000000043,wspd_error_0h,0.6480900941739038,0.3608979181670156,0.07256702494951939,8398
30.7_-100.3,30.699999999999918,-100.30000000000035,temp_error_1h,-0.7141524934219886,0.32280654991021884,0.026971267113141018,8398
30.7_-100.3,30.699999999999918,-100.30000000000035,wspd_error_1h,-0.12147166902252021,0.4001583982244261,0.7614714763214843,8398
30.7_-100.3,30.699999999999918,-100.30000000000035,temp_error_0h,0.13125417421261001,0.28740264360318346,0.647905097669478,8398
30.7_-100.3,30.699999999999918,-100.30000000000035,wspd_error_0h,-0.4782460377807927,0.3596689720234448,0.18365874132566962,8398
30.7_-102.9,30.699999999999918,-102.9000000000002,temp_error_1h,-1.2215949320847626,0.31138011468611226,8.809413650134879e-05,8398
30.7_-102.9,30.699999999999918,-102.9000000000002,wspd_error_1h,1.1992469509655577,0.3320955170409705,0.0003066281743675514,8398
30.7_-102.9,30.699999999999918,-102.9000000000002,temp_error_0h,-0.5477116986749452,0.28921105242363443,0.05828432083142232,8398
30.7_-102.9,30.699999999999918,-102.9000000000002,wspd_error_0h,-0.7649397373645697,0.24885176457757843,0.002119776313691535,8398
30.7_-103.0,30.699999999999918,-103.0000000000002,temp_error_1h,-1.1270242064758451,0.30101549630624075,0.00018227621781674586,8398
30.7_-103.0,30.699999999999918,-103.0000000000002,wspd_error_1h,0.6795286121706653,0.33461693056603437,0.04231035808527239,8398
30.7_-103.0,30.699999999999918,-103.0000000000002,temp_error_0h,-0.5206144028734654,0.2808634258498315,0.06382859172864275,8398
30.7_-103.0,30.699999999999918,-103.0000000000002,wspd_error_0h,-0.4728619924513291,0.2399036449296995,0.04875114749714293,8398
30.7_-95.1,30.699999999999918,-95.10000000000065,temp_error_1h,-3.337561688396525,0.3945610522046003,0.0,8398
30.7_-95.1,30.699999999999918,-95.10000000000065,wspd_error_1h,0.6510726501192132,0.321613774844043,0.042961486952656225,8398
30.7_-95.1,30.699999999999918,-95.10000000000065,temp_error_0h,0.5797290083635366,0.2886557034869938,0.044635535116573255,8398
30.7_-95.1,30.699999999999918,-95.10000000000065,wspd_error_0h,1.4229581197345191,0.5287506722405076,0.007134354262326337,8398
30.7_-95.6,30.699999999999918,-95.60000000000062,temp_error_1h,-1.0374575262387493,0.34421445333484146,0.0025861317271882456,8398
30.7_-95.6,30.699999999999918,-95.60000000000062,wspd_error_1h,1.9071675650791822,0.49710243787262487,0.00012568395809187116,8398
30.7_-95.6,30.699999999999918,-95.60000000000062,temp_error_0h,0.9178075823627877,0.287779746520457,0.0014315867885519307,8398
30.7_-95.6,30.699999999999918,-95.60000000000062,wspd_error_0h,1.6779085441150015,0.5296878241701912,0.0015418677237342138,8398
30.7_-95.7,30.699999999999918,-95.70000000000061,temp_error_1h,-0.7870540168848841,0.3373557416503837,0.019671274773476632,8398
30.7_-95.7,30.699999999999918,-95.70000000000061,wspd_error_1h,2.1533771031739644,0.48671976907584436,9.799776017782591e-06,8398
30.7_-95.7,30.699999999999918,-95.70000000000061,temp_error_0h,0.8228697530516257,0.279898849374704,0.0032923602060874746,8398
30.7_-95.7,30.699999999999918,-95.70000000000061,wspd_error_0h,1.6217417712623918,0.5113886256389238,0.0015233260267550897,8398
30.7_-95.9,30.699999999999918,-95.9000000000006,temp_error_1h,-0.36085773422004386,0.3373163261123659,0.28474460946721836,8398
30.7_-95.9,30.699999999999918,-95.9000000000006,wspd_error_1h,1.135732939189566,0.47221681888383443,0.01618924523463905,8398
30.7_-95.9,30.699999999999918,-95.9000000000006,temp_error_0h,0.731037018472942,0.2769594344453957,0.008318030375411345,8398
30.7_-95.9,30.699999999999918,-95.9000000000006,wspd_error_0h,1.7844434407873804,0.4747040452382731,0.000171711941649777,8398
30.7_-96.0,30.699999999999918,-96.0000000000006,temp_error_1h,-0.2090390415321061,0.33749327472724583,0.5356781455481645,8398
30.7_-96.0,30.699999999999918,-96.0000000000006,wspd_error_1h,1.1458346456076172,0.45820965891702714,0.012414592937977087,8398
30.7_-96.0,30.699999999999918,-96.0000000000006,temp_error_0h,0.5407888133290728,0.2664918631209124,0.04246056980012147,8398
30.7_-96.0,30.699999999999918,-96.0000000000006,wspd_error_0h,1.8160101114650284,0.44434712345384103,4.412328195613213e-05,8398
30.7_-96.1,30.699999999999918,-96.10000000000059,temp_error_1h,-0.41030533217246595,0.3241493611324744,0.2056232214930953,8398
30.7_-96.1,30.699999999999918,-96.10000000000059,wspd_error_1h,1.2646493241619787,0.4448214177758493,0.004479250904081633,8398
30.7_-96.1,30.699999999999918,-96.10000000000059,temp_error_0h,0.6113942182633493,0.2725844618783796,0.024925930325073065,8398
30.7_-96.1,30.699999999999918,-96.10000000000059,wspd_error_0h,1.712987666453468,0.4527158347928027,0.00015552906920124343,8398
30.7_-96.3,30.699999999999918,-96.30000000000058,temp_error_1h,-0.9597933721846774,0.34210457550378487,0.005034605542288739,8398
30.7_-96.3,30.699999999999918,-96.30000000000058,wspd_error_1h,1.6342567473945113,0.4519265190543518,0.00030072067695652294,8398
30.7_-96.3,30.699999999999918,-96.30000000000058,temp_error_0h,0.7029544514138036,0.27668886892545147,0.011084329884004873,8398
30.7_-96.3,30.699999999999918,-96.30000000000058,wspd_error_0h,1.7861293749144145,0.4427935157022923,5.537657190912704e-05,8398
30.7_-96.4,30.699999999999918,-96.40000000000057,temp_error_1h,-1.0243983078030403,0.335124893131348,0.0022444568976476287,8398
30.7_-96.4,30.699999999999918,-96.40000000000057,wspd_error_1h,1.3326790450110149,0.4526842478299031,0.003249462003506176,8398
30.7_-96.4,30.699999999999918,-96.40000000000057,temp_error_0h,0.7521280674990596,0.2801374894628724,0.00727048499376215,8398
30.7_-96.4,30.699999999999918,-96.40000000000057,wspd_error_0h,2.1154955311968324,0.44127679381385004,1.6628480581371008e-06,8398
30.7_-96.5,30.699999999999918,-96.50000000000057,temp_error_1h,-1.3869113424405524,0.33991451087718416,4.541991016782099e-05,8398
30.7_-96.5,30.699999999999918,-96.50000000000057,wspd_error_1h,1.9077133292582849,0.440964448939173,1.5344756006063776e-05,8398
30.7_-96.5,30.699999999999918,-96.50000000000057,temp_error_0h,0.7990540564491825,0.2762354640047022,0.0038298647297481114,8398
30.7_-96.5,30.699999999999918,-96.50000000000057,wspd_error_0h,1.9937300645719853,0.4291544192412562,3.4408091171833632e-06,8398
30.7_-97.9,30.699999999999918,-97.90000000000049,temp_error_1h,-0.9339787271324929,0.32021916973563375,0.003547133877774833,8398
30.7_-97.9,30.699999999999918,-97.90000000000049,wspd_error_1h,1.3084330285770036,0.40415352209442446,0.001210671326384194,8398
30.7_-97.9,30.699999999999918,-97.90000000000049,temp_error_0h,0.7167449916087059,0.2721741583220539,0.008468897414074528,8398
30.7_-97.9,30.699999999999918,-97.90000000000049,wspd_error_0h,0.3885055121266981,0.37516443051314313,0.30043713687984264,8398
30.7_-98.1,30.699999999999918,-98.10000000000048,temp_error_1h,-1.234930980489906,0.3501697141353624,0.0004230873734389906,8398
30.7_-98.1,30.699999999999918,-98.10000000000048,wspd_error_1h,0.28873538627958006,0.3924523510169353,0.4619212346858448,8398
30.7_-98.1,30.699999999999918,-98.10000000000048,temp_error_0h,0.8057919587216688,0.27470664560812263,0.0033631073253788113,8398
30.7_-98.1,30.699999999999918,-98.10000000000048,wspd_error_0h,0.5899228908377289,0.36360058781900123,0.10474527511335041,8398
30.7_-98.2,30.699999999999918,-98.20000000000047,temp_error_1h,-1.1780919723861214,0.3486321346289112,0.0007303396398876671,8398
30.7_-98.2,30.699999999999918,-98.20000000000047,wspd_error_1h,-0.06393720236766016,0.38513107956775683,0.8681498442311604,8398
30.7_-98.2,30.699999999999918,-98.20000000000047,temp_error_0h,0.8126589346792018,0.27512834076996995,0.0031481821182337555,8398
30.7_-98.2,30.699999999999918,-98.20000000000047,wspd_error_0h,0.6312092313672365,0.3563620500117987,0.07655420547780811,8398
30.7_-98.4,30.699999999999918,-98.40000000000046,temp_error_1h,-0.6642985530554935,0.32747625869627217,0.04253685832889231,8398
30.7_-98.4,30.699999999999918,-98.40000000000046,wspd_error_1h,1.6464326161494003,0.42656158026681334,0.00011434532916343443,8398
30.7_-98.4,30.699999999999918,-98.40000000000046,temp_error_0h,0.6524281978267579,0.27111409388598395,0.016129050507864395,8398
30.7_-98.4,30.699999999999918,-98.40000000000046,wspd_error_0h,-0.0311610833169799,0.35974175256971813,0.9309750850132916,8398
30.7_-98.9,30.699999999999918,-98.90000000000043,temp_error_1h,-1.6964550099316231,0.28045896465387055,1.5215295690040875e-09,8398
30.7_-98.9,30.699999999999918,-98.90000000000043,wspd_error_1h,0.5910970663686823,0.3456573538954257,0.08729069750828011,8398
30.7_-98.9,30.699999999999918,-98.90000000000043,temp_error_0h,0.4846850071145334,0.26409569034865255,0.06650227583506241,8398
30.7_-98.9,30.699999999999918,-98.90000000000043,wspd_error_0h,0.9590792352439762,0.3600941425376754,0.007750087042317055,8398
30.7_-99.0,30.699999999999918,-99.00000000000043,temp_error_1h,-1.5681508044433834,0.2801174488676479,2.234564067116196e-08,8398
30.7_-99.0,30.699999999999918,-99.00000000000043,wspd_error_1h,0.41882791135141895,0.34610495880767483,0.22626776941084215,8398
30.7_-99.0,30.699999999999918,-99.00000000000043,temp_error_0h,0.38250546097801613,0.2626544406504699,0.1453453845946826,8398
30.7_-99.0,30.699999999999918,-99.00000000000043,wspd_error_0h,1.0835213115405151,0.34817885146563454,0.0018647170529786372,8398
30.7_-99.1,30.699999999999918,-99.10000000000042,temp_error_1h,-1.6426163705895156,0.2909860512553023,1.7058335632924582e-08,8398
30.7_-99.1,30.699999999999918,-99.10000000000042,wspd_error_1h,0.4847234160417785,0.34297590196886274,0.15760857608611412,8398
30.7_-99.1,30.699999999999918,-99.10000000000042,temp_error_0h,0.37272953968689404,0.26722343868053483,0.16310613720520473,8398
30.7_-99.1,30.699999999999918,-99.10000000000042,wspd_error_0h,0.954775443294658,0.3553047301533479,0.007219609660811921,8398
30.7_-99.2,30.699999999999918,-99.20000000000041,temp_error_1h,-1.5024666716950312,0.3114018872798543,1.4259127385507497e-06,8398
30.7_-99.2,30.699999999999918,-99.20000000000041,wspd_error_1h,0.6887412556693496,0.3444520328178674,0.04558364638768908,8398
30.7_-99.2,30.699999999999918,-99.20000000000041,temp_error_0h,0.3445018263575039,0.26837104136262635,0.19929046910280235,8398
30.7_-99.2,30.699999999999918,-99.20000000000041,wspd_error_0h,0.6876044919848623,0.35258779199816903,0.05118980817715246,8398
30.8_-100.3,30.79999999999992,-100.30000000000035,temp_error_1h,-0.5567953816760005,0.30259991685002524,0.06579808621170846,8398
30.8_-100.3,30.79999999999992,-100.30000000000035,wspd_error_1h,1.1219157846797947,0.40466048600631743,0.005575302795111092,8398
30.8_-100.3,30.79999999999992,-100.30000000000035,temp_error_0h,-0.03176906047986635,0.285614619145332,0.911436227722181,8398
30.8_-100.3,30.79999999999992,-100.30000000000035,wspd_error_0h,-0.826587625470271,0.35612730689524763,0.02030833749838834,8398
30.8_-102.5,30.79999999999992,-102.50000000000023,temp_error_1h,-1.1076167457309152,0.3195256143267601,0.0005300495901419122,8398
30.8_-102.5,30.79999999999992,-102.50000000000023,wspd_error_1h,0.25911651471017344,0.2963211807496699,0.3819012022043422,8398
30.8_-102.5,30.79999999999992,-102.50000000000023,temp_error_0h,-0.6151597795781313,0.28939327920095886,0.03355850409517136,8398
30.8_-102.5,30.79999999999992,-102.50000000000023,wspd_error_0h,-0.48988880068798774,0.25461176444924083,0.05438074724997466,8398
30.8_-102.7,30.79999999999992,-102.70000000000022,temp_error_1h,-1.0199107588776162,0.30695989756989345,0.0008955972863691208,8398
30.8_-102.7,30.79999999999992,-102.70000000000022,wspd_error_1h,0.813838056827384,0.33160673519321837,0.01413905406249305,8398
30.8_-102.7,30.79999999999992,-102.70000000000022,temp_error_0h,-0.5181663418693305,0.28744793699234,0.07148013601017755,8398
30.8_-102.7,30.79999999999992,-102.70000000000022,wspd_error_0h,-0.35510530839589105,0.2463040607859106,0.14941448002771374,8398
30.8_-102.8,30.79999999999992,-102.80000000000021,temp_error_1h,-1.0020977974018646,0.30569048071176935,0.0010491860456345314,8398
30.8_-102.8,30.79999999999992,-102.80000000000021,wspd_error_1h,1.2908651682543464,0.33649913895264044,0.00012589176707367145,8398
30.8_-102.8,30.79999999999992,-102.80000000000021,temp_error_0h,-0.49091625623197627,0.28586333485412696,0.08595941271820795,8398
30.8_-102.8,30.79999999999992,-102.80000000000021,wspd_error_0h,-0.46312690672504037,0.2457281370322799,0.0595033304540713,8398
30.8_-102.9,30.79999999999992,-102.9000000000002,temp_error_1h,-1.1834443762082143,0.30337765167627373,9.65891048811951e-05,8398
30.8_-102.9,30.79999999999992,-102.9000000000002,wspd_error_1h,0.24273140776990793,0.32539709602758826,0.4557159227509544,8398
30.8_-102.9,30.79999999999992,-102.9000000000002,temp_error_0h,-0.4296125513213128,0.2897944758908304,0.13825213378994605,8398
30.8_-102.9,30.79999999999992,-102.9000000000002,wspd_error_0h,-0.29308515340007196,0.24602799912028028,0.23358243367038534,8398
30.8_-103.1,30.79999999999992,-103.1000000000002,temp_error_1h,-0.819228022399504,0.29650177617281637,0.005740185446805768,8398
30.8_-103.1,30.79999999999992,-103.1000000000002,wspd_error_1h,0.45530770787422237,0.3277125017536416,0.16476304773085415,8398
30.8_-103.1,30.79999999999992,-103.1000000000002,temp_error_0h,-0.5624843582627924,0.28285519646632673,0.04677851577381276,8398
30.8_-103.1,30.79999999999992,-103.1000000000002,wspd_error_0h,-0.018595589113578993,0.24949752186834598,0.9405887367771291,8398
30.8_-95.1,30.79999999999992,-95.10000000000065,temp_error_1h,-2.5085625007377192,0.38292107827966004,6.048361811394898e-11,8398
30.8_-95.1,30.79999999999992,-95.10000000000065,wspd_error_1h,0.8480566111039869,0.3759300010214343,0.024103288770678022,8398
30.8_-95.1,30.79999999999992,-95.10000000000065,temp_error_0h,0.834027476953013,0.299148256921114,0.005315323441804631,8398
30.8_-95.1,30.79999999999992,-95.10000000000065,wspd_error_0h,1.3175448149902815,0.5255668814655503,0.012198268836186132,8398
30.8_-95.7,30.79999999999992,-95.70000000000061,temp_error_1h,-0.9382088980537173,0.3326273944518671,0.004804687882136394,8398
30.8_-95.7,30.79999999999992,-95.70000000000061,wspd_error_1h,1.604682754055929,0.5173676072988816,0.0019309976249366478,8398
30.8_-95.7,30.79999999999992,-95.70000000000061,temp_error_0h,1.0049386387538786,0.283484189648262,0.0003948277763823338,8398
30.8_-95.7,30.79999999999992,-95.70000000000061,wspd_error_0h,1.8748130274927632,0.5013418075253129,0.0001855523618889965,8398
30.8_-95.9,30.79999999999992,-95.9000000000006,temp_error_1h,-0.26891174068953183,0.32670746907218334,0.4104766666004447,8398
30.8_-95.9,30.79999999999992,-95.9000000000006,wspd_error_1h,1.7573075811681549,0.46266912380588127,0.00014678669909784503,8398
30.8_-95.9,30.79999999999992,-95.9000000000006,temp_error_0h,0.5500024133813983,0.27451681372589,0.0451527603473878,8398
30.8_-95.9,30.79999999999992,-95.9000000000006,wspd_error_0h,1.6462471886271899,0.4672746605071364,0.0004288377522339015,8398
30.8_-96.4,30.79999999999992,-96.40000000000057,temp_error_1h,-0.9832783032808554,0.3466558772093426,0.004572526768890528,8398
30.8_-96.4,30.79999999999992,-96.40000000000057,wspd_error_1h,1.4876469120560387,0.43621742908501326,0.000651905495417715,8398
30.8_-96.4,30.79999999999992,-96.40000000000057,temp_error_0h,0.7804669918389583,0.27893323111319085,0.0051531087075631365,8398
30.8_-96.4,30.79999999999992,-96.40000000000057,wspd_error_0h,1.9630960560737252,0.4413806832006106,8.794755271379628e-06,8398
30.8_-96.5,30.79999999999992,-96.50000000000057,temp_error_1h,-1.338184648949779,0.3491534184743635,0.00012769730629536014,8398
30.8_-96.5,30.79999999999992,-96.50000000000057,wspd_error_1h,1.7754851633428288,0.4594851624437092,0.00011235438433465639,8398
30.8_-96.5,30.79999999999992,-96.50000000000057,temp_error_0h,0.835591872568932,0.27724362407441655,0.002586638991240564,8398
30.8_-96.5,30.79999999999992,-96.50000000000057,wspd_error_0h,1.9478036841801105,0.4263135748156538,4.972143994530498e-06,8398
30.8_-98.2,30.79999999999992,-98.20000000000047,temp_error_1h,-1.0942287516748173,0.3312444723620103,0.0009592599099332855,8398
30.8_-98.2,30.79999999999992,-98.20000000000047,wspd_error_1h,0.4346628117751333,0.3906541734753883,0.26588919553526047,8398
30.8_-98.2,30.79999999999992,-98.20000000000047,temp_error_0h,0.7316639708585518,0.2763778801914063,0.008128194237843056,8398
30.8_-98.2,30.79999999999992,-98.20000000000047,wspd_error_0h,0.3806668803065792,0.35064591695796143,0.2776801570043146,8398
30.8_-98.3,30.79999999999992,-98.30000000000047,temp_error_1h,-1.243555318546955,0.3515158271936597,0.00040582844748482394,8398
30.8_-98.3,30.79999999999992,-98.30000000000047,wspd_error_1h,-0.21584036311826038,0.42736986008766054,0.61354161402067,8398
30.8_-98.3,30.79999999999992,-98.30000000000047,temp_error_0h,0.7766551281320558,0.27700019938559683,0.005061960289383993,8398
30.8_-98.3,30.79999999999992,-98.30000000000047,wspd_error_0h,0.45473261022735995,0.3558818080915933,0.20136849705282156,8398
30.8_-98.4,30.79999999999992,-98.40000000000046,temp_error_1h,-2.318840085715113,0.38048295015375516,1.1466814164862171e-09,8398
30.8_-98.4,30.79999999999992,-98.40000000000046,wspd_error_1h,0.28555367518659147,0.3660256126484855,0.4353266262138431,8398
30.8_-98.4,30.79999999999992,-98.40000000000046,temp_error_0h,1.0460108097168022,0.27265458815485155,0.00012577238563626914,8398
30.8_-98.4,30.79999999999992,-98.40000000000046,wspd_error_0h,0.2552149146083897,0.35802456552096823,0.47596349450636355,8398
30.8_-98.5,30.79999999999992,-98.50000000000045,temp_error_1h,-0.9517857636428556,0.30812057887658206,0.002014877820210925,8398
30.8_-98.5,30.79999999999992,-98.50000000000045,wspd_error_1h,1.0350062326270235,0.3876696090655276,0.0076039791282915825,8398
30.8_-98.5,30.79999999999992,-98.50000000000045,temp_error_0h,0.6593464580138876,0.2655054643522371,0.013034300479951355,8398
30.8_-98.5,30.79999999999992,-98.50000000000045,wspd_error_0h,0.13563997129083333,0.3545543491827719,0.7020522925577839,8398
30.8_-98.6,30.79999999999992,-98.60000000000045,temp_error_1h,-0.8626446111518387,0.2862919078080777,0.00259313490580082,8398
30.8_-98.6,30.79999999999992,-98.60000000000045,wspd_error_1h,0.9310907219645645,0.3607917588504095,0.009877281055586273,8398
30.8_-98.6,30.79999999999992,-98.60000000000045,temp_error_0h,0.5684213514777691,0.26481280449060884,0.03186161106018215,8398
30.8_-98.6,30.79999999999992,-98.60000000000045,wspd_error_0h,0.26075755895055597,0.3623666156506535,0.47179391456114494,8398
30.8_-98.7,30.79999999999992,-98.70000000000044,temp_error_1h,-0.9827361031694227,0.2797203970678583,0.0004449511082600388,8398
30.8_-98.7,30.79999999999992,-98.70000000000044,wspd_error_1h,0.43433634707237745,0.3580295150204548,0.22511441238285235,8398
30.8_-98.7,30.79999999999992,-98.70000000000044,temp_error_0h,0.5311503283282436,0.2620235376866479,0.0426829286272592,8398
30.8_-98.7,30.79999999999992,-98.70000000000044,wspd_error_0h,0.5909305244459482,0.36127486686522964,0.1019439797729913,8398
30.8_-98.8,30.79999999999992,-98.80000000000044,temp_error_1h,-1.266350516089692,0.2881615853625767,1.123553953186196e-05,8398
30.8_-98.8,30.79999999999992,-98.80000000000044,wspd_error_1h,0.2279593681065927,0.34887380726937894,0.5135067695892301,8398
30.8_-98.8,30.79999999999992,-98.80000000000044,temp_error_0h,0.5220035253613456,0.2624988316976568,0.04677863060876164,8398
30.8_-98.8,30.79999999999992,-98.80000000000044,wspd_error_0h,0.8009213876692407,0.3588876881718152,0.025662734130606824,8398
30.8_-98.9,30.79999999999992,-98.90000000000043,temp_error_1h,-1.5140900345770045,0.2997106490654525,4.468393792755876e-07,8398
30.8_-98.9,30.79999999999992,-98.90000000000043,wspd_error_1h,0.4172301432442485,0.3503370901535347,0.2337113172965668,8398
30.8_-98.9,30.79999999999992,-98.90000000000043,temp_error_0h,0.4687692972891202,0.26454201294697727,0.07643045768360213,8398
30.8_-98.9,30.79999999999992,-98.90000000000043,wspd_error_0h,0.8613099242074477,0.35616388349873085,0.0156145989175982,8398
30.8_-99.0,30.79999999999992,-99.00000000000043,temp_error_1h,-1.6648930842031167,0.31244965636560823,1.0159990271318975e-07,8398
30.8_-99.0,30.79999999999992,-99.00000000000043,wspd_error_1h,0.40450765388201354,0.3555165740758913,0.25523557541326825,8398
30.8_-99.0,30.79999999999992,-99.00000000000043,temp_error_0h,0.4555625658130656,0.26410738239898174,0.08457991933828368,8398
30.8_-99.0,30.79999999999992,-99.00000000000043,wspd_error_0h,0.8913623666078857,0.3439043004275581,0.00956161886037088,8398
30.8_-99.1,30.79999999999992,-99.10000000000042,temp_error_1h,-1.7598413795034344,0.3220241282146114,4.7640442701890606e-08,8398
30.8_-99.1,30.79999999999992,-99.10000000000042,wspd_error_1h,0.30061619557839614,0.3634258585263716,0.408162418249278,8398
30.8_-99.1,30.79999999999992,-99.10000000000042,temp_error_0h,0.4898534334860397,0.2691063229932867,0.06874954307691516,8398
30.8_-99.1,30.79999999999992,-99.10000000000042,wspd_error_0h,0.816547226438156,0.3559443725028505,0.021813442034371855,8398
30.8_-99.2,30.79999999999992,-99.20000000000041,temp_error_1h,-1.3160085687142882,0.32890932364462483,6.35852233425993e-05,8398
30.8_-99.2,30.79999999999992,-99.20000000000041,wspd_error_1h,0.3943874136223508,0.3522222160596916,0.2628687274002548,8398
30.8_-99.2,30.79999999999992,-99.20000000000041,temp_error_0h,0.4144747547141747,0.2698651164449641,0.12461083890733304,8398
30.8_-99.2,30.79999999999992,-99.20000000000041,wspd_error_0h,0.6517315328635436,0.3548629795001702,0.06630855457705409,8398
30.8_-99.3,30.79999999999992,-99.30000000000041,temp_error_1h,-1.2547018164432424,0.32411132098178397,0.00010912294076104168,8398
30.8_-99.3,30.79999999999992,-99.30000000000041,wspd_error_1h,0.22408631689247335,0.3594366228762956,0.5330139914685259,8398
30.8_-99.3,30.79999999999992,-99.30000000000041,temp_error_0h,0.4299877365236669,0.27212306176092865,0.11411669570602534,8398
30.8_-99.3,30.79999999999992,-99.30000000000041,wspd_error_0h,0.5589565025860006,0.3598760585842171,0.12041521813114131,8398
30.9_-100.3,30.89999999999992,-100.30000000000035,temp_error_1h,-0.20715849175955028,0.2972607597995687,0.4858900945755309,8398
30.9_-100.3,30.89999999999992,-100.30000000000035,wspd_error_1h,1.427162516629359,0.38459433320032377,0.00020792562221050304,8398
30.9_-100.3,30.89999999999992,-100.30000000000035,temp_error_0h,0.06349140617744171,0.29271814966084575,0.8282893377666416,8398
30.9_-100.3,30.89999999999992,-100.30000000000035,wspd_error_0h,-0.7815248149625753,0.3568061602484844,0.028527528909857214,8398
30.9_-101.3,30.89999999999992,-101.3000000000003,temp_error_1h,-0.08788176487937704,0.32321626992049907,0.7857073865208573,8398
30.9_-101.3,30.89999999999992,-101.3000000000003,wspd_error_1h,0.836629451254293,0.4039452530282315,0.03837581190520356,8398
30.9_-101.3,30.89999999999992,-101.3000000000003,temp_error_0h,-0.07932540937219773,0.2942165180530038,0.7874625339341996,8398
30.9_-101.3,30.89999999999992,-101.3000000000003,wspd_error_0h,-0.86760273307029,0.3263028745947177,0.00785485026639643,8398
30.9_-101.6,30.89999999999992,-101.60000000000028,temp_error_1h,0.17850461908322773,0.3417230137057877,0.6014290962059852,8398
30.9_-101.6,30.89999999999992,-101.60000000000028,wspd_error_1h,1.4498223964374906,0.36625942286206875,7.606054176023669e-05,8398
30.9_-101.6,30.89999999999992,-101.60000000000028,temp_error_0h,-0.7039264387081524,0.29603917075189906,0.017437912384190568,8398
30.9_-101.6,30.89999999999992,-101.60000000000028,wspd_error_0h,-0.944739918087475,0.29959856935198126,0.0016197824021824125,8398
30.9_-102.1,30.89999999999992,-102.10000000000025,temp_error_1h,-0.24134839160459867,0.332023851864527,0.46730711211507403,8398
30.9_-102.1,30.89999999999992,-102.10000000000025,wspd_error_1h,1.0960344788000134,0.363059475625594,0.002544731318654625,8398
30.9_-102.1,30.89999999999992,-102.10000000000025,temp_error_0h,-1.0235831665693724,0.29545280110830796,0.000533971881462536,8398
30.9_-102.1,30.89999999999992,-102.10000000000025,wspd_error_0h,-0.39063149140761566,0.291464681691418,0.18020503488271822,8398
30.9_-102.2,30.89999999999992,-102.20000000000024,temp_error_1h,-0.561504978756314,0.33293996525932296,0.09173586612970919,8398
30.9_-102.2,30.89999999999992,-102.20000000000024,wspd_error_1h,-0.4781001755440999,0.34212197404809164,0.16231379250769007,8398
30.9_-102.2,30.89999999999992,-102.20000000000024,temp_error_0h,-0.8080728115907202,0.29578402600624704,0.006308930531338852,8398
30.9_-102.2,30.89999999999992,-102.20000000000024,wspd_error_0h,-0.06200051595691309,0.28488427165332336,0.8277195712769299,8398
30.9_-102.4,30.89999999999992,-102.40000000000023,temp_error_1h,-0.5854751938581921,0.3233388340678048,0.07022053589353772,8398
30.9_-102.4,30.89999999999992,-102.40000000000023,wspd_error_1h,1.585752561272603,0.27932674940960556,1.4161873451712381e-08,8398
30.9_-102.4,30.89999999999992,-102.40000000000023,temp_error_0h,-0.7476210662116934,0.2921114489129119,0.0105036762305315,8398
30.9_-102.4,30.89999999999992,-102.40000000000023,wspd_error_0h,-0.4262498057565304,0.26329587913813457,0.10550643299296225,8398
30.9_-102.6,30.89999999999992,-102.60000000000022,temp_error_1h,-1.0425242691378078,0.32792606859822127,0.001482495150726626,8398
30.9_-102.6,30.89999999999992,-102.60000000000022,wspd_error_1h,1.1049523905933978,0.350340966307639,0.0016165609944225334,8398
30.9_-102.6,30.89999999999992,-102.60000000000022,temp_error_0h,-0.48055105062186143,0.29340188100516956,0.10148866364688258,8398
30.9_-102.6,30.89999999999992,-102.60000000000022,wspd_error_0h,-0.27330597672273527,0.25762342361120316,0.2887778549386759,8398
30.9_-102.7,30.89999999999992,-102.70000000000022,temp_error_1h,-0.9955738503924575,0.31406702790368135,0.0015302045325478186,8398
30.9_-102.7,30.89999999999992,-102.70000000000022,wspd_error_1h,0.5032300968596349,0.3456079322758264,0.1454102362447811,8398
30.9_-102.7,30.89999999999992,-102.70000000000022,temp_error_0h,-0.4589448303498087,0.28828278702229426,0.11142359560089243,8398
30.9_-102.7,30.89999999999992,-102.70000000000022,wspd_error_0h,-0.06441779472299013,0.2529542211927919,0.7989905363691103,8398
30.9_-102.9,30.89999999999992,-102.9000000000002,temp_error_1h,-0.9309189731797473,0.3048805450956328,0.00226984019038845,8398
30.9_-102.9,30.89999999999992,-102.9000000000002,wspd_error_1h,0.5490688268176638,0.34014749494108876,0.10652006285063509,8398
30.9_-102.9,30.89999999999992,-102.9000000000002,temp_error_0h,-0.39159421698134944,0.2881106179389082,0.17412620800006717,8398
30.9_-102.9,30.89999999999992,-102.9000000000002,wspd_error_0h,-0.03953135952894953,0.2513399111847587,0.8750260432060954,8398
30.9_-103.0,30.89999999999992,-103.0000000000002,temp_error_1h,-0.9233118509581242,0.2986705186182277,0.00199866749268951,8398
30.9_-103.0,30.89999999999992,-103.0000000000002,wspd_error_1h,0.6450096667700699,0.33903939576800923,0.05714508836895216,8398
30.9_-103.0,30.89999999999992,-103.0000000000002,temp_error_0h,-0.3881461775060446,0.27868214449130707,0.16371984426512842,8398
30.9_-103.0,30.89999999999992,-103.0000000000002,wspd_error_0h,0.07457385023611766,0.23981770198203578,0.7558383507609305,8398
30.9_-95.1,30.89999999999992,-95.10000000000065,temp_error_1h,-0.37003120553578267,0.31740198711778556,0.24372353531497581,8398
30.9_-95.1,30.89999999999992,-95.10000000000065,wspd_error_1h,1.9632327843970836,0.5319503072975019,0.000225120493314801,8398
30.9_-95.1,30.89999999999992,-95.10000000000065,temp_error_0h,0.6094988463934382,0.2963386647398527,0.039739860472489674,8398
30.9_-95.1,30.89999999999992,-95.10000000000065,wspd_error_0h,1.7638913551733015,0.5875781216505445,0.0026903237570159444,8398
30.9_-95.7,30.89999999999992,-95.70000000000061,temp_error_1h,-0.4021001907307128,0.3149362140501821,0.2017199702461856,8398
30.9_-95.7,30.89999999999992,-95.70000000000061,wspd_error_1h,2.0467394251679125,0.48137624905604276,2.1431949076999857e-05,8398
30.9_-95.7,30.89999999999992,-95.70000000000061,temp_error_0h,0.8943423832127189,0.28521405840096437,0.0017204597624886908,8398
30.9_-95.7,30.89999999999992,-95.70000000000061,wspd_error_0h,1.8309374155804545,0.5035724129627421,0.0002786807880841291,8398
30.9_-95.9,30.89999999999992,-95.9000000000006,temp_error_1h,-0.5666579210635406,0.33457826935299767,0.09036940225523171,8398
30.9_-95.9,30.89999999999992,-95.9000000000006,wspd_error_1h,1.8093182564544903,0.46367479341531553,9.609931013065953e-05,8398
30.9_-95.9,30.89999999999992,-95.9000000000006,temp_error_0h,0.6864996955531231,0.27814935971548127,0.013603214379645845,8398
30.9_-95.9,30.89999999999992,-95.9000000000006,wspd_error_0h,1.6140751251669359,0.46239309749630486,0.0004842455201077289,8398
30.9_-96.5,30.89999999999992,-96.50000000000057,temp_error_1h,-1.323618218724639,0.35166330196432305,0.00016844354257949945,8398
30.9_-96.5,30.89999999999992,-96.50000000000057,wspd_error_1h,1.5202379766589822,0.4747102515835237,0.0013677257809705523,8398
30.9_-96.5,30.89999999999992,-96.50000000000057,temp_error_0h,0.8488521183622487,0.2780465627765566,0.0022734372088106802,8398
30.9_-96.5,30.89999999999992,-96.50000000000057,wspd_error_0h,1.8366643019332898,0.4345683749508004,2.3997424652089094e-05,8398
30.9_-96.6,30.89999999999992,-96.60000000000056,temp_error_1h,-1.6784856429634025,0.3443018566159014,1.1079108170886087e-06,8398
30.9_-96.6,30.89999999999992,-96.60000000000056,wspd_error_1h,2.1219890127670102,0.4566560767743047,3.4228676006886616e-06,8398
30.9_-96.6,30.89999999999992,-96.60000000000056,temp_error_0h,0.8856957517915527,0.2791754519343702,0.0015165801797771827,8398
30.9_-96.6,30.89999999999992,-96.60000000000056,wspd_error_0h,1.6015780472638128,0.43874771491077597,0.0002634925304816349,8398
30.9_-99.2,30.89999999999992,-99.20000000000041,temp_error_1h,-1.6376659193746084,0.3401919511915064,1.5057571056686925e-06,8398
30.9_-99.2,30.89999999999992,-99.20000000000041,wspd_error_1h,0.2050287823820101,0.38170371019820426,0.5911843977380771,8398
30.9_-99.2,30.89999999999992,-99.20000000000041,temp_error_0h,0.546843297493667,0.275469368658481,0.047162331984325734,8398
30.9_-99.2,30.89999999999992,-99.20000000000041,wspd_error_0h,0.31150274237556225,0.3653761223981616,0.39393131703036577,8398
30.9_-99.3,30.89999999999992,-99.30000000000041,temp_error_1h,-1.3276046971584228,0.34495998337272016,0.00011969154663282744,8398
30.9_-99.3,30.89999999999992,-99.30000000000041,wspd_error_1h,0.37728586469614794,0.39870795630588834,0.34403763030314494,8398
30.9_-99.3,30.89999999999992,-99.30000000000041,temp_error_0h,0.4061729327098377,0.2758993087606821,0.1410104387719915,8398
30.9_-99.3,30.89999999999992,-99.30000000000041,wspd_error_0h,0.24865644913700446,0.36714955663251436,0.49825847526833944,8398
30.9_-99.4,30.89999999999992,-99.4000000000004,temp_error_1h,-0.9882307018211359,0.31387556517100856,0.0016470019893735088,8398
30.9_-99.4,30.89999999999992,-99.4000000000004,wspd_error_1h,0.8192110946787781,0.39852168639925206,0.03984969146863637,8398
30.9_-99.4,30.89999999999992,-99.4000000000004,temp_error_0h,0.2679288114700412,0.27764850745396574,0.33457634281586945,8398
30.9_-99.4,30.89999999999992,-99.4000000000004,wspd_error_0h,0.08214952094936863,0.375551736194346,0.8268551625840743,8398
30.9_-99.5,30.89999999999992,-99.5000000000004,temp_error_1h,-1.0534561201534656,0.3028762440575675,0.0005074143357370886,8398
30.9_-99.5,30.89999999999992,-99.5000000000004,wspd_error_1h,0.9236132263876997,0.3874460994216935,0.017154796182008214,8398
30.9_-99.5,30.89999999999992,-99.5000000000004,temp_error_0h,0.16757287120203126,0.2758983353001858,0.5436206964678476,8398
30.9_-99.5,30.89999999999992,-99.5000000000004,wspd_error_0h,0.023648739113207525,0.3674968171788174,0.9486923899822841,8398
31.0_-100.3,30.999999999999922,-100.30000000000035,temp_error_1h,0.1174357888060254,0.3198365886567488,0.7134982754333474,8398
31.0_-100.3,30.999999999999922,-100.30000000000035,wspd_error_1h,1.275589245239174,0.3987074041934887,0.0013827064734366346,8398
31.0_-100.3,30.999999999999922,-100.30000000000035,temp_error_0h,0.12242550605947747,0.28885019367169507,0.6716953329605819,8398
31.0_-100.3,30.999999999999922,-100.30000000000035,wspd_error_0h,-0.5362447747095624,0.3457287106222886,0.12092600820670252,8398
31.0_-100.4,30.999999999999922,-100.40000000000035,temp_error_1h,-0.03833388552263367,0.33051470942830097,0.9076692863960596,8398
31.0_-100.4,30.999999999999922,-100.40000000000035,wspd_error_1h,0.5050430327720573,0.41068446750382215,0.2188218861042608,8398
31.0_-100.4,30.999999999999922,-100.40000000000035,temp_error_0h,0.16984748925964907,0.28888006620976475,0.5565806873619226,8398
31.0_-100.4,30.999999999999922,-100.40000000000035,wspd_error_0h,-0.4689197352818583,0.3465400104184504,0.1760451321977754,8398
31.0_-100.6,30.999999999999922,-100.60000000000034,temp_error_1h,0.77065942689377,0.320305240607076,0.016149152260402255,8398
31.0_-100.6,30.999999999999922,-100.60000000000034,wspd_error_1h,1.4011596804734687,0.3773025239939741,0.00020564263062161636,8398
31.0_-100.6,30.999999999999922,-100.60000000000034,temp_error_0h,0.17555395601501772,0.2887495224441198,0.5432172131519943,8398
31.0_-100.6,30.999999999999922,-100.60000000000034,wspd_error_0h,-0.7612631941855988,0.3372984503455298,0.02403738941689948,8398
31.0_-102.2,30.999999999999922,-102.20000000000024,temp_error_1h,0.11953734199235877,0.3153367990211058,0.7046393417270798,8398
31.0_-102.2,30.999999999999922,-102.20000000000024,wspd_error_1h,0.5360905481326893,0.33805104863511387,0.11281635296233916,8398
31.0_-102.2,30.999999999999922,-102.20000000000024,temp_error_0h,-0.953495510372661,0.28094229032001533,0.0006922021589406135,8398
31.0_-102.2,30.999999999999922,-102.20000000000024,wspd_error_0h,0.06556005717059075,0.26713167279306066,0.806135526977241,8398
31.0_-102.3,30.999999999999922,-102.30000000000024,temp_error_1h,0.2367183698600542,0.3167832574489558,0.45492973003474413,8398
31.0_-102.3,30.999999999999922,-102.30000000000024,wspd_error_1h,1.1840325328178434,0.3220376466039289,0.00023776170741762748,8398
31.0_-102.3,30.999999999999922,-102.30000000000024,temp_error_0h,-0.9062811746300022,0.2791453483612967,0.0011724126924805844,8398
31.0_-102.3,30.999999999999922,-102.30000000000024,wspd_error_0h,-0.04700916047648181,0.25937072532579736,0.8561811430074537,8398
31.0_-102.4,30.999999999999922,-102.40000000000023,temp_error_1h,-0.42377034192244173,0.31400221928177974,0.17718809463810636,8398
31.0_-102.4,30.999999999999922,-102.40000000000023,wspd_error_1h,0.6389719210244844,0.33390681959364915,0.055702416284387546,8398
31.0_-102.4,30.999999999999922,-102.40000000000023,temp_error_0h,-0.7009433298198279,0.2844844727437755,0.013763161004374913,8398
31.0_-102.4,30.999999999999922,-102.40000000000023,wspd_error_0h,-0.04928805031788481,0.2552661938389274,0.8468971622950563,8398
31.0_-102.5,30.999999999999922,-102.50000000000023,temp_error_1h,-0.6791404793230669,0.3073780964292039,0.027169484386874165,8398
31.0_-102.5,30.999999999999922,-102.50000000000023,wspd_error_1h,1.0290412280702455,0.3133117275112158,0.0010262012366553108,8398
31.0_-102.5,30.999999999999922,-102.50000000000023,temp_error_0h,-0.5951365791493983,0.2786543156346722,0.0327285978987335,8398
31.0_-102.5,30.999999999999922,-102.50000000000023,wspd_error_0h,-0.20262311211885906,0.24186156125999705,0.4021867505850598,8398
31.0_-102.6,30.999999999999922,-102.60000000000022,temp_error_1h,-0.8469294140062525,0.30752479272092037,0.005899547374181191,8398
31.0_-102.6,30.999999999999922,-102.60000000000022,wspd_error_1h,1.0610326570055906,0.30127551434321864,0.00043091157990771123,8398
31.0_-102.6,30.999999999999922,-102.60000000000022,temp_error_0h,-0.5004224384141887,0.2846286844714601,0.07875709226103766,8398
31.0_-102.6,30.999999999999922,-102.60000000000022,wspd_error_0h,-0.09512147864646336,0.24705428324167888,0.700230482476915,8398
31.0_-103.0,30.999999999999922,-103.0000000000002,temp_error_1h,-0.784272038298131,0.3036462532595525,0.009815697265818102,8398
31.0_-103.0,30.999999999999922,-103.0000000000002,wspd_error_1h,0.606629630798686,0.3406684482797236,0.07499715810135421,8398
31.0_-103.0,30.999999999999922,-103.0000000000002,temp_error_0h,-0.47157686950929173,0.271319883983109,0.08223277328167744,8398
31.0_-103.0,30.999999999999922,-103.0000000000002,wspd_error_0h,0.22746986146524673,0.23353272134266095,0.3300656194898972,8398
31.0_-103.3,30.999999999999922,-103.30000000000018,temp_error_1h,-0.5537844904659815,0.2849909197409324,0.05202971705811987,8398
31.0_-103.3,30.999999999999922,-103.30000000000018,wspd_error_1h,0.6240862239646194,0.33275103626862884,0.060753995876285494,8398
31.0_-103.3,30.999999999999922,-103.30000000000018,temp_error_0h,-0.8288969142570541,0.26552560440110895,0.0018041054666404488,8398
31.0_-103.3,30.999999999999922,-103.30000000000018,wspd_error_0h,0.33621326644246213,0.239458701100022,0.16033953782819532,8398
31.0_-103.5,30.999999999999922,-103.50000000000017,temp_error_1h,-0.2882829660154846,0.2862728611971224,0.31395353483039257,8398
31.0_-103.5,30.999999999999922,-103.50000000000017,wspd_error_1h,0.550717362031924,0.3274121857727615,0.09260024367549025,8398
31.0_-103.5,30.999999999999922,-103.50000000000017,temp_error_0h,-0.7392798840256297,0.26077850262969504,0.004595067247714413,8398
31.0_-103.5,30.999999999999922,-103.50000000000017,wspd_error_0h,0.5210412450400409,0.23229490775812484,0.024921871270699336,8398
31.0_-95.1,30.999999999999922,-95.10000000000065,temp_error_1h,-0.4116984369466315,0.32544123407276815,0.20588977935173847,8398
31.0_-95.1,30.999999999999922,-95.10000000000065,wspd_error_1h,1.7159905819434458,0.5287788289657008,0.0011783210837235103,8398
31.0_-95.1,30.999999999999922,-95.10000000000065,temp_error_0h,0.6882606111355825,0.2777408595461559,0.013229219958953653,8398
31.0_-95.1,30.999999999999922,-95.10000000000065,wspd_error_0h,2.729389051076445,0.6403710285412473,2.046481707385084e-05,8398
31.0_-95.7,30.999999999999922,-95.70000000000061,temp_error_1h,-1.0667053564072546,0.3336677269819363,0.0013942609759023394,8398
31.0_-95.7,30.999999999999922,-95.70000000000061,wspd_error_1h,1.8045431456912027,0.4597769492839514,8.748997752561216e-05,8398
31.0_-95.7,30.999999999999922,-95.70000000000061,temp_error_0h,0.8130601855477739,0.2745896943490081,0.0030750371786947284,8398
31.0_-95.7,30.999999999999922,-95.70000000000061,wspd_error_0h,1.8626195987912195,0.4828740411881597,0.00011547899405583983,8398
31.0_-95.8,30.999999999999922,-95.80000000000061,temp_error_1h,-0.7790759004056547,0.33104205730334063,0.01862542004551515,8398
31.0_-95.8,30.999999999999922,-95.80000000000061,wspd_error_1h,1.602943212161636,0.47736195144404675,0.0007888220204328444,8398
31.0_-95.8,30.999999999999922,-95.80000000000061,temp_error_0h,0.7327194416971338,0.27539432661627034,0.007814612295703904,8398
31.0_-95.8,30.999999999999922,-95.80000000000061,wspd_error_0h,1.696988625185531,0.45402053853793617,0.00018695676086277757,8398
31.0_-95.9,30.999999999999922,-95.9000000000006,temp_error_1h,-0.6399188518579063,0.3165321429569745,0.04324379701481962,8398
31.0_-95.9,30.999999999999922,-95.9000000000006,wspd_error_1h,1.4370999546201566,0.4624949355252009,0.0018945260901694905,8398
31.0_-95.9,30.999999999999922,-95.9000000000006,temp_error_0h,0.7750612162139481,0.2754753729038899,0.004911360769945139,8398
31.0_-95.9,30.999999999999922,-95.9000000000006,wspd_error_0h,1.4717891221184227,0.44597950590486324,0.0009704580849121403,8398
31.0_-96.6,30.999999999999922,-96.60000000000056,temp_error_1h,-1.4874520019932365,0.33838785078468114,1.1178056490201982e-05,8398
31.0_-96.6,30.999999999999922,-96.60000000000056,wspd_error_1h,1.275057493517467,0.45264437387805845,0.004860218047161524,8398
31.0_-96.6,30.999999999999922,-96.60000000000056,temp_error_0h,0.8291712980998476,0.275254758000628,0.0025998587096960346,8398
31.0_-96.6,30.999999999999922,-96.60000000000056,wspd_error_0h,1.7069628537104031,0.42593836416736164,6.188867676892862e-05,8398
31.0_-96.7,30.999999999999922,-96.70000000000056,temp_error_1h,-1.5258425727093292,0.3314233723772078,4.207615473372783e-06,8398
31.0_-96.7,30.999999999999922,-96.70000000000056,wspd_error_1h,1.3830715789381136,0.43483156397500206,0.0014745341140240953,8398
31.0_-96.7,30.999999999999922,-96.70000000000056,temp_error_0h,0.7863493985384145,0.27230754356786585,0.003890344675623103,8398
31.0_-96.7,30.999999999999922,-96.70000000000056,wspd_error_0h,1.6876627769078905,0.4136115348613923,4.539420335203381e-05,8398
31.0_-96.9,30.999999999999922,-96.90000000000055,temp_error_1h,-2.0944815849610148,0.35055883268425264,2.3996056253139386e-09,8398
31.0_-96.9,30.999999999999922,-96.90000000000055,wspd_error_1h,0.7035238788917159,0.42050070072786316,0.0943524604565118,8398
31.0_-96.9,30.999999999999922,-96.90000000000055,temp_error_0h,0.8381791038252036,0.27450989785432867,0.002270018076636404,8398
31.0_-96.9,30.999999999999922,-96.90000000000055,wspd_error_0h,1.7010606118270446,0.39718555897734215,1.8663306776023347e-05,8398
31.0_-97.0,30.999999999999922,-97.00000000000054,temp_error_1h,-1.9789866010444324,0.35002458029647543,1.62056004171518e-08,8398
31.0_-97.0,30.999999999999922,-97.00000000000054,wspd_error_1h,1.1598278941083033,0.41985205302467865,0.005749159279402338,8398
31.0_-97.0,30.999999999999922,-97.00000000000054,temp_error_0h,0.7666733085183218,0.2691473812439452,0.004402954760150957,8398
31.0_-97.0,30.999999999999922,-97.00000000000054,wspd_error_0h,1.4669714795006834,0.37740156442523176,0.00010226288247783266,8398
31.0_-97.1,30.999999999999922,-97.10000000000053,temp_error_1h,-1.6097651239059823,0.34430305135975686,2.979359006616278e-06,8398
31.0_-97.1,30.999999999999922,-97.10000000000053,wspd_error_1h,1.5202444810294702,0.41112920443799145,0.0002189304462003605,8398
31.0_-97.1,30.999999999999922,-97.10000000000053,temp_error_0h,0.6446141066118903,0.27144920761423497,0.017585021414825652,8398
31.0_-97.1,30.999999999999922,-97.10000000000053,wspd_error_0h,1.362789856775687,0.3775224816425175,0.00030819776893165063,8398
31.0_-97.3,30.999999999999922,-97.30000000000052,temp_error_1h,-1.487280292947873,0.35254278329924565,2.4828509717078617e-05,8398
31.0_-97.3,30.999999999999922,-97.30000000000052,wspd_error_1h,1.8375750761240892,0.4134248892495802,8.91245171241728e-06,8398
31.0_-97.3,30.999999999999922,-97.30000000000052,temp_error_0h,0.5516683869474849,0.26659956075176805,0.03855075437669875,8398
31.0_-97.3,30.999999999999922,-97.30000000000052,wspd_error_0h,1.1320716100797477,0.3624497709465735,0.0017939248858156454,8398
31.0_-99.3,30.999999999999922,-99.30000000000041,temp_error_1h,-0.6178892332689714,0.3238596209810633,0.05643939613070015,8398
31.0_-99.3,30.999999999999922,-99.30000000000041,wspd_error_1h,1.707230767374342,0.38836609663826244,1.1166254381356211e-05,8398
31.0_-99.3,30.999999999999922,-99.30000000000041,temp_error_0h,0.24429267586007009,0.2711491100200158,0.3676391347415209,8398
31.0_-99.3,30.999999999999922,-99.30000000000041,wspd_error_0h,-0.3151143696598222,0.35995467378512847,0.3813662790075234,8398
31.0_-99.4,30.999999999999922,-99.4000000000004,temp_error_1h,-0.9626898292486737,0.3257998356225592,0.003136934037138772,8398
31.0_-99.4,30.999999999999922,-99.4000000000004,wspd_error_1h,1.1298093715788462,0.3833862734024042,0.003218411937110366,8398
31.0_-99.4,30.999999999999922,-99.4000000000004,temp_error_0h,0.2444077756697024,0.2741209879295472,0.3726301034163695,8398
31.0_-99.4,30.999999999999922,-99.4000000000004,wspd_error_0h,-0.1173746616369033,0.3611085809317031,0.7451590856076311,8398
31.0_-99.5,30.999999999999922,-99.5000000000004,temp_error_1h,-1.0243750525008233,0.3124068165930486,0.0010460992311831507,8398
31.0_-99.5,30.999999999999922,-99.5000000000004,wspd_error_1h,0.9186888468197238,0.3848563956339963,0.017004197149041778,8398
31.0_-99.5,30.999999999999922,-99.5000000000004,temp_error_0h,0.19660625013060076,0.2719504271377931,0.4697315405876401,8398
31.0_-99.5,30.999999999999922,-99.5000000000004,wspd_error_0h,-0.00786611035661084,0.35439055203794373,0.9822920085307474,8398
31.0_-99.6,30.999999999999922,-99.60000000000039,temp_error_1h,-0.7944940487298909,0.3366197030814367,0.018287316785637664,8398
31.0_-99.6,30.999999999999922,-99.60000000000039,wspd_error_1h,0.7210146772309161,0.4098126647648678,0.0785502113964216,8398
31.0_-99.6,30.999999999999922,-99.60000000000039,temp_error_0h,0.17035716614522967,0.27842198711484617,0.5406425460625877,8398
31.0_-99.6,30.999999999999922,-99.60000000000039,wspd_error_0h,-0.0020988138954089555,0.3571550486690035,0.9953114159549536,8398
31.1_-100.0,31.099999999999923,-100.00000000000037,temp_error_1h,-0.09041317786528635,0.351638503517129,0.7970927200624052,8398
31.1_-100.0,31.099999999999923,-100.00000000000037,wspd_error_1h,0.19240655864008968,0.4008107417323865,0.6312090853398398,8398
31.1_-100.0,31.099999999999923,-100.00000000000037,temp_error_0h,0.18885516334231725,0.28998366422028415,0.5148956788832779,8398
31.1_-100.0,31.099999999999923,-100.00000000000037,wspd_error_0h,-0.21602455929484005,0.3520656928747303,0.5395019237756202,8398
31.1_-100.4,31.099999999999923,-100.40000000000035,temp_error_1h,0.6964141790886982,0.34073572271675023,0.04099922843333603,8398
31.1_-100.4,31.099999999999923,-100.40000000000035,wspd_error_1h,0.007725436778675146,0.3982162709866724,0.984522391223517,8398
31.1_-100.4,31.099999999999923,-100.40000000000035,temp_error_0h,0.148114535643488,0.2937103789375534,0.6140725060027974,8398
31.1_-100.4,31.099999999999923,-100.40000000000035,wspd_error_0h,-0.34354665809106516,0.34683573742395235,0.32195021579973426,8398
31.1_-100.7,31.099999999999923,-100.70000000000033,temp_error_1h,0.8670681276036253,0.3434807741819278,0.011609378862327047,8398
31.1_-100.7,31.099999999999923,-100.70000000000033,wspd_error_1h,0.060976566551771236,0.3908879026782024,0.8760407141963493,8398
31.1_-100.7,31.099999999999923,-100.70000000000033,temp_error_0h,0.15355241922146062,0.29420024548660934,0.6017317559746234,8398
31.1_-100.7,31.099999999999923,-100.70000000000033,wspd_error_0h,-0.5472221188393158,0.34289880795759126,0.11055550784947954,8398
31.1_-102.3,31.099999999999923,-102.30000000000024,temp_error_1h,-0.06072834885977248,0.3258984928080704,0.852181645210212,8398
31.1_-102.3,31.099999999999923,-102.30000000000024,wspd_error_1h,-0.43844941829175943,0.3468868898254231,0.2062814376686486,8398
31.1_-102.3,31.099999999999923,-102.30000000000024,temp_error_0h,-1.009638678049965,0.28447222431388774,0.00038857852094853484,8398
31.1_-102.3,31.099999999999923,-102.30000000000024,wspd_error_0h,0.18431011794537144,0.27324296948290033,0.499994155516142,8398
31.1_-102.4,31.099999999999923,-102.40000000000023,temp_error_1h,-0.2090583264373336,0.31046179092595433,0.5007250825839988,8398
31.1_-102.4,31.099999999999923,-102.40000000000023,wspd_error_1h,0.6987487591910853,0.35133009847865276,0.0467484683472168,8398
31.1_-102.4,31.099999999999923,-102.40000000000023,temp_error_0h,-0.8245722931866197,0.281723154685699,0.003432943009432865,8398
31.1_-102.4,31.099999999999923,-102.40000000000023,wspd_error_0h,0.0790224066458391,0.26578756872910086,0.7662340658205007,8398
31.1_-102.6,31.099999999999923,-102.60000000000022,temp_error_1h,-0.6674297538919327,0.29792691384407577,0.025101096846465554,8398
31.1_-102.6,31.099999999999923,-102.60000000000022,wspd_error_1h,1.2694084619579065,0.3363601702760077,0.00016179085248424485,8398
31.1_-102.6,31.099999999999923,-102.60000000000022,temp_error_0h,-0.5165932860517093,0.28535833120361814,0.07028024034643465,8398
31.1_-102.6,31.099999999999923,-102.60000000000022,wspd_error_0h,0.12046339500986898,0.2595969936741906,0.6426311592554657,8398
31.1_-103.7,31.099999999999923,-103.70000000000016,temp_error_1h,-0.17549761801546643,0.2954363156838986,0.5525090719797359,8398
31.1_-103.7,31.099999999999923,-103.70000000000016,wspd_error_1h,0.32685552671992046,0.33241148659606157,0.32549521816994176,8398
31.1_-103.7,31.099999999999923,-103.70000000000016,temp_error_0h,-1.1810996766890143,0.2610354975813022,6.132533201474999e-06,8398
31.1_-103.7,31.099999999999923,-103.70000000000016,wspd_error_0h,0.5044470994501628,0.25259041178853364,0.045847216133340085,8398
31.1_-95.1,31.099999999999923,-95.10000000000065,temp_error_1h,-0.5005040521157216,0.3304372088117895,0.12989326262908696,8398
31.1_-95.1,31.099999999999923,-95.10000000000065,wspd_error_1h,1.5270999476921785,0.5246616968240094,0.003616450759027501,8398
31.1_-95.1,31.099999999999923,-95.10000000000065,temp_error_0h,0.8352052301544176,0.2857673711632866,0.0034796874838871616,8398
31.1_-95.1,31.099999999999923,-95.10000000000065,wspd_error_0h,2.7040429671599746,0.648149596129801,3.0507056103967756e-05,8398
31.1_-95.8,31.099999999999923,-95.80000000000061,temp_error_1h,-0.7246137828890721,0.33321601195131956,0.029687557953611998,8398
31.1_-95.8,31.099999999999923,-95.80000000000061,wspd_error_1h,1.591563157377641,0.4713302847305399,0.000736830363308405,8398
31.1_-95.8,31.099999999999923,-95.80000000000061,temp_error_0h,0.8045068609692794,0.2808891274769786,0.004191798464058039,8398
31.1_-95.8,31.099999999999923,-95.80000000000061,wspd_error_0h,1.4487329605610022,0.46152022525706415,0.001700893553411742,8398
31.1_-95.9,31.099999999999923,-95.9000000000006,temp_error_1h,-0.6176571626660827,0.3265060469770839,0.05856319309254965,8398
31.1_-95.9,31.099999999999923,-95.9000000000006,wspd_error_1h,1.4425297297441595,0.4719572785784585,0.0022465674799609925,8398
31.1_-95.9,31.099999999999923,-95.9000000000006,temp_error_0h,0.843178239201817,0.28233351457644684,0.002830448249491191,8398
31.1_-95.9,31.099999999999923,-95.9000000000006,wspd_error_0h,1.3538430810354498,0.4603462506300853,0.0032813291640618747,8398
31.1_-96.7,31.099999999999923,-96.70000000000056,temp_error_1h,-1.535514548566854,0.33701365648392384,5.281687464497864e-06,8398
31.1_-96.7,31.099999999999923,-96.70000000000056,wspd_error_1h,0.7023186648405173,0.41928124332804007,0.0939610827465347,8398
31.1_-96.7,31.099999999999923,-96.70000000000056,temp_error_0h,0.8391586118284273,0.27928273535595444,0.0026663837598768225,8398
31.1_-96.7,31.099999999999923,-96.70000000000056,wspd_error_0h,1.8904618265691422,0.42805071492842967,1.0160113149915162e-05,8398
31.1_-96.8,31.099999999999923,-96.80000000000055,temp_error_1h,-1.6957609901874682,0.3381948930404088,5.43628330129664e-07,8398
31.1_-96.8,31.099999999999923,-96.80000000000055,wspd_error_1h,0.5914452656839093,0.4230310133237177,0.162116168861699,8398
31.1_-96.8,31.099999999999923,-96.80000000000055,temp_error_0h,0.8288736966050491,0.27812802303494233,0.002889011061551816,8398
31.1_-96.8,31.099999999999923,-96.80000000000055,wspd_error_0h,1.9209378937315533,0.41942695402494234,4.719095019645181e-06,8398
31.1_-97.3,31.099999999999923,-97.30000000000052,temp_error_1h,-1.577085892207875,0.3649792207508251,1.571009184542227e-05,8398
31.1_-97.3,31.099999999999923,-97.30000000000052,wspd_error_1h,1.5305908521581197,0.4107824204505013,0.00019579569932259844,8398
31.1_-97.3,31.099999999999923,-97.30000000000052,temp_error_0h,0.6076614119582555,0.27071160647080855,0.02481462489366648,8398
31.1_-97.3,31.099999999999923,-97.30000000000052,wspd_error_0h,1.2579521035820904,0.37110882400656847,0.0007028976337193349,8398
31.1_-97.4,31.099999999999923,-97.40000000000052,temp_error_1h,-1.8424875746454443,0.35967064994370074,3.0791100069649247e-07,8398
31.1_-97.4,31.099999999999923,-97.40000000000052,wspd_error_1h,1.8743844454662844,0.4331428317204899,1.526328942924593e-05,8398
31.1_-97.4,31.099999999999923,-97.40000000000052,temp_error_0h,0.6684467159344225,0.26920676124843007,0.013046721736715616,8398
31.1_-97.4,31.099999999999923,-97.40000000000052,wspd_error_0h,1.0747155647402107,0.37248207653229976,0.003920647097944929,8398
31.1_-97.5,31.099999999999923,-97.50000000000051,temp_error_1h,-2.185816819294766,0.3715455802798629,4.183129842516564e-09,8398
31.1_-97.5,31.099999999999923,-97.50000000000051,wspd_error_1h,1.8776311377407915,0.43501995793953063,1.605712623797828e-05,8398
31.1_-97.5,31.099999999999923,-97.50000000000051,temp_error_0h,0.7859453864167335,0.2658090737545325,0.0031171489408914343,8398
31.1_-97.5,31.099999999999923,-97.50000000000051,wspd_error_0h,0.8728482328703665,0.36271116284338734,0.016129738209857303,8398
31.1_-97.7,31.099999999999923,-97.7000000000005,temp_error_1h,-2.0913363204144986,0.3731680884675707,2.15776796430589e-08,8398
31.1_-97.7,31.099999999999923,-97.7000000000005,wspd_error_1h,1.7502171232264472,0.44651594339750544,8.936005399262648e-05,8398
31.1_-97.7,31.099999999999923,-97.7000000000005,temp_error_0h,0.7916406705652238,0.27065715667414,0.003455116000195657,8398
31.1_-97.7,31.099999999999923,-97.7000000000005,wspd_error_0h,0.6896122342097415,0.3559482057625237,0.05273074753561713,8398
31.1_-97.8,31.099999999999923,-97.8000000000005,temp_error_1h,-2.056177153881871,0.37209696973669854,3.3762507234413874e-08,8398
31.1_-97.8,31.099999999999923,-97.8000000000005,wspd_error_1h,1.424257028855942,0.42583197276689994,0.0008275047424108894,8398
31.1_-97.8,31.099999999999923,-97.8000000000005,temp_error_0h,0.8102297523351133,0.2726746681310089,0.00297274548459292,8398
31.1_-97.8,31.099999999999923,-97.8000000000005,wspd_error_0h,0.7369799273920241,0.35419045686752115,0.037487664007852084,8398
31.1_-99.4,31.099999999999923,-99.4000000000004,temp_error_1h,-1.1465501513129162,0.33874355622009666,0.0007158025264017986,8398
31.1_-99.4,31.099999999999923,-99.4000000000004,wspd_error_1h,1.280657337867354,0.40201392840382627,0.0014498298872724913,8398
31.1_-99.4,31.099999999999923,-99.4000000000004,temp_error_0h,0.3048584352381919,0.2778693025708749,0.27261667482856367,8398
31.1_-99.4,31.099999999999923,-99.4000000000004,wspd_error_0h,-0.3816755176793778,0.36663575212687755,0.2978959205360827,8398
31.1_-99.5,31.099999999999923,-99.5000000000004,temp_error_1h,-0.8735056030011978,0.33442889436884143,0.009019313624253789,8398
31.1_-99.5,31.099999999999923,-99.5000000000004,wspd_error_1h,0.7053949695002463,0.4039266492888158,0.08078790129757185,8398
31.1_-99.5,31.099999999999923,-99.5000000000004,temp_error_0h,0.22478654387083505,0.2769778353451896,0.4170622698454203,8398
31.1_-99.5,31.099999999999923,-99.5000000000004,wspd_error_0h,-0.21297294126928237,0.3594156636670287,0.5534961677624497,8398
31.1_-99.6,31.099999999999923,-99.60000000000039,temp_error_1h,-0.38808159760731376,0.33409721041429824,0.2454381210458434,8398
31.1_-99.6,31.099999999999923,-99.60000000000039,wspd_error_1h,0.9214334691068413,0.41375844891296404,0.025974881314134723,8398
31.1_-99.6,31.099999999999923,-99.60000000000039,temp_error_0h,0.18927686798505708,0.28238378544186005,0.5026963382872702,8398
31.1_-99.6,31.099999999999923,-99.60000000000039,wspd_error_0h,-0.3136604465707135,0.36492762885987773,0.3900815952672505,8398
31.1_-99.7,31.099999999999923,-99.70000000000039,temp_error_1h,0.03581751195174109,0.3288305117376802,0.9132654408657479,8398
31.1_-99.7,31.099999999999923,-99.70000000000039,wspd_error_1h,1.5539065551363869,0.4202473957645796,0.0002190421643784024,8398
31.1_-99.7,31.099999999999923,-99.70000000000039,temp_error_0h,0.17446295634202555,0.28455256846218474,0.5398181319530693,8398
31.1_-99.7,31.099999999999923,-99.70000000000039,wspd_error_0h,-0.47545061677957695,0.36033364232108644,0.18704708500786094,8398
31.1_-99.8,31.099999999999923,-99.80000000000038,temp_error_1h,-0.296646982054743,0.34087889751626343,0.3841934089302472,8398
31.1_-99.8,31.099999999999923,-99.80000000000038,wspd_error_1h,0.8478787323392756,0.40682166124800634,0.037176521360132275,8398
31.1_-99.8,31.099999999999923,-99.80000000000038,temp_error_0h,0.18739732689975352,0.286829239552849,0.5135543867872134,8398
31.1_-99.8,31.099999999999923,-99.80000000000038,wspd_error_0h,-0.3192839752972744,0.35718089725825997,0.37140118573034053,8398
31.2_-100.0,31.199999999999925,-100.00000000000037,temp_error_1h,0.019373209064523306,0.35061411988480357,0.9559365743935451,8398
31.2_-100.0,31.199999999999925,-100.00000000000037,wspd_error_1h,0.49104254225141536,0.3817728267422305,0.1984031208791328,8398
31.2_-100.0,31.199999999999925,-100.00000000000037,temp_error_0h,0.12741229604972423,0.28613343332447316,0.656121881383777,8398
31.2_-100.0,31.199999999999925,-100.00000000000037,wspd_error_0h,-0.4778665124469866,0.337597344435641,0.15696141138498665,8398
31.2_-100.1,31.199999999999925,-100.10000000000036,temp_error_1h,0.10082776961924561,0.3341718568508017,0.7628697508576123,8398
31.2_-100.1,31.199999999999925,-100.10000000000036,wspd_error_1h,0.8164947188444353,0.373699173089782,0.02892398108935379,8398
31.2_-100.1,31.199999999999925,-100.10000000000036,temp_error_0h,0.06712336027288762,0.28936171999906446,0.8165666676130592,8398
31.2_-100.1,31.199999999999925,-100.10000000000036,wspd_error_0h,-0.5336702532732327,0.3397169500738125,0.11623765717365941,8398
31.2_-100.3,31.199999999999925,-100.30000000000035,temp_error_1h,0.37443355982715165,0.35504266998109635,0.291631630606878,8398
31.2_-100.3,31.199999999999925,-100.30000000000035,wspd_error_1h,-0.22540925897696862,0.373345786394726,0.5460231557283395,8398
31.2_-100.3,31.199999999999925,-100.30000000000035,temp_error_0h,0.03862574274014696,0.2921652876824776,0.8948252459266315,8398
31.2_-100.3,31.199999999999925,-100.30000000000035,wspd_error_0h,-0.23719853127659632,0.33497298552888016,0.4788951988805954,8398
31.2_-100.4,31.199999999999925,-100.40000000000035,temp_error_1h,0.6137859225231481,0.34226343082219535,0.07295882319337266,8398
31.2_-100.4,31.199999999999925,-100.40000000000035,wspd_error_1h,0.1666421677680812,0.37606722177420693,0.6576918333839981,8398
31.2_-100.4,31.199999999999925,-100.40000000000035,temp_error_0h,0.052064273822902025,0.29193165082997224,0.8584571073939573,8398
31.2_-100.4,31.199999999999925,-100.40000000000035,wspd_error_0h,-0.38070246058096846,0.33344995219210344,0.2536081520776823,8398
31.2_-101.1,31.199999999999925,-101.1000000000003,temp_error_1h,0.9182498765155312,0.3388098177920688,0.006737540614770943,8398
31.2_-101.1,31.199999999999925,-101.1000000000003,wspd_error_1h,0.4947693807104406,0.4026918424509218,0.21923575386246918,8398
31.2_-101.1,31.199999999999925,-101.1000000000003,temp_error_0h,-0.2636681532631087,0.29479839919760165,0.3711328293880167,8398
31.2_-101.1,31.199999999999925,-101.1000000000003,wspd_error_0h,-0.7690801421798411,0.33171921178386277,0.020447950877730214,8398
31.2_-101.3,31.199999999999925,-101.3000000000003,temp_error_1h,0.01137853901012727,0.33971610993832885,0.9732812447683443,8398
31.2_-101.3,31.199999999999925,-101.3000000000003,wspd_error_1h,0.8727655556120505,0.39867651131196324,0.02861298465745188,8398
31.2_-101.3,31.199999999999925,-101.3000000000003,temp_error_0h,-0.49519708119927325,0.29419363322836156,0.09236692325951656,8398
31.2_-101.3,31.199999999999925,-101.3000000000003,wspd_error_0h,-0.834904517309078,0.32802735131158806,0.010938446042318972,8398
31.2_-101.8,31.199999999999925,-101.80000000000027,temp_error_1h,-0.13664765979507576,0.33082846548826406,0.6795828779907194,8398
31.2_-101.8,31.199999999999925,-101.80000000000027,wspd_error_1h,-0.0008028420598459844,0.344663217026704,0.998141503042695,8398
31.2_-101.8,31.199999999999925,-101.80000000000027,temp_error_0h,-0.9703578524679193,0.2965449768516484,0.0010714289705182622,8398
31.2_-101.8,31.199999999999925,-101.80000000000027,wspd_error_0h,-0.20495788253955943,0.2960558285663283,0.48877151160946086,8398
31.2_-101.9,31.199999999999925,-101.90000000000026,temp_error_1h,-0.09600344947347997,0.3217041789382083,0.7653888879552153,8398
31.2_-101.9,31.199999999999925,-101.90000000000026,wspd_error_1h,0.3082744984958815,0.3442686646352751,0.3705737376196854,8398
31.2_-101.9,31.199999999999925,-101.90000000000026,temp_error_0h,-1.0936249633068218,0.2953604301880842,0.000214708134407271,8398
31.2_-101.9,31.199999999999925,-101.90000000000026,wspd_error_0h,-0.059993147343985316,0.2931602721224297,0.8378561752105385,8398
31.2_-102.0,31.199999999999925,-102.00000000000026,temp_error_1h,-0.2114662087937395,0.3226905200996426,0.5122784759192165,8398
31.2_-102.0,31.199999999999925,-102.00000000000026,wspd_error_1h,1.8487129185513975,0.3374286799182264,4.4060787240951527e-08,8398
31.2_-102.0,31.199999999999925,-102.00000000000026,temp_error_0h,-1.1756540561434867,0.28568129041824003,3.904513033825552e-05,8398
31.2_-102.0,31.199999999999925,-102.00000000000026,wspd_error_0h,-0.2217745195285017,0.28547271171632593,0.4372588397814898,8398
31.2_-102.1,31.199999999999925,-102.10000000000025,temp_error_1h,-0.31932683951649166,0.3303606203742215,0.3337716094806418,8398
31.2_-102.1,31.199999999999925,-102.10000000000025,wspd_error_1h,1.576812297652149,0.34625680491141997,5.341102888634097e-06,8398
31.2_-102.1,31.199999999999925,-102.10000000000025,temp_error_0h,-1.2806419971504353,0.2928354084149319,1.2389513565302934e-05,8398
31.2_-102.1,31.199999999999925,-102.10000000000025,wspd_error_0h,-0.27298838461527275,0.2861407333502655,0.34009332860688124,8398
31.2_-102.2,31.199999999999925,-102.20000000000024,temp_error_1h,-0.7336071984304808,0.31733867380139885,0.020815747011872388,8398
31.2_-102.2,31.199999999999925,-102.20000000000024,wspd_error_1h,-0.14225389488128815,0.3206767041329426,0.6573394378036563,8398
31.2_-102.2,31.199999999999925,-102.20000000000024,temp_error_0h,-1.2207416937531064,0.29439946735442757,3.408623144052214e-05,8398
31.2_-102.2,31.199999999999925,-102.20000000000024,wspd_error_0h,-0.029803158612343374,0.27960716241572536,0.9151172900246236,8398
31.2_-102.3,31.199999999999925,-102.30000000000024,temp_error_1h,-0.8580181353337699,0.31938303469161305,0.007235073579764828,8398
31.2_-102.3,31.199999999999925,-102.30000000000024,wspd_error_1h,-1.207950016848633,0.32860179817262236,0.0002383762996673866,8398
31.2_-102.3,31.199999999999925,-102.30000000000024,temp_error_0h,-1.1201959504332972,0.291308129650392,0.00012125033708865196,8398
31.2_-102.3,31.199999999999925,-102.30000000000024,wspd_error_0h,0.25116890282172577,0.2746218545340511,0.36042851836366685,8398
31.2_-103.1,31.199999999999925,-103.1000000000002,temp_error_1h,-0.4201467947105773,0.29830179888228603,0.15903147119312377,8398
31.2_-103.1,31.199999999999925,-103.1000000000002,wspd_error_1h,0.914925800550055,0.3439223247087446,0.007822743287347,8398
31.2_-103.1,31.199999999999925,-103.1000000000002,temp_error_0h,-0.870181781166319,0.27406993546880365,0.00150362192032083,8398
31.2_-103.1,31.199999999999925,-103.1000000000002,wspd_error_0h,0.1027240779796843,0.2529725419436726,0.6847029662167836,8398
31.2_-103.4,31.199999999999925,-103.40000000000018,temp_error_1h,-0.4431146401039344,0.2903955167826645,0.12707251380018736,8398
31.2_-103.4,31.199999999999925,-103.40000000000018,wspd_error_1h,0.37276097693421817,0.3334893144790991,0.26370169478778616,8398
31.2_-103.4,31.199999999999925,-103.40000000000018,temp_error_0h,-1.246745151500829,0.2645592421821944,2.4860652096947433e-06,8398
31.2_-103.4,31.199999999999925,-103.40000000000018,wspd_error_0h,0.07700361860091005,0.2467123636069332,0.7549578678323345,8398
31.2_-94.8,31.199999999999925,-94.80000000000067,temp_error_1h,0.027634627096711707,0.32149164547607745,0.9315022394605377,8398
31.2_-94.8,31.199999999999925,-94.80000000000067,wspd_error_1h,1.7180404344625801,0.5287825284218093,0.0011624927251183692,8398
31.2_-94.8,31.199999999999925,-94.80000000000067,temp_error_0h,0.8898735570973095,0.2750641694258148,0.0012205242596365906,8398
31.2_-94.8,31.199999999999925,-94.80000000000067,wspd_error_0h,2.1186408070526794,0.6415216085157254,0.000962211779693023,8398
31.2_-95.1,31.199999999999925,-95.10000000000065,temp_error_1h,-0.6044729850786797,0.33517723477370354,0.07135470015606904,8398
31.2_-95.1,31.199999999999925,-95.10000000000065,wspd_error_1h,1.6962082811125563,0.5308950877216454,0.00140351874446476,8398
31.2_-95.1,31.199999999999925,-95.10000000000065,temp_error_0h,0.9435814940317915,0.28730286373403924,0.0010266596518242466,8398
31.2_-95.1,31.199999999999925,-95.10000000000065,wspd_error_0h,2.4264979532883575,0.6344647115886014,0.0001320014656542856,8398
31.2_-95.8,31.199999999999925,-95.80000000000061,temp_error_1h,-0.5959321260303284,0.3299017114586251,0.07089294495645704,8398
31.2_-95.8,31.199999999999925,-95.80000000000061,wspd_error_1h,1.9382111890312734,0.4760472034646585,4.7148596910684404e-05,8398
31.2_-95.8,31.199999999999925,-95.80000000000061,temp_error_0h,0.750899397662853,0.278927469946275,0.00711460938513353,8398
31.2_-95.8,31.199999999999925,-95.80000000000061,wspd_error_0h,1.1238982211716362,0.4503048901469183,0.012584324864834961,8398
31.2_-96.5,31.199999999999925,-96.50000000000057,temp_error_1h,-1.2858817923014014,0.33754054174252934,0.00014021084386528493,8398
31.2_-96.5,31.199999999999925,-96.50000000000057,wspd_error_1h,1.232715321680928,0.44329061384907287,0.005434172440963447,8398
31.2_-96.5,31.199999999999925,-96.50000000000057,temp_error_0h,0.8542080996011822,0.2745384940571768,0.0018680935098420726,8398
31.2_-96.5,31.199999999999925,-96.50000000000057,wspd_error_0h,1.5424702187681898,0.43465936178693687,0.00038928184318232084,8398
31.2_-96.8,31.199999999999925,-96.80000000000055,temp_error_1h,-1.67303908706941,0.33880332469894137,8.042268457852941e-07,8398
31.2_-96.8,31.199999999999925,-96.80000000000055,wspd_error_1h,0.6742169517850218,0.43073597373550326,0.1175581050822585,8398
31.2_-96.8,31.199999999999925,-96.80000000000055,temp_error_0h,0.873669469000854,0.2793786526277119,0.0017709328179440487,8398
31.2_-96.8,31.199999999999925,-96.80000000000055,wspd_error_0h,1.9685949529073477,0.41943829612768224,2.7296657076902875e-06,8398
31.2_-97.4,31.199999999999925,-97.40000000000052,temp_error_1h,-1.9462669728352309,0.3688536010096725,1.349563878427773e-07,8398
31.2_-97.4,31.199999999999925,-97.40000000000052,wspd_error_1h,1.2287822488043683,0.41714946590048635,0.0032315112509273547,8398
31.2_-97.4,31.199999999999925,-97.40000000000052,temp_error_0h,0.7717038612834043,0.2681602693975475,0.0040151079591332905,8398
31.2_-97.4,31.199999999999925,-97.40000000000052,wspd_error_0h,1.0445618758428663,0.37365653641118984,0.005193559789232305,8398
31.2_-99.4,31.199999999999925,-99.4000000000004,temp_error_1h,-0.7902458852056109,0.3447706390084988,0.0219251038062096,8398
31.2_-99.4,31.199999999999925,-99.4000000000004,wspd_error_1h,0.9546686452181945,0.3891225019275491,0.014172020382310135,8398
31.2_-99.4,31.199999999999925,-99.4000000000004,temp_error_0h,0.2882276782974161,0.2754845549468871,0.2954725985107842,8398
31.2_-99.4,31.199999999999925,-99.4000000000004,wspd_error_0h,-0.4351910308668384,0.35429272418119,0.21935490345679431,8398
31.2_-99.6,31.199999999999925,-99.60000000000039,temp_error_1h,-0.1322750635670947,0.3234965171944494,0.6826295678363423,8398
31.2_-99.6,31.199999999999925,-99.60000000000039,wspd_error_1h,1.2796871041945979,0.3866985860948926,0.000939379795168005,8398
31.2_-99.6,31.199999999999925,-99.60000000000039,temp_error_0h,0.1894391940825185,0.27911239921808517,0.4973340278843723,8398
31.2_-99.6,31.199999999999925,-99.60000000000039,wspd_error_0h,-0.627273105894125,0.35000831149112427,0.07314249396515815,8398
31.2_-99.7,31.199999999999925,-99.70000000000039,temp_error_1h,0.10010538701577387,0.32959074434813207,0.7613439591887134,8398
31.2_-99.7,31.199999999999925,-99.70000000000039,wspd_error_1h,1.3301790958272712,0.4075493190562855,0.0011035197588087353,8398
31.2_-99.7,31.199999999999925,-99.70000000000039,temp_error_0h,0.1986820248705669,0.2812757510593316,0.4799837949554786,8398
31.2_-99.7,31.199999999999925,-99.70000000000039,wspd_error_0h,-0.6840079686802708,0.3481533827320817,0.04948504416398802,8398
31.2_-99.8,31.199999999999925,-99.80000000000038,temp_error_1h,-0.23882611884597482,0.3294481065986778,0.46851657213298203,8398
31.2_-99.8,31.199999999999925,-99.80000000000038,wspd_error_1h,1.246060110635697,0.4072761124589818,0.0022241143737016245,8398
31.2_-99.8,31.199999999999925,-99.80000000000038,temp_error_0h,0.19168303283209442,0.2824870413454657,0.4974385687156815,8398
31.2_-99.8,31.199999999999925,-99.80000000000038,wspd_error_0h,-0.6536580869412751,0.34434538954129995,0.057695879085944535,8398
31.2_-99.9,31.199999999999925,-99.90000000000038,temp_error_1h,-0.009097993137946285,0.34370754384775654,0.9788829674786412,8398
31.2_-99.9,31.199999999999925,-99.90000000000038,wspd_error_1h,1.272484481135376,0.4090120892306927,0.0018700905024457981,8398
31.2_-99.9,31.199999999999925,-99.90000000000038,temp_error_0h,0.1687604071455693,0.2859632735354471,0.5551079675270063,8398
31.2_-99.9,31.199999999999925,-99.90000000000038,wspd_error_0h,-0.64669005629229,0.3424523488592153,0.05900568758219227,8398
31.3_-100.0,31.299999999999926,-100.00000000000037,temp_error_1h,-0.057192317493739264,0.335959869580538,0.8648290061242574,8398
31.3_-100.0,31.299999999999926,-100.00000000000037,wspd_error_1h,0.7904288257329822,0.3728951977879386,0.03406010217839328,8398
31.3_-100.0,31.299999999999926,-100.00000000000037,temp_error_0h,0.01764218212094204,0.2818775605071899,0.9500959993143365,8398
31.3_-100.0,31.299999999999926,-100.00000000000037,wspd_error_0h,-0.5118039673259172,0.3361309248151084,0.12788844267801958,8398
31.3_-100.1,31.299999999999926,-100.10000000000036,temp_error_1h,-0.07530017650831312,0.3323507923697334,0.8207649336407377,8398
31.3_-100.1,31.299999999999926,-100.10000000000036,wspd_error_1h,1.1701574516209992,0.36549444963939,0.0013719085535588427,8398
31.3_-100.1,31.299999999999926,-100.10000000000036,temp_error_0h,-0.04903142208260111,0.2853053115399592,0.8635549211881899,8398
31.3_-100.1,31.299999999999926,-100.10000000000036,wspd_error_0h,-0.5666735732555493,0.33737245259487625,0.09305939290364673,8398
31.3_-100.2,31.299999999999926,-100.20000000000036,temp_error_1h,-0.23350222830835252,0.33312046980274107,0.48335104928015626,8398
31.3_-100.2,31.299999999999926,-100.20000000000036,wspd_error_1h,0.9446778752743656,0.3494686683166388,0.006881774665042695,8398
31.3_-100.2,31.299999999999926,-100.20000000000036,temp_error_0h,-0.06214139761567848,0.28617993771480554,0.8281037647667766,8398
31.3_-100.2,31.299999999999926,-100.20000000000036,wspd_error_0h,-0.478969539903318,0.33370960575215936,0.15124234870280118,8398
31.3_-100.3,31.299999999999926,-100.30000000000035,temp_error_1h,0.00033794655964718774,0.3237946254728702,0.9991672677526389,8398
31.3_-100.3,31.299999999999926,-100.30000000000035,wspd_error_1h,0.7039151586188139,0.335138155253288,0.035725929101812826,8398
31.3_-100.3,31.299999999999926,-100.30000000000035,temp_error_0h,-0.06414085554951121,0.2873681474990716,0.8233845359357477,8398
31.3_-100.3,31.299999999999926,-100.30000000000035,wspd_error_0h,-0.396251614986501,0.33214062254541865,0.23289398761065772,8398
31.3_-100.4,31.299999999999926,-100.40000000000035,temp_error_1h,0.22729681741368477,0.31659657561706334,0.472815382525551,8398
31.3_-100.4,31.299999999999926,-100.40000000000035,wspd_error_1h,0.9741808829537844,0.3397001122571407,0.004144140337118296,8398
31.3_-100.4,31.299999999999926,-100.40000000000035,temp_error_0h,-0.08620090457404432,0.2882978996953379,0.764947924344276,8398
31.3_-100.4,31.299999999999926,-100.40000000000035,wspd_error_0h,-0.4737531088677368,0.33147016854646133,0.152970319322967,8398
31.3_-100.5,31.299999999999926,-100.50000000000034,temp_error_1h,0.43405962860638897,0.3103908567079083,0.16202133913563466,8398
31.3_-100.5,31.299999999999926,-100.50000000000034,wspd_error_1h,1.6682295299144432,0.36720968127853837,5.624043951879543e-06,8398
31.3_-100.5,31.299999999999926,-100.50000000000034,temp_error_0h,-0.0858797399298968,0.2851433803055966,0.7632840475764282,8398
31.3_-100.5,31.299999999999926,-100.50000000000034,wspd_error_0h,-0.60830898223706,0.3248932164649416,0.06119515106422946,8398
31.3_-101.6,31.299999999999926,-101.60000000000028,temp_error_1h,-0.1357330995375817,0.3174212152349646,0.6689446955413332,8398
31.3_-101.6,31.299999999999926,-101.60000000000028,wspd_error_1h,1.286119629369432,0.37669428473979555,0.0006426736134226285,8398
31.3_-101.6,31.299999999999926,-101.60000000000028,temp_error_0h,-0.7821959661376156,0.29613632369838533,0.008273314226761475,8398
31.3_-101.6,31.299999999999926,-101.60000000000028,wspd_error_0h,-0.6714707076253091,0.3139751369636623,0.032496088722917094,8398
31.3_-101.7,31.299999999999926,-101.70000000000027,temp_error_1h,-0.0769260961510983,0.31557265658366734,0.8074175182810279,8398
31.3_-101.7,31.299999999999926,-101.70000000000027,wspd_error_1h,1.5740875435432706,0.3509607081999891,7.385941992232858e-06,8398
31.3_-101.7,31.299999999999926,-101.70000000000027,temp_error_0h,-0.8959481468991921,0.2931587850522618,0.0022487873578327378,8398
31.3_-101.7,31.299999999999926,-101.70000000000027,wspd_error_0h,-0.635618981481389,0.2981583793182935,0.03305101324601001,8398
31.3_-101.8,31.299999999999926,-101.80000000000027,temp_error_1h,-0.22291281033107443,0.31519562367204235,0.47944917574963686,8398
31.3_-101.8,31.299999999999926,-101.80000000000027,wspd_error_1h,1.5543787272620933,0.34288068361595603,5.887929009906756e-06,8398
31.3_-101.8,31.299999999999926,-101.80000000000027,temp_error_0h,-0.9968657844613144,0.2911465661795365,0.000620187300143904,8398
31.3_-101.8,31.299999999999926,-101.80000000000027,wspd_error_0h,-0.5080319699881155,0.29182540888319386,0.08174205143663871,8398
31.3_-101.9,31.299999999999926,-101.90000000000026,temp_error_1h,-0.36255653929561305,0.3224428521842496,0.2608733085438779,8398
31.3_-101.9,31.299999999999926,-101.90000000000026,wspd_error_1h,1.525611115110418,0.3654987427812295,3.0226273310951512e-05,8398
31.3_-101.9,31.299999999999926,-101.90000000000026,temp_error_0h,-1.131588134475133,0.290497517700629,9.882362732227534e-05,8398
31.3_-101.9,31.299999999999926,-101.90000000000026,wspd_error_0h,-0.3675261147363766,0.292634662988666,0.20917960930261614,8398
31.3_-102.0,31.299999999999926,-102.00000000000026,temp_error_1h,-0.6454142176809227,0.32305602518181675,0.045766377146120085,8398
31.3_-102.0,31.299999999999926,-102.00000000000026,wspd_error_1h,1.182992532261574,0.3706183028364437,0.0014184249089834733,8398
31.3_-102.0,31.299999999999926,-102.00000000000026,temp_error_0h,-1.149948443526298,0.28640856731963077,5.994975966649996e-05,8398
31.3_-102.0,31.299999999999926,-102.00000000000026,wspd_error_0h,-0.24442541622959763,0.2861937838596424,0.39309864229985836,8398
31.3_-102.1,31.299999999999926,-102.10000000000025,temp_error_1h,-0.5144494120980062,0.32804404947371096,0.11686469578183356,8398
31.3_-102.1,31.299999999999926,-102.10000000000025,wspd_error_1h,0.8018815534744084,0.37458325449357704,0.032324684212931665,8398
31.3_-102.1,31.299999999999926,-102.10000000000025,temp_error_0h,-1.228252389904965,0.2922698363392251,2.6677743105052443e-05,8398
31.3_-102.1,31.299999999999926,-102.10000000000025,wspd_error_0h,-0.27612234885841114,0.286835708307221,0.3357511327363978,8398
31.3_-102.2,31.299999999999926,-102.20000000000024,temp_error_1h,-0.5775551754855224,0.2977637073893553,0.0524567488404426,8398
31.3_-102.2,31.299999999999926,-102.20000000000024,wspd_error_1h,-0.811546736714336,0.35638501118262045,0.02280165768639053,8398
31.3_-102.2,31.299999999999926,-102.20000000000024,temp_error_0h,-1.2850729948758701,0.293544045744468,1.2135012053215988e-05,8398
31.3_-102.2,31.299999999999926,-102.20000000000024,wspd_error_0h,-0.006166177689576588,0.28077076586072475,0.9824791043557695,8398
31.3_-102.3,31.299999999999926,-102.30000000000024,temp_error_1h,-0.8123104200903006,0.3105768769861052,0.008925991935631927,8398
31.3_-102.3,31.299999999999926,-102.30000000000024,wspd_error_1h,-0.7290174751223898,0.3465312080699108,0.03542945218474558,8398
31.3_-102.3,31.299999999999926,-102.30000000000024,temp_error_0h,-1.1483386016292267,0.292601128684608,8.757560906080819e-05,8398
31.3_-102.3,31.299999999999926,-102.30000000000024,wspd_error_0h,0.06969247308287274,0.2769435988285751,0.8013188666757578,8398
31.3_-102.4,31.299999999999926,-102.40000000000023,temp_error_1h,-0.8214808657044471,0.33222675012719693,0.013431250773472847,8398
31.3_-102.4,31.299999999999926,-102.40000000000023,wspd_error_1h,-0.3427030799754809,0.34241953799626795,0.3169389247892449,8398
31.3_-102.4,31.299999999999926,-102.40000000000023,temp_error_0h,-0.9283844852152433,0.2899145186247512,0.0013686023361421107,8398
31.3_-102.4,31.299999999999926,-102.40000000000023,wspd_error_0h,0.21103415797186223,0.2714190686420265,0.43687317419595195,8398
31.3_-102.5,31.299999999999926,-102.50000000000023,temp_error_1h,-0.6249439594445741,0.3135816908875223,0.046302418577230275,8398
31.3_-102.5,31.299999999999926,-102.50000000000023,wspd_error_1h,0.6619858604802626,0.3510109153970105,0.0593375645706431,8398
31.3_-102.5,31.299999999999926,-102.50000000000023,temp_error_0h,-0.7674844890972861,0.28169092046004246,0.006452070829400469,8398
31.3_-102.5,31.299999999999926,-102.50000000000023,wspd_error_0h,0.17198944492350657,0.26173880660924304,0.5111325669315647,8398
31.3_-103.5,31.299999999999926,-103.50000000000017,temp_error_1h,-0.06882295574156758,0.27664001104313707,0.8035358076682675,8398
31.3_-103.5,31.299999999999926,-103.50000000000017,wspd_error_1h,0.3842799400481369,0.33271644215994917,0.24813274684030495,8398
31.3_-103.5,31.299999999999926,-103.50000000000017,temp_error_0h,-1.387167540717495,0.2573069561639566,7.193892126444723e-08,8398
31.3_-103.5,31.299999999999926,-103.50000000000017,wspd_error_0h,-0.1799359959848871,0.2402865301998512,0.45397515008636824,8398
31.3_-103.8,31.299999999999926,-103.80000000000015,temp_error_1h,-0.48146082581915584,0.30701665644590465,0.11687437719624505,8398
31.3_-103.8,31.299999999999926,-103.80000000000015,wspd_error_1h,0.2260609811582918,0.32670587445473764,0.48899400742305943,8398
31.3_-103.8,31.299999999999926,-103.80000000000015,temp_error_0h,-1.2837128493985586,0.2643866785998536,1.2230135468804804e-06,8398
31.3_-103.8,31.299999999999926,-103.80000000000015,wspd_error_0h,0.007139857613164607,0.2501016224448902,0.977225905631165,8398
31.3_-94.7,31.299999999999926,-94.70000000000067,temp_error_1h,0.045367068529280824,0.3325161337329805,0.8914801467818112,8398
31.3_-94.7,31.299999999999926,-94.70000000000067,wspd_error_1h,1.4704630429429895,0.5043145215929569,0.003557599291698521,8398
31.3_-94.7,31.299999999999926,-94.70000000000067,temp_error_0h,0.6829015529381841,0.2746468034546954,0.012921056210214887,8398
31.3_-94.7,31.299999999999926,-94.70000000000067,wspd_error_0h,2.1958866125777767,0.6239096595687391,0.0004345666132636872,8398
31.3_-95.1,31.299999999999926,-95.10000000000065,temp_error_1h,-0.5964533111619069,0.32159961936790254,0.06368205861220533,8398
31.3_-95.1,31.299999999999926,-95.10000000000065,wspd_error_1h,1.74449480645227,0.5263660845130457,0.0009228912045202708,8398
31.3_-95.1,31.299999999999926,-95.10000000000065,temp_error_0h,0.9706393240960051,0.2873444744690481,0.0007335815001929813,8398
31.3_-95.1,31.299999999999926,-95.10000000000065,wspd_error_0h,2.119926914771355,0.6237582367328904,0.0006803932242542832,8398
31.3_-95.8,31.299999999999926,-95.80000000000061,temp_error_1h,-0.6945039329258237,0.327400290401581,0.033928570610519015,8398
31.3_-95.8,31.299999999999926,-95.80000000000061,wspd_error_1h,1.8841462866166658,0.4858760328195608,0.00010619882694262728,8398
31.3_-95.8,31.299999999999926,-95.80000000000061,temp_error_0h,0.8014082092578386,0.27757901295069637,0.003897638965384642,8398
31.3_-95.8,31.299999999999926,-95.80000000000061,wspd_error_0h,1.0262838622943342,0.4513064727562607,0.02298950889878215,8398
31.3_-95.9,31.299999999999926,-95.9000000000006,temp_error_1h,-0.8097666494619796,0.33674529978365547,0.016207990492252078,8398
31.3_-95.9,31.299999999999926,-95.9000000000006,wspd_error_1h,0.6589182266562187,0.48654081423708384,0.17567992736770588,8398
31.3_-95.9,31.299999999999926,-95.9000000000006,temp_error_0h,0.9935918939616543,0.2796756715319902,0.0003834630017787166,8398
31.3_-95.9,31.299999999999926,-95.9000000000006,wspd_error_0h,1.337138130845755,0.457476316032422,0.003477652674601206,8398
31.3_-96.0,31.299999999999926,-96.0000000000006,temp_error_1h,-0.7525461890060389,0.3200145878025161,0.018715972163363626,8398
31.3_-96.0,31.299999999999926,-96.0000000000006,wspd_error_1h,1.2364957803325682,0.47294822636978034,0.008953369574648873,8398
31.3_-96.0,31.299999999999926,-96.0000000000006,temp_error_0h,0.8828765038249383,0.27271153519855296,0.0012109455390880708,8398
31.3_-96.0,31.299999999999926,-96.0000000000006,wspd_error_0h,1.1875327629900783,0.45356349596974416,0.00885471131073734,8398
31.3_-96.9,31.299999999999926,-96.90000000000055,temp_error_1h,-1.8307788811999228,0.34908765938426256,1.6057416951653636e-07,8398
31.3_-96.9,31.299999999999926,-96.90000000000055,wspd_error_1h,0.975843518844088,0.42866384243471795,0.02284263488646654,8398
31.3_-96.9,31.299999999999926,-96.90000000000055,temp_error_0h,0.9541238394976309,0.2784682350568624,0.0006147447026931818,8398
31.3_-96.9,31.299999999999926,-96.90000000000055,wspd_error_0h,1.8105442121031181,0.41233444375702893,1.1424045017971451e-05,8398
31.3_-97.1,31.299999999999926,-97.10000000000053,temp_error_1h,-1.671703809028066,0.3537739016431283,2.334772513323813e-06,8398
31.3_-97.1,31.299999999999926,-97.10000000000053,wspd_error_1h,1.1124741237029934,0.4170855576505928,0.00766207182636891,8398
31.3_-97.1,31.299999999999926,-97.10000000000053,temp_error_0h,0.8998678099239764,0.27283438477886157,0.0009770658499863583,8398
31.3_-97.1,31.299999999999926,-97.10000000000053,wspd_error_0h,1.5276627890097398,0.3939563592942715,0.00010623678399435121,8398
31.3_-97.3,31.299999999999926,-97.30000000000052,temp_error_1h,-2.313447897688797,0.37375179036383394,6.308038535962623e-10,8398
31.3_-97.3,31.299999999999926,-97.30000000000052,wspd_error_1h,0.8185709708930967,0.4174620656689593,0.049932352956241655,8398
31.3_-97.3,31.299999999999926,-97.30000000000052,temp_error_0h,0.9194756320334252,0.2685406739939048,0.0006200951037897973,8398
31.3_-97.3,31.299999999999926,-97.30000000000052,wspd_error_0h,1.118329637031907,0.3767557963680535,0.0030028742230643335,8398
31.3_-99.8,31.299999999999926,-99.80000000000038,temp_error_1h,0.4128191189942047,0.3540310750160487,0.24362615883643013,8398
31.3_-99.8,31.299999999999926,-99.80000000000038,wspd_error_1h,0.8131620806663183,0.3598628926606351,0.02386898947280991,8398
31.3_-99.8,31.299999999999926,-99.80000000000038,temp_error_0h,0.057727857197732296,0.2817246254248553,0.8376483643180244,8398
31.3_-99.8,31.299999999999926,-99.80000000000038,wspd_error_0h,-0.5261851037852466,0.3472176084224473,0.1297005510971172,8398
31.4_-100.2,31.399999999999928,-100.20000000000036,temp_error_1h,0.035899022689826726,0.2988811207484654,0.904397808513518,8398
31.4_-100.2,31.399999999999928,-100.20000000000036,wspd_error_1h,1.3923658937666459,0.3530494395918607,8.084689854714888e-05,8398
31.4_-100.2,31.399999999999928,-100.20000000000036,temp_error_0h,-0.1640007741553767,0.28453878535146887,0.5643779000344389,8398
31.4_-100.2,31.399999999999928,-100.20000000000036,wspd_error_0h,-0.3406100688409051,0.34316081833968015,0.3209498040365981,8398
31.4_-100.3,31.399999999999928,-100.30000000000035,temp_error_1h,0.04447663053722131,0.2941873822864589,0.8798336703062188,8398
31.4_-100.3,31.399999999999928,-100.30000000000035,wspd_error_1h,1.2503525911585112,0.35206430914252407,0.00038516694243506677,8398
31.4_-100.3,31.399999999999928,-100.30000000000035,temp_error_0h,-0.19150704098037066,0.2852051370927206,0.5019389504689742,8398
31.4_-100.3,31.399999999999928,-100.30000000000035,wspd_error_0h,-0.2723267145435859,0.34071616450043957,0.424152325520496,8398
31.4_-100.4,31.399999999999928,-100.40000000000035,temp_error_1h,0.3304454788859592,0.29645004530576974,0.2650217407860289,8398
31.4_-100.4,31.399999999999928,-100.40000000000035,wspd_error_1h,1.5714902519394116,0.36341254286723984,1.5482163019386874e-05,8398
31.4_-100.4,31.399999999999928,-100.40000000000035,temp_error_0h,-0.22816433744515627,0.2854940512084935,0.42420226141132056,8398
31.4_-100.4,31.399999999999928,-100.40000000000035,wspd_error_0h,-0.3453977637430527,0.34026506360758646,0.31009497933900443,8398
31.4_-100.5,31.399999999999928,-100.50000000000034,temp_error_1h,0.8604214825106183,0.30198211489514243,0.004393004982746085,8398
31.4_-100.5,31.399999999999928,-100.50000000000034,wspd_error_1h,2.296838543838915,0.3962037670140248,6.991650147725181e-09,8398
31.4_-100.5,31.399999999999928,-100.50000000000034,temp_error_0h,-0.2386541696060223,0.28478968640495494,0.40205385903187074,8398
31.4_-100.5,31.399999999999928,-100.50000000000034,wspd_error_0h,-0.43728042526454314,0.33225724900787484,0.18817995660611686,8398
31.4_-100.6,31.399999999999928,-100.60000000000034,temp_error_1h,0.9723003552724874,0.3090000903997724,0.0016575980670849866,8398
31.4_-100.6,31.399999999999928,-100.60000000000034,wspd_error_1h,1.8990306923937301,0.351544729798825,6.7729819752671e-08,8398
31.4_-100.6,31.399999999999928,-100.60000000000034,temp_error_0h,-0.1651560118783199,0.28903203941232897,0.5677366182056893,8398
31.4_-100.6,31.399999999999928,-100.60000000000034,wspd_error_0h,-0.3374573582066806,0.33539964700038544,0.3143797190301174,8398
31.4_-101.3,31.399999999999928,-101.3000000000003,temp_error_1h,-0.08752651313821712,0.310447879165698,0.7779993695158316,8398
31.4_-101.3,31.399999999999928,-101.3000000000003,wspd_error_1h,1.6578957759415898,0.36102454929618555,4.450202132355585e-06,8398
31.4_-101.3,31.399999999999928,-101.3000000000003,temp_error_0h,-0.4590246522600679,0.294685207266177,0.11934747883828845,8398
31.4_-101.3,31.399999999999928,-101.3000000000003,wspd_error_0h,-0.7093585737799565,0.32845495953698495,0.030825577909514568,8398
31.4_-101.4,31.399999999999928,-101.40000000000029,temp_error_1h,-0.09263227017631373,0.3169128543193291,0.7700677896369981,8398
31.4_-101.4,31.399999999999928,-101.40000000000029,wspd_error_1h,1.569871139698031,0.35916164721911,1.2521396413278651e-05,8398
31.4_-101.4,31.399999999999928,-101.40000000000029,temp_error_0h,-0.533650040281781,0.2980734658547071,0.07343697399023164,8398
31.4_-101.4,31.399999999999928,-101.40000000000029,wspd_error_0h,-0.7280115639355454,0.3294374727344968,0.02714170523639403,8398
31.4_-101.5,31.399999999999928,-101.50000000000028,temp_error_1h,-0.10643009937826457,0.31177528323481857,0.7328351589120863,8398
31.4_-101.5,31.399999999999928,-101.50000000000028,wspd_error_1h,1.6026342115250736,0.3587157587991936,8.010566102223393e-06,8398
31.4_-101.5,31.399999999999928,-101.50000000000028,temp_error_0h,-0.5960718968955875,0.29602971835849373,0.04408835325449978,8398
31.4_-101.5,31.399999999999928,-101.50000000000028,wspd_error_0h,-0.6728950740403753,0.3223970474747309,0.03690366147676549,8398
31.4_-101.6,31.399999999999928,-101.60000000000028,temp_error_1h,-0.12985797836763086,0.30905763872104364,0.6743691647141867,8398
31.4_-101.6,31.399999999999928,-101.60000000000028,wspd_error_1h,1.583833279576492,0.376677239931918,2.640978488610557e-05,8398
31.4_-101.6,31.399999999999928,-101.60000000000028,temp_error_0h,-0.7344852677548801,0.2970782239696334,0.013442068474970537,8398
31.4_-101.6,31.399999999999928,-101.60000000000028,wspd_error_0h,-0.6251340132742431,0.31571311728056073,0.047728437085237774,8398
31.4_-102.0,31.399999999999928,-102.00000000000026,temp_error_1h,-0.5164691267449374,0.3286967086611621,0.11615932757931269,8398
31.4_-102.0,31.399999999999928,-102.00000000000026,wspd_error_1h,1.260229649108836,0.388667972251452,0.001189790918733058,8398
31.4_-102.0,31.399999999999928,-102.00000000000026,temp_error_0h,-1.2170019258608802,0.2888359520705155,2.5411934924779445e-05,8398
31.4_-102.0,31.399999999999928,-102.00000000000026,wspd_error_0h,-0.38783712454349006,0.29228840838603315,0.1845784343853618,8398
31.4_-102.1,31.399999999999928,-102.10000000000025,temp_error_1h,-0.8093029369483313,0.3368998743577585,0.01631820792818317,8398
31.4_-102.1,31.399999999999928,-102.10000000000025,wspd_error_1h,0.31455978093644305,0.3862267726576662,0.41541429042789346,8398
31.4_-102.1,31.399999999999928,-102.10000000000025,temp_error_0h,-1.2223000025857356,0.29262522253670936,2.9836278606643063e-05,8398
31.4_-102.1,31.399999999999928,-102.10000000000025,wspd_error_0h,-0.24856643126397232,0.2939352099829086,0.39777200832251913,8398
31.4_-102.5,31.399999999999928,-102.50000000000023,temp_error_1h,-0.35049679388999244,0.32290519410414853,0.27775460078609315,8398
31.4_-102.5,31.399999999999928,-102.50000000000023,wspd_error_1h,1.1521083502563663,0.34718222845795615,0.0009090416757795428,8398
31.4_-102.5,31.399999999999928,-102.50000000000023,temp_error_0h,-0.9557629014530188,0.278958719181058,0.0006150810282776753,8398
31.4_-102.5,31.399999999999928,-102.50000000000023,wspd_error_0h,-0.020646493908824084,0.26788427116153035,0.9385677642245647,8398
31.4_-102.6,31.399999999999928,-102.60000000000022,temp_error_1h,-0.3608012484397528,0.32232528458512405,0.263014505948749,8398
31.4_-102.6,31.399999999999928,-102.60000000000022,wspd_error_1h,0.11527803260513246,0.3622705350012317,0.7503337556887988,8398
31.4_-102.6,31.399999999999928,-102.60000000000022,temp_error_0h,-0.8344895522453472,0.2847224025195678,0.0033890987647697823,8398
31.4_-102.6,31.399999999999928,-102.60000000000022,wspd_error_0h,0.26397945449352234,0.2697307861765,0.32776768032202863,8398
31.4_-102.7,31.399999999999928,-102.70000000000022,temp_error_1h,-0.20167091229999293,0.30824559727259077,0.512966188007085,8398
31.4_-102.7,31.399999999999928,-102.70000000000022,wspd_error_1h,0.4038611071575094,0.3635336827247162,0.2666296965878916,8398
31.4_-102.7,31.399999999999928,-102.70000000000022,temp_error_0h,-0.6920066152051279,0.285079667868232,0.015227845710335863,8398
31.4_-102.7,31.399999999999928,-102.70000000000022,wspd_error_0h,0.3002645096738857,0.2639469659951146,0.2553226318130668,8398
31.4_-103.3,31.399999999999928,-103.30000000000018,temp_error_1h,-0.3812849355671771,0.2879751009133688,0.18553245489359305,8398
31.4_-103.3,31.399999999999928,-103.30000000000018,wspd_error_1h,-0.2797622058556113,0.3478992405979783,0.4213348351209145,8398
31.4_-103.3,31.399999999999928,-103.30000000000018,temp_error_0h,-1.257806387945782,0.2692578128601661,3.0385316396319695e-06,8398
31.4_-103.3,31.399999999999928,-103.30000000000018,wspd_error_0h,0.05012614189943142,0.25386589682642735,0.8434792198810834,8398
31.4_-103.6,31.399999999999928,-103.60000000000016,temp_error_1h,0.13937832343939036,0.29381549795796197,0.635245892116433,8398
31.4_-103.6,31.399999999999928,-103.60000000000016,wspd_error_1h,0.21274916124073184,0.3280406889487978,0.5166503123938873,8398
31.4_-103.6,31.399999999999928,-103.60000000000016,temp_error_0h,-1.4564680369086178,0.2636519941146405,3.409195103998286e-08,8398
31.4_-103.6,31.399999999999928,-103.60000000000016,wspd_error_0h,-0.2246144488464471,0.25876278388188395,0.38540159062377444,8398
31.4_-103.7,31.399999999999928,-103.70000000000016,temp_error_1h,-0.22482105726976928,0.30509519512665534,0.46121101278155674,8398
31.4_-103.7,31.399999999999928,-103.70000000000016,wspd_error_1h,0.4251546531264806,0.3278062882955025,0.19467760146331026,8398
31.4_-103.7,31.399999999999928,-103.70000000000016,temp_error_0h,-1.384109006110564,0.26370431211644774,1.569273382351355e-07,8398
31.4_-103.7,31.399999999999928,-103.70000000000016,wspd_error_0h,-0.20207309424833256,0.25453862140800176,0.42728789812796464,8398
31.4_-95.1,31.399999999999928,-95.10000000000065,temp_error_1h,-0.7831675769032969,0.32511551985965514,0.016022612624816857,8398
31.4_-95.1,31.399999999999928,-95.10000000000065,wspd_error_1h,1.4653758173787592,0.5666021427413109,0.009719356143445657,8398
31.4_-95.1,31.399999999999928,-95.10000000000065,temp_error_0h,1.1188536567392158,0.29047557268551777,0.00011812930722987502,8398
31.4_-95.1,31.399999999999928,-95.10000000000065,wspd_error_0h,1.8456320785013,0.6219186598453754,0.0030094406013287944,8398
31.4_-96.0,31.399999999999928,-96.0000000000006,temp_error_1h,-1.03474949934908,0.32340831908109763,0.0013817366227970584,8398
31.4_-96.0,31.399999999999928,-96.0000000000006,wspd_error_1h,1.2415180646630262,0.4662586000217098,0.007765941876089144,8398
31.4_-96.0,31.399999999999928,-96.0000000000006,temp_error_0h,0.9355506975959512,0.2726160076679929,0.0006025993624787507,8398
31.4_-96.0,31.399999999999928,-96.0000000000006,wspd_error_0h,1.35909184396152,0.45984077726305167,0.0031296295888842973,8398
31.4_-96.1,31.399999999999928,-96.10000000000059,temp_error_1h,-0.9736654823451457,0.3308421656603894,0.0032595180576742155,8398
31.4_-96.1,31.399999999999928,-96.10000000000059,wspd_error_1h,1.486172784657263,0.4712487758253539,0.0016179103820186391,8398
31.4_-96.1,31.399999999999928,-96.10000000000059,temp_error_0h,0.8640014952805108,0.27831640887017584,0.001913119241047978,8398
31.4_-96.1,31.399999999999928,-96.10000000000059,wspd_error_0h,1.298328865928148,0.46471521762956836,0.005220870442599557,8398
31.4_-96.3,31.399999999999928,-96.30000000000058,temp_error_1h,-1.2119441075876716,0.3398540013388537,0.0003643969338757991,8398
31.4_-96.3,31.399999999999928,-96.30000000000058,wspd_error_1h,1.5530799181990096,0.45935310293944087,0.0007254946217143399,8398
31.4_-96.3,31.399999999999928,-96.30000000000058,temp_error_0h,0.9509897923172933,0.27756211542591636,0.000614984021203524,8398
31.4_-96.3,31.399999999999928,-96.30000000000058,wspd_error_0h,1.172440702073755,0.4493596261510972,0.009093270377356077,8398
31.4_-98.4,31.399999999999928,-98.40000000000046,temp_error_1h,-1.0025753172461778,0.3669459367990894,0.006304220735042554,8398
31.4_-98.4,31.399999999999928,-98.40000000000046,wspd_error_1h,1.5964108883529509,0.40126648004834076,6.995766471828979e-05,8398
31.4_-98.4,31.399999999999928,-98.40000000000046,temp_error_0h,0.6069155945754755,0.28120933936008313,0.030938026645625394,8398
31.4_-98.4,31.399999999999928,-98.40000000000046,wspd_error_0h,-0.3036283026531227,0.3740325825950056,0.41694693724179777,8398
31.4_-98.5,31.399999999999928,-98.50000000000045,temp_error_1h,-1.1658333279675246,0.37707679660153315,0.001996246622707476,8398
31.4_-98.5,31.399999999999928,-98.50000000000045,wspd_error_1h,0.17851322461300415,0.4137781640153207,0.6661722969063333,8398
31.4_-98.5,31.399999999999928,-98.50000000000045,temp_error_0h,0.6208281051544183,0.28125878973813484,0.027318800212309258,8398
31.4_-98.5,31.399999999999928,-98.50000000000045,wspd_error_0h,0.032432863142397725,0.36906341823982397,0.9299750847675632,8398
31.4_-99.6,31.399999999999928,-99.60000000000039,temp_error_1h,0.6400988932656835,0.3248711815478148,0.04883512854126515,8398
31.4_-99.6,31.399999999999928,-99.60000000000039,wspd_error_1h,1.335121205381172,0.3456827293613306,0.00011318496238610365,8398
31.4_-99.6,31.399999999999928,-99.60000000000039,temp_error_0h,0.036525055330724816,0.27696378432305435,0.8950850350277422,8398
31.4_-99.6,31.399999999999928,-99.60000000000039,wspd_error_0h,-0.11343740583987205,0.3633984404816296,0.7549289169597644,8398
31.4_-99.8,31.399999999999928,-99.80000000000038,temp_error_1h,0.4598928051433919,0.3319038052566025,0.16589971450186214,8398
31.4_-99.8,31.399999999999928,-99.80000000000038,wspd_error_1h,1.493450297831318,0.34249174123097564,1.3129474683237774e-05,8398
31.4_-99.8,31.399999999999928,-99.80000000000038,temp_error_0h,0.038058525203611034,0.28066675433553195,0.892140452566947,8398
31.4_-99.8,31.399999999999928,-99.80000000000038,wspd_error_0h,-0.34931542603779253,0.3554504541335876,0.32576380672241756,8398
31.4_-99.9,31.399999999999928,-99.90000000000038,temp_error_1h,-0.015689245672680686,0.32979426822400026,0.9620578253082368,8398
31.4_-99.9,31.399999999999928,-99.90000000000038,wspd_error_1h,1.3329881207887901,0.3457821246904604,0.00011659995822399516,8398
31.4_-99.9,31.399999999999928,-99.90000000000038,temp_error_0h,0.009995823587384985,0.2821970674895012,0.9717445430874996,8398
31.4_-99.9,31.399999999999928,-99.90000000000038,wspd_error_0h,-0.33497475392322895,0.3539031667237548,0.34391320362601085,8398
31.5_-100.4,31.49999999999993,-100.40000000000035,temp_error_1h,0.8563106009646988,0.31046224307145043,0.005825063768098326,8398
31.5_-100.4,31.49999999999993,-100.40000000000035,wspd_error_1h,1.6017541727162445,0.353570058920252,5.973701475259219e-06,8398
31.5_-100.4,31.49999999999993,-100.40000000000035,temp_error_0h,-0.3493054928071429,0.2808210582653236,0.21358151447861484,8398
31.5_-100.4,31.49999999999993,-100.40000000000035,wspd_error_0h,-0.1203128746085554,0.331483007727822,0.7166488985073489,8398
31.5_-100.5,31.49999999999993,-100.50000000000034,temp_error_1h,0.7376163503182275,0.3107673572052931,0.017641333107067503,8398
31.5_-100.5,31.49999999999993,-100.50000000000034,wspd_error_1h,1.7117791810243608,0.35957388606967616,1.9628543133087817e-06,8398
31.5_-100.5,31.49999999999993,-100.50000000000034,temp_error_0h,-0.24183561767988598,0.2799248117177284,0.38765079962099347,8398
31.5_-100.5,31.49999999999993,-100.50000000000034,wspd_error_0h,-0.19541095958451551,0.32541111828564884,0.5481861058375053,8398
31.5_-100.6,31.49999999999993,-100.60000000000034,temp_error_1h,0.8149668250549965,0.326335546420157,0.012532410712742692,8398
31.5_-100.6,31.49999999999993,-100.60000000000034,wspd_error_1h,2.1777903792072655,0.3877067978076281,2.0040993531367235e-08,8398
31.5_-100.6,31.49999999999993,-100.60000000000034,temp_error_0h,-0.33415010244664933,0.284709060331545,0.24056684710696308,8398
31.5_-100.6,31.49999999999993,-100.60000000000034,wspd_error_0h,-0.20072315949808595,0.33166051907993144,0.5450581175254772,8398
31.5_-100.7,31.49999999999993,-100.70000000000033,temp_error_1h,0.8783553013315272,0.33029636246637967,0.007845381981596455,8398
31.5_-100.7,31.49999999999993,-100.70000000000033,wspd_error_1h,1.3910196452173456,0.36552469434983414,0.0001425041417466577,8398
31.5_-100.7,31.49999999999993,-100.70000000000033,temp_error_0h,-0.2753108905585965,0.2848829463820843,0.33387201277408507,8398
31.5_-100.7,31.49999999999993,-100.70000000000033,wspd_error_0h,-0.0368516553894339,0.3303722799429058,0.9111861918793096,8398
31.5_-100.9,31.49999999999993,-100.90000000000032,temp_error_1h,0.8360705154095551,0.3263224301172724,0.010421529064688295,8398
31.5_-100.9,31.49999999999993,-100.90000000000032,wspd_error_1h,1.784871041009646,0.3775011390952864,2.3031717046873013e-06,8398
31.5_-100.9,31.49999999999993,-100.90000000000032,temp_error_0h,-0.2640498277141428,0.287893880057362,0.3590760353395608,8398
31.5_-100.9,31.49999999999993,-100.90000000000032,wspd_error_0h,-0.3160119501465709,0.32250187971553124,0.3271755491589814,8398
31.5_-101.0,31.49999999999993,-101.00000000000031,temp_error_1h,0.6340254878588213,0.331036607010923,0.05549179021214368,8398
31.5_-101.0,31.49999999999993,-101.00000000000031,wspd_error_1h,0.8669485053949392,0.3824738646429917,0.02343480797434494,8398
31.5_-101.0,31.49999999999993,-101.00000000000031,temp_error_0h,-0.2786528857978455,0.2872660607660041,0.33206622764487337,8398
31.5_-101.0,31.49999999999993,-101.00000000000031,wspd_error_0h,-0.15860092931324146,0.3104708489326194,0.6094765912545452,8398
31.5_-101.1,31.49999999999993,-101.1000000000003,temp_error_1h,0.2665795712618002,0.31999593905612816,0.40482808528727365,8398
31.5_-101.1,31.49999999999993,-101.1000000000003,wspd_error_1h,0.563531637524174,0.360778000921343,0.11832820885893103,8398
31.5_-101.1,31.49999999999993,-101.1000000000003,temp_error_0h,-0.30927526973317987,0.29100150933426605,0.2879051411053708,8398
31.5_-101.1,31.49999999999993,-101.1000000000003,wspd_error_0h,-0.22239906543414872,0.31978825893049495,0.4867881285299269,8398
31.5_-101.2,31.49999999999993,-101.2000000000003,temp_error_1h,0.10400861658650208,0.31493199980781117,0.7412137744741494,8398
31.5_-101.2,31.49999999999993,-101.2000000000003,wspd_error_1h,1.1502100709343508,0.36700928753256185,0.0017303299578232956,8398
31.5_-101.2,31.49999999999993,-101.2000000000003,temp_error_0h,-0.3925032692356075,0.2910533534632276,0.17751448798716618,8398
31.5_-101.2,31.49999999999993,-101.2000000000003,wspd_error_0h,-0.404592349436256,0.32085526262670383,0.2073509434852212,8398
31.5_-101.3,31.49999999999993,-101.3000000000003,temp_error_1h,0.12055177618994864,0.3165721924849181,0.7033587956789953,8398
31.5_-101.3,31.49999999999993,-101.3000000000003,wspd_error_1h,1.5851572776875116,0.371083416467871,1.9613694272502258e-05,8398
31.5_-101.3,31.49999999999993,-101.3000000000003,temp_error_0h,-0.4681136278996929,0.29213622163786607,0.10910910825357667,8398
31.5_-101.3,31.49999999999993,-101.3000000000003,wspd_error_0h,-0.5320241940734681,0.32236036970507326,0.09889832780411245,8398
31.5_-101.9,31.49999999999993,-101.90000000000026,temp_error_1h,-0.21531261168607888,0.31628971450326837,0.49605177933281475,8398
31.5_-101.9,31.49999999999993,-101.90000000000026,wspd_error_1h,1.6749336431645065,0.39443440613946706,2.1956691235613945e-05,8398
31.5_-101.9,31.49999999999993,-101.90000000000026,temp_error_0h,-1.0732899071620918,0.29127954888284585,0.00023038211035797396,8398
31.5_-101.9,31.49999999999993,-101.90000000000026,wspd_error_0h,-0.45032488534745285,0.29675783472234546,0.1291826836732053,8398
31.5_-102.0,31.49999999999993,-102.00000000000026,temp_error_1h,-0.6118239310394212,0.32081125257418297,0.056539961517469095,8398
31.5_-102.0,31.49999999999993,-102.00000000000026,wspd_error_1h,1.4158682609467454,0.38645519892621555,0.00025010504833367087,8398
31.5_-102.0,31.49999999999993,-102.00000000000026,temp_error_0h,-1.160320838118684,0.28616202151889425,5.063961513651627e-05,8398
31.5_-102.0,31.49999999999993,-102.00000000000026,wspd_error_0h,-0.4366496305157406,0.2903112406503782,0.13260007070124047,8398
31.5_-102.7,31.49999999999993,-102.70000000000022,temp_error_1h,-0.3360528584218529,0.32370721723574336,0.29923571432923857,8398
31.5_-102.7,31.49999999999993,-102.70000000000022,wspd_error_1h,0.009384634067043202,0.36246634397328026,0.9793448573491927,8398
31.5_-102.7,31.49999999999993,-102.70000000000022,temp_error_0h,-0.7146439048008915,0.28418195437104976,0.011930620545433035,8398
31.5_-102.7,31.49999999999993,-102.70000000000022,wspd_error_0h,0.1901283117521368,0.2615194370491483,0.46723769995145914,8398
31.5_-102.8,31.49999999999993,-102.80000000000021,temp_error_1h,-0.3816113686535195,0.3120087172428448,0.22133428027705504,8398
31.5_-102.8,31.49999999999993,-102.80000000000021,wspd_error_1h,-0.2811173219989812,0.3680097645886581,0.44495704890340404,8398
31.5_-102.8,31.49999999999993,-102.80000000000021,temp_error_0h,-0.7091887046680212,0.28317569241215507,0.012284396464594005,8398
31.5_-102.8,31.49999999999993,-102.80000000000021,wspd_error_0h,0.2654168099344109,0.2593362268328223,0.3061263081929082,8398
31.5_-102.9,31.49999999999993,-102.9000000000002,temp_error_1h,-0.24915864274378602,0.31705539656259957,0.4319764343682002,8398
31.5_-102.9,31.49999999999993,-102.9000000000002,wspd_error_1h,0.06751020973055044,0.36808726251339297,0.8544822190157155,8398
31.5_-102.9,31.49999999999993,-102.9000000000002,temp_error_0h,-0.8234285053480924,0.28261457944294077,0.0035822378975778335,8398
31.5_-102.9,31.49999999999993,-102.9000000000002,wspd_error_0h,0.20303013634617154,0.25681204444679895,0.4292123074789276,8398
31.5_-103.1,31.49999999999993,-103.1000000000002,temp_error_1h,-0.38579043891005543,0.3029795081356585,0.20293926418706532,8398
31.5_-103.1,31.49999999999993,-103.1000000000002,wspd_error_1h,-0.10428701191122611,0.3607147833295435,0.772502759355886,8398
31.5_-103.1,31.49999999999993,-103.1000000000002,temp_error_0h,-0.9792144871734833,0.28073279220634345,0.0004890324944950564,8398
31.5_-103.1,31.49999999999993,-103.1000000000002,wspd_error_0h,0.17038919695816201,0.2547390113890801,0.5035920923935413,8398
31.5_-103.4,31.49999999999993,-103.40000000000018,temp_error_1h,-0.6117743912042822,0.28970457266272975,0.0347402400166712,8398
31.5_-103.4,31.49999999999993,-103.40000000000018,wspd_error_1h,-0.57415272199214,0.33308640576486914,0.08479266877237546,8398
31.5_-103.4,31.49999999999993,-103.40000000000018,temp_error_0h,-1.199209637182402,0.27006336541710607,9.091421117490839e-06,8398
31.5_-103.4,31.49999999999993,-103.40000000000018,wspd_error_0h,0.025670977108371254,0.2539458750206469,0.9194827275665047,8398
31.5_-103.5,31.49999999999993,-103.50000000000017,temp_error_1h,-0.4132585391712676,0.28742051624323656,0.15052300249270978,8398
31.5_-103.5,31.49999999999993,-103.50000000000017,wspd_error_1h,-0.3131980201406647,0.3337104513514898,0.34799807922498305,8398
31.5_-103.5,31.49999999999993,-103.50000000000017,temp_error_0h,-1.2252700420768226,0.2645118202114454,3.672835127144225e-06,8398
31.5_-103.5,31.49999999999993,-103.50000000000017,wspd_error_0h,-0.14894240957677313,0.24554626443172714,0.5441489762111389,8398
31.5_-103.6,31.49999999999993,-103.60000000000016,temp_error_1h,-0.1492869915691161,0.29855165719071486,0.6170619174777396,8398
31.5_-103.6,31.49999999999993,-103.60000000000016,wspd_error_1h,-0.21169831790896027,0.3265330457717215,0.5167949963963021,8398
31.5_-103.6,31.49999999999993,-103.60000000000016,temp_error_0h,-1.350410467366493,0.2663411668532298,4.0587088045995756e-07,8398
31.5_-103.6,31.49999999999993,-103.60000000000016,wspd_error_0h,-0.10541946140489201,0.2545458995325334,0.6787769666226087,8398
31.5_-95.1,31.49999999999993,-95.10000000000065,temp_error_1h,-0.8582271487666037,0.31614449288326435,0.0066478583316909035,8398
31.5_-95.1,31.49999999999993,-95.10000000000065,wspd_error_1h,1.647380624181818,0.5619997745502746,0.0033847949732817018,8398
31.5_-95.1,31.49999999999993,-95.10000000000065,temp_error_0h,1.2406683138949137,0.28489114160922413,1.3472449899465389e-05,8398
31.5_-95.1,31.49999999999993,-95.10000000000065,wspd_error_0h,1.3565307114927947,0.5999997052457025,0.023791950335056766,8398
31.5_-96.1,31.49999999999993,-96.10000000000059,temp_error_1h,-0.888375634339012,0.32411578231747934,0.006139753351130928,8398
31.5_-96.1,31.49999999999993,-96.10000000000059,wspd_error_1h,1.6745719843511233,0.4546001057111064,0.0002314012266737553,8398
31.5_-96.1,31.49999999999993,-96.10000000000059,temp_error_0h,0.8746122719466998,0.27493120280750355,0.0014720066314726221,8398
31.5_-96.1,31.49999999999993,-96.10000000000059,wspd_error_0h,1.3895100767254707,0.4488762321494405,0.0019711101778308038,8398
31.5_-96.2,31.49999999999993,-96.20000000000059,temp_error_1h,-1.051049970431175,0.3361501388459255,0.0017737018121477544,8398
31.5_-96.2,31.49999999999993,-96.20000000000059,wspd_error_1h,1.406510032116272,0.43672681928890805,0.0012842481989467913,8398
31.5_-96.2,31.49999999999993,-96.20000000000059,temp_error_0h,0.8899050143767547,0.2744296913785307,0.0011884957882069003,8398
31.5_-96.2,31.49999999999993,-96.20000000000059,wspd_error_0h,1.2313772451346359,0.44051448406949045,0.005196728107612625,8398
31.5_-96.3,31.49999999999993,-96.30000000000058,temp_error_1h,-1.1215169491839088,0.33017906780975553,0.0006852342854988258,8398
31.5_-96.3,31.49999999999993,-96.30000000000058,wspd_error_1h,1.3732091237835298,0.4363914984984132,0.0016568368289400226,8398
31.5_-96.3,31.49999999999993,-96.30000000000058,temp_error_0h,0.8932468028050964,0.27489643838981953,0.001161086586058735,8398
31.5_-96.3,31.49999999999993,-96.30000000000058,wspd_error_0h,1.1578833236591362,0.4336906912462761,0.007603493748929546,8398
31.5_-96.8,31.49999999999993,-96.80000000000055,temp_error_1h,-1.5661878783410443,0.3633737495966683,1.6502965176856677e-05,8398
31.5_-96.8,31.49999999999993,-96.80000000000055,wspd_error_1h,0.8056020376637341,0.4173360524873377,0.053598059744104365,8398
31.5_-96.8,31.49999999999993,-96.80000000000055,temp_error_0h,1.0317621271632913,0.2856350835919988,0.0003054284113406247,8398
31.5_-96.8,31.49999999999993,-96.80000000000055,wspd_error_0h,1.3913041670542194,0.4008528017666438,0.0005214150160621767,8398
31.5_-96.9,31.49999999999993,-96.90000000000055,temp_error_1h,-1.8873235752579607,0.3672080924517427,2.814725337252355e-07,8398
31.5_-96.9,31.49999999999993,-96.90000000000055,wspd_error_1h,0.22043949782724145,0.4164974402703451,0.5966323937002986,8398
31.5_-96.9,31.49999999999993,-96.90000000000055,temp_error_0h,1.1497113513743984,0.2840514421762231,5.2224170143500004e-05,8398
31.5_-96.9,31.49999999999993,-96.90000000000055,wspd_error_0h,1.48276930733185,0.3974403711199806,0.00019213962933961604,8398
31.5_-97.0,31.49999999999993,-97.00000000000054,temp_error_1h,-1.3680697602696525,0.34215727454547495,6.433061559474318e-05,8398
31.5_-97.0,31.49999999999993,-97.00000000000054,wspd_error_1h,0.8811395941624988,0.42406451164248193,0.03775425525733511,8398
31.5_-97.0,31.49999999999993,-97.00000000000054,temp_error_0h,1.041271947294003,0.2747252307468386,0.00015156592825404935,8398
31.5_-97.0,31.49999999999993,-97.00000000000054,wspd_error_0h,1.172169893141856,0.3799615669863193,0.0020423793748391983,8398
31.5_-97.1,31.49999999999993,-97.10000000000053,temp_error_1h,-1.70776023947247,0.3347667901701835,3.446678464857911e-07,8398
31.5_-97.1,31.49999999999993,-97.10000000000053,wspd_error_1h,0.9198189477210916,0.4123140500762334,0.025716192728345355,8398
31.5_-97.1,31.49999999999993,-97.10000000000053,temp_error_0h,1.0254155704689814,0.2730625039153373,0.00017435050844705202,8398
31.5_-97.1,31.49999999999993,-97.10000000000053,wspd_error_0h,1.0576636356428173,0.3816951488351718,0.0056014107162170035,8398
31.5_-97.2,31.49999999999993,-97.20000000000053,temp_error_1h,-2.267950456998369,0.36809649469677597,7.549139091622692e-10,8398
31.5_-97.2,31.49999999999993,-97.20000000000053,wspd_error_1h,0.7239850092081359,0.4551269041291475,0.11170769198038455,8398
31.5_-97.2,31.49999999999993,-97.20000000000053,temp_error_0h,1.1700702286363256,0.27282453279598934,1.8172056092335964e-05,8398
31.5_-97.2,31.49999999999993,-97.20000000000053,wspd_error_0h,0.9115088197717146,0.37380970051990825,0.014771898399160488,8398
31.5_-98.5,31.49999999999993,-98.50000000000045,temp_error_1h,-1.112657466027423,0.37015691336594153,0.0026557599722047964,8398
31.5_-98.5,31.49999999999993,-98.50000000000045,wspd_error_1h,1.0332230569689496,0.38584146294496213,0.007424270344613015,8398
31.5_-98.5,31.49999999999993,-98.50000000000045,temp_error_0h,0.49977220242395826,0.27550573709162673,0.06971089663206476,8398
31.5_-98.5,31.49999999999993,-98.50000000000045,wspd_error_0h,-0.29945758972541925,0.36038383296889703,0.40603087911382185,8398
31.5_-99.2,31.49999999999993,-99.20000000000041,temp_error_1h,-0.3690659661603894,0.3272436941785316,0.25943609367343035,8398
31.5_-99.2,31.49999999999993,-99.20000000000041,wspd_error_1h,1.231966407492838,0.3669529470027236,0.0007906272856259555,8398
31.5_-99.2,31.49999999999993,-99.20000000000041,temp_error_0h,-0.03863721672927809,0.2633424303858401,0.8833577241442212,8398
31.5_-99.2,31.49999999999993,-99.20000000000041,wspd_error_0h,-0.113341051446915,0.36534973170844154,0.756396700363446,8398
31.6_-100.6,31.59999999999993,-100.60000000000034,temp_error_1h,0.29682766579330044,0.3299166930175315,0.3683032409446998,8398
31.6_-100.6,31.59999999999993,-100.60000000000034,wspd_error_1h,1.2072084795951918,0.3365552812155253,0.0003364747455374406,8398
31.6_-100.6,31.59999999999993,-100.60000000000034,temp_error_0h,-0.3540561846296923,0.28391660704032884,0.21241672542255285,8398
31.6_-100.6,31.59999999999993,-100.60000000000034,wspd_error_0h,-0.23597826632010618,0.3395937837196333,0.4871473594401632,8398
31.6_-100.7,31.59999999999993,-100.70000000000033,temp_error_1h,0.8486648871442078,0.32665510314120383,0.00939205537809329,8398
31.6_-100.7,31.59999999999993,-100.70000000000033,wspd_error_1h,1.9459569085533996,0.3549682493558275,4.32656683813093e-08,8398
31.6_-100.7,31.59999999999993,-100.70000000000033,temp_error_0h,-0.40011425829335046,0.28443103383902285,0.15954821240610095,8398
31.6_-100.7,31.59999999999993,-100.70000000000033,wspd_error_0h,-0.4017602706908132,0.3383950365867694,0.23516188361602652,8398
31.6_-100.8,31.59999999999993,-100.80000000000032,temp_error_1h,0.8301286830307045,0.33244497805195783,0.01254254895462692,8398
31.6_-100.8,31.59999999999993,-100.80000000000032,wspd_error_1h,1.798018838411512,0.3990634556011804,6.708649743281114e-06,8398
31.6_-100.8,31.59999999999993,-100.80000000000032,temp_error_0h,-0.4022834365151808,0.2872524759267504,0.1614150005840156,8398
31.6_-100.8,31.59999999999993,-100.80000000000032,wspd_error_0h,-0.476961214043904,0.33811551396216294,0.15838631901604927,8398
31.6_-100.9,31.59999999999993,-100.90000000000032,temp_error_1h,0.6810423019682864,0.33050030234386824,0.03936823377342713,8398
31.6_-100.9,31.59999999999993,-100.90000000000032,wspd_error_1h,1.6558770391957331,0.3971000397973784,3.077795145278728e-05,8398
31.6_-100.9,31.59999999999993,-100.90000000000032,temp_error_0h,-0.35645260229898323,0.29110729182351763,0.2208089047797337,8398
31.6_-100.9,31.59999999999993,-100.90000000000032,wspd_error_0h,-0.5144921305091533,0.33270123810107544,0.12204373401627677,8398
31.6_-101.8,31.59999999999993,-101.80000000000027,temp_error_1h,-0.023430784271055133,0.31646041937545566,0.9409801916082168,8398
31.6_-101.8,31.59999999999993,-101.80000000000027,wspd_error_1h,1.3152076527355563,0.40238025452005494,0.001085297421726139,8398
31.6_-101.8,31.59999999999993,-101.80000000000027,temp_error_0h,-0.9951524268648435,0.2935889685803992,0.0007031564895130238,8398
31.6_-101.8,31.59999999999993,-101.80000000000027,wspd_error_0h,-0.4933032947386134,0.3079390289734321,0.10920420194316205,8398
31.6_-101.9,31.59999999999993,-101.90000000000026,temp_error_1h,-0.25978226440833735,0.31840833767011784,0.4145933396540116,8398
31.6_-101.9,31.59999999999993,-101.90000000000026,wspd_error_1h,1.6015291655939692,0.40245418111164716,6.967143521663388e-05,8398
31.6_-101.9,31.59999999999993,-101.90000000000026,temp_error_0h,-1.1352435652258561,0.29398307680031543,0.00011349921870995594,8398
31.6_-101.9,31.59999999999993,-101.90000000000026,wspd_error_0h,-0.5590877621089579,0.30619212987809713,0.06789531115057557,8398
31.6_-102.9,31.59999999999993,-102.9000000000002,temp_error_1h,-0.12727604734317868,0.312702350923459,0.6840038735418656,8398
31.6_-102.9,31.59999999999993,-102.9000000000002,wspd_error_1h,-0.35605020706308627,0.3745855537456123,0.34187674455880823,8398
31.6_-102.9,31.59999999999993,-102.9000000000002,temp_error_0h,-0.9640133768367857,0.28541671216203257,0.0007346465858024676,8398
31.6_-102.9,31.59999999999993,-102.9000000000002,wspd_error_0h,0.10426982139182994,0.26335303660185666,0.6921655069653319,8398
31.6_-103.0,31.59999999999993,-103.0000000000002,temp_error_1h,-0.11620181432379834,0.30907059574959095,0.7069474388375379,8398
31.6_-103.0,31.59999999999993,-103.0000000000002,wspd_error_1h,0.05172250112839409,0.37051256159802054,0.8889816494554044,8398
31.6_-103.0,31.59999999999993,-103.0000000000002,temp_error_0h,-0.954213864258838,0.28146259414973945,0.0007016553772505318,8398
31.6_-103.0,31.59999999999993,-103.0000000000002,wspd_error_0h,0.03096129747799657,0.25459567286481594,0.9032110736438952,8398
31.6_-103.2,31.59999999999993,-103.20000000000019,temp_error_1h,-0.24574264663550807,0.3051357951269871,0.4206377515226505,8398
31.6_-103.2,31.59999999999993,-103.20000000000019,wspd_error_1h,0.06409057304654465,0.35860064458108326,0.8581586873512368,8398
31.6_-103.2,31.59999999999993,-103.20000000000019,temp_error_0h,-1.1051071911067833,0.2797999042204913,7.89140567813984e-05,8398
31.6_-103.2,31.59999999999993,-103.20000000000019,wspd_error_0h,-0.045173971434282846,0.2592247216764202,0.8616608944971254,8398
31.6_-95.0,31.59999999999993,-95.00000000000065,temp_error_1h,-0.553368943060806,0.31711651772526356,0.08102128922913754,8398
31.6_-95.0,31.59999999999993,-95.00000000000065,wspd_error_1h,1.4570815260715129,0.5140706534852195,0.004602205835777751,8398
31.6_-95.0,31.59999999999993,-95.00000000000065,temp_error_0h,1.2418319635998674,0.2863646198576165,1.4644108132344513e-05,8398
31.6_-95.0,31.59999999999993,-95.00000000000065,wspd_error_0h,1.2956598187433417,0.5959187224210646,0.029716407752540697,8398
31.6_-95.1,31.59999999999993,-95.10000000000065,temp_error_1h,-0.8462671697931753,0.325937727860885,0.009436921483947591,8398
31.6_-95.1,31.59999999999993,-95.10000000000065,wspd_error_1h,1.6457451525821012,0.5089731260753697,0.001227747192462214,8398
31.6_-95.1,31.59999999999993,-95.10000000000065,temp_error_0h,1.2502169503360694,0.2902019319899745,1.6655253731068242e-05,8398
31.6_-95.1,31.59999999999993,-95.10000000000065,wspd_error_0h,1.2655686753838282,0.6039355304225599,0.03615338338328966,8398
31.6_-95.2,31.59999999999993,-95.20000000000064,temp_error_1h,-0.9861593909072097,0.3204660451687275,0.002095847064027767,8398
31.6_-95.2,31.59999999999993,-95.20000000000064,wspd_error_1h,1.603090289064987,0.5193520744349126,0.0020304604446095276,8398
31.6_-95.2,31.59999999999993,-95.20000000000064,temp_error_0h,1.269323043947717,0.2889534764197521,1.1326514240739272e-05,8398
31.6_-95.2,31.59999999999993,-95.20000000000064,wspd_error_0h,1.234792808384151,0.6015960744362924,0.04014945229909617,8398
31.6_-96.3,31.59999999999993,-96.30000000000058,temp_error_1h,-1.247387779442628,0.3327042699601579,0.0001785692428137864,8398
31.6_-96.3,31.59999999999993,-96.30000000000058,wspd_error_1h,1.1364419310714575,0.43944875864763716,0.00972469329391612,8398
31.6_-96.3,31.59999999999993,-96.30000000000058,temp_error_0h,0.903251789068526,0.28210349447408206,0.001370617112787631,8398
31.6_-96.3,31.59999999999993,-96.30000000000058,wspd_error_0h,1.3001834675170472,0.4474918399341082,0.003676398315514362,8398
31.6_-96.4,31.59999999999993,-96.40000000000057,temp_error_1h,-1.335953156974565,0.3365603371080827,7.264777015314472e-05,8398
31.6_-96.4,31.59999999999993,-96.40000000000057,wspd_error_1h,0.793228454580172,0.4375457217570174,0.06988247326188746,8398
31.6_-96.4,31.59999999999993,-96.40000000000057,temp_error_0h,0.9294178254199003,0.28739286343612863,0.0012255982319921976,8398
31.6_-96.4,31.59999999999993,-96.40000000000057,wspd_error_0h,1.4001930585545812,0.44515291560862036,0.0016643013543020668,8398
31.6_-96.5,31.59999999999993,-96.50000000000057,temp_error_1h,-1.119606978100966,0.33169411340350663,0.0007403878773710737,8398
31.6_-96.5,31.59999999999993,-96.50000000000057,wspd_error_1h,1.2327001204756747,0.42467504624951313,0.003709399205701569,8398
31.6_-96.5,31.59999999999993,-96.50000000000057,temp_error_0h,0.8048253188502693,0.2857381102350203,0.004864060955444671,8398
31.6_-96.5,31.59999999999993,-96.50000000000057,wspd_error_0h,1.2202351493196164,0.42839942663847175,0.004405270461435462,8398
31.6_-96.6,31.59999999999993,-96.60000000000056,temp_error_1h,-1.2020188288454434,0.3429486595719376,0.0004590820204928292,8398
31.6_-96.6,31.59999999999993,-96.60000000000056,wspd_error_1h,0.8154087917429548,0.4453243078759276,0.06712943418354156,8398
31.6_-96.6,31.59999999999993,-96.60000000000056,temp_error_0h,0.9191536327469473,0.29253089922288583,0.0016834202937126008,8398
31.6_-96.6,31.59999999999993,-96.60000000000056,wspd_error_0h,1.3604282353490735,0.42867597204435404,0.0015112847275975394,8398
31.6_-96.7,31.59999999999993,-96.70000000000056,temp_error_1h,-1.302747024768576,0.36166623955139443,0.00031752651790739606,8398
31.6_-96.7,31.59999999999993,-96.70000000000056,wspd_error_1h,0.39246452883056615,0.426911829794341,0.3579597222729167,8398
31.6_-96.7,31.59999999999993,-96.70000000000056,temp_error_0h,1.0272466955770319,0.29268591842611025,0.0004509356540569609,8398
31.6_-96.7,31.59999999999993,-96.70000000000056,wspd_error_0h,1.4024969558053348,0.41288984493280056,0.0006850109545750716,8398
31.6_-96.8,31.59999999999993,-96.80000000000055,temp_error_1h,-1.7476443411423328,0.37412352765317414,3.039714030705909e-06,8398
31.6_-96.8,31.59999999999993,-96.80000000000055,wspd_error_1h,0.6376084682609069,0.4105596910865482,0.12045561308994723,8398
31.6_-96.8,31.59999999999993,-96.80000000000055,temp_error_0h,1.1354202682448689,0.28954260748868405,8.873005213483331e-05,8398
31.6_-96.8,31.59999999999993,-96.80000000000055,wspd_error_0h,1.2077320773824602,0.4037710214928556,0.002787569686436342,8398
31.6_-96.9,31.59999999999993,-96.90000000000055,temp_error_1h,-1.6923149038821559,0.363774542747004,3.336272112575145e-06,8398
31.6_-96.9,31.59999999999993,-96.90000000000055,wspd_error_1h,0.41926678675935786,0.42097953007397854,0.31931225397415486,8398
31.6_-96.9,31.59999999999993,-96.90000000000055,temp_error_0h,1.1957065130244555,0.2873197251723718,3.192099797577619e-05,8398
31.6_-96.9,31.59999999999993,-96.90000000000055,wspd_error_0h,1.176597542479262,0.4016557495960054,0.0034057024304219308,8398
31.6_-97.0,31.59999999999993,-97.00000000000054,temp_error_1h,-1.319461689467446,0.3458928080945849,0.00013735590888064309,8398
31.6_-97.0,31.59999999999993,-97.00000000000054,wspd_error_1h,0.9270214104246309,0.4180199833186945,0.026605601530773626,8398
31.6_-97.0,31.59999999999993,-97.00000000000054,temp_error_0h,1.1237675022368243,0.2800246821554364,6.044931366844253e-05,8398
31.6_-97.0,31.59999999999993,-97.00000000000054,wspd_error_0h,0.8825175514017239,0.38690094678978193,0.022574037204924347,8398
31.6_-97.1,31.59999999999993,-97.10000000000053,temp_error_1h,-1.473255646666121,0.3297448651855952,8.004375280146192e-06,8398
31.6_-97.1,31.59999999999993,-97.10000000000053,wspd_error_1h,1.372505492462135,0.437714785023027,0.0017208832329234092,8398
31.6_-97.1,31.59999999999993,-97.10000000000053,temp_error_0h,1.0557031786997482,0.27771344202184894,0.00014489694404495879,8398
31.6_-97.1,31.59999999999993,-97.10000000000053,wspd_error_0h,0.6842342335563869,0.3886514486506171,0.07835382259735568,8398
31.6_-97.2,31.59999999999993,-97.20000000000053,temp_error_1h,-1.7620544637464655,0.3603682001848714,1.0292792191890499e-06,8398
31.6_-97.2,31.59999999999993,-97.20000000000053,wspd_error_1h,1.3954518311407118,0.44692384476466746,0.001800272318873919,8398
31.6_-97.2,31.59999999999993,-97.20000000000053,temp_error_0h,1.1081614024100026,0.27435132942564555,5.411250509768095e-05,8398
31.6_-97.2,31.59999999999993,-97.20000000000053,wspd_error_0h,0.5384251495883443,0.3845355148003804,0.16149171478941282,8398
31.7_-100.5,31.699999999999932,-100.50000000000034,temp_error_1h,0.16734280770762236,0.34707645724625846,0.629712238669295,8398
31.7_-100.5,31.699999999999932,-100.50000000000034,wspd_error_1h,0.5161510408663396,0.376159993769063,0.17005101083447505,8398
31.7_-100.5,31.699999999999932,-100.50000000000034,temp_error_0h,-0.4262694853292334,0.2801954000560177,0.1282150471736856,8398
31.7_-100.5,31.699999999999932,-100.50000000000034,wspd_error_0h,-0.24050247154882584,0.3386393336032613,0.4775984445564323,8398
31.7_-100.6,31.699999999999932,-100.60000000000034,temp_error_1h,0.5612767360061254,0.3392781176879351,0.09809877701267267,8398
31.7_-100.6,31.699999999999932,-100.60000000000034,wspd_error_1h,1.2660048808110036,0.3469603867709314,0.0002650266643635657,8398
31.7_-100.6,31.699999999999932,-100.60000000000034,temp_error_0h,-0.40801765910472,0.2828610820888635,0.14920827215015064,8398
31.7_-100.6,31.699999999999932,-100.60000000000034,wspd_error_0h,-0.4156566627516259,0.3420039512018189,0.22426455824623814,8398
31.7_-100.7,31.699999999999932,-100.70000000000033,temp_error_1h,0.6384872780490891,0.34147698139971083,0.061549135037478164,8398
31.7_-100.7,31.699999999999932,-100.70000000000033,wspd_error_1h,0.9120932692208235,0.3439454428763163,0.008020217754765246,8398
31.7_-100.7,31.699999999999932,-100.70000000000033,temp_error_0h,-0.3987936722131872,0.2834250367190315,0.1594492595262642,8398
31.7_-100.7,31.699999999999932,-100.70000000000033,wspd_error_0h,-0.31464706055484826,0.3381382160870669,0.3521246822018589,8398
31.7_-100.8,31.699999999999932,-100.80000000000032,temp_error_1h,0.707744874694961,0.32680982088782096,0.03036867107990404,8398
31.7_-100.8,31.699999999999932,-100.80000000000032,wspd_error_1h,1.2826474527884646,0.3412494635585674,0.00017197616239528202,8398
31.7_-100.8,31.699999999999932,-100.80000000000032,temp_error_0h,-0.32409665838450596,0.2834815337395336,0.25295819777346695,8398
31.7_-100.8,31.699999999999932,-100.80000000000032,wspd_error_0h,-0.4459825933209807,0.33395372160880593,0.18176147354555816,8398
31.7_-100.9,31.699999999999932,-100.90000000000032,temp_error_1h,0.7811741380287565,0.3288399167543537,0.01754546225694198,8398
31.7_-100.9,31.699999999999932,-100.90000000000032,wspd_error_1h,2.0964478802490367,0.373625915269555,2.0748010642890335e-08,8398
31.7_-100.9,31.699999999999932,-100.90000000000032,temp_error_0h,-0.3674317239776913,0.2867663065578406,0.20012624950078273,8398
31.7_-100.9,31.699999999999932,-100.90000000000032,wspd_error_0h,-0.6665342338540287,0.3286354742301448,0.04257281348332631,8398
31.7_-101.0,31.699999999999932,-101.00000000000031,temp_error_1h,0.4555224964444249,0.3300743464248317,0.1676050054893703,8398
31.7_-101.0,31.699999999999932,-101.00000000000031,wspd_error_1h,1.1753856639439546,0.39298302952698283,0.002789382840760135,8398
31.7_-101.0,31.699999999999932,-101.00000000000031,temp_error_0h,-0.35532151140746376,0.286127967051539,0.21433515432114159,8398
31.7_-101.0,31.699999999999932,-101.00000000000031,wspd_error_0h,-0.4373199346013272,0.3164851709324927,0.16706935525225908,8398
31.7_-101.3,31.699999999999932,-101.3000000000003,temp_error_1h,0.25913428438192576,0.32404644150386536,0.4239174779791499,8398
31.7_-101.3,31.699999999999932,-101.3000000000003,wspd_error_1h,0.810345573117939,0.3968185703399772,0.04117234970686989,8398
31.7_-101.3,31.699999999999932,-101.3000000000003,temp_error_0h,-0.5542018099291764,0.2919153942301938,0.057664471642880244,8398
31.7_-101.3,31.699999999999932,-101.3000000000003,wspd_error_0h,-0.5144162744327475,0.3218844194548212,0.11004969674501708,8398
31.7_-101.5,31.699999999999932,-101.50000000000028,temp_error_1h,0.3482366236699407,0.31607569530382346,0.2706017949320927,8398
31.7_-101.5,31.699999999999932,-101.50000000000028,wspd_error_1h,0.5289796213026521,0.4000207634820574,0.18607770198621876,8398
31.7_-101.5,31.699999999999932,-101.50000000000028,temp_error_0h,-0.6477252427035245,0.29047324032352684,0.025780781511923534,8398
31.7_-101.5,31.699999999999932,-101.50000000000028,wspd_error_0h,-0.44937771232943485,0.31947531868130835,0.15957975867859786,8398
31.7_-101.6,31.699999999999932,-101.60000000000028,temp_error_1h,0.45538678383020176,0.3138357844691554,0.1468075851624835,8398
31.7_-101.6,31.699999999999932,-101.60000000000028,wspd_error_1h,0.8617710840683777,0.40322174204659644,0.03260954960410012,8398
31.7_-101.6,31.699999999999932,-101.60000000000028,temp_error_0h,-0.7930572359018625,0.29198930840610626,0.006620206457965017,8398
31.7_-101.6,31.699999999999932,-101.60000000000028,wspd_error_0h,-0.5291449566158807,0.3197841675911248,0.09802413278125299,8398
31.7_-101.7,31.699999999999932,-101.70000000000027,temp_error_1h,0.23338829017314364,0.3182906186886503,0.4634232892018284,8398
31.7_-101.7,31.699999999999932,-101.70000000000027,wspd_error_1h,0.692932799961333,0.404918913494091,0.08706510783051069,8398
31.7_-101.7,31.699999999999932,-101.70000000000027,temp_error_0h,-0.892789471580297,0.291300492873423,0.002184808483856049,8398
31.7_-101.7,31.699999999999932,-101.70000000000027,wspd_error_0h,-0.4622567907158378,0.31447583838099946,0.14161894743569392,8398
31.7_-101.8,31.699999999999932,-101.80000000000027,temp_error_1h,0.015531264072377588,0.31666777147343433,0.9608838685283796,8398
31.7_-101.8,31.699999999999932,-101.80000000000027,wspd_error_1h,1.144277574063095,0.4061624942399586,0.0048544425811754,8398
31.7_-101.8,31.699999999999932,-101.80000000000027,temp_error_0h,-1.0109130417821188,0.2908610465651456,0.0005123244935514304,8398
31.7_-101.8,31.699999999999932,-101.80000000000027,wspd_error_0h,-0.5192642609110696,0.31089142503196204,0.09490872655872007,8398
31.7_-102.6,31.699999999999932,-102.60000000000022,temp_error_1h,-0.5793259496330025,0.335040302744346,0.08382398736040497,8398
31.7_-102.6,31.699999999999932,-102.60000000000022,wspd_error_1h,0.16022681474452863,0.35539542138984215,0.6521158724404374,8398
31.7_-102.6,31.699999999999932,-102.60000000000022,temp_error_0h,-1.36500507623346,0.28780914178485617,2.1433601555820303e-06,8398
31.7_-102.6,31.699999999999932,-102.60000000000022,wspd_error_0h,-0.25071246985846984,0.2813008980264932,0.3728149230518014,8398
31.7_-102.7,31.699999999999932,-102.70000000000022,temp_error_1h,-0.4037100570664056,0.3330642065957943,0.22550500557561293,8398
31.7_-102.7,31.699999999999932,-102.70000000000022,wspd_error_1h,0.4721175328350452,0.36662227447924045,0.1978689505750557,8398
31.7_-102.7,31.699999999999932,-102.70000000000022,temp_error_0h,-1.1949507923809404,0.2894098614792961,3.680138356632057e-05,8398
31.7_-102.7,31.699999999999932,-102.70000000000022,wspd_error_0h,-0.2544110156330212,0.2740571463015374,0.3532716604667696,8398
31.7_-104.4,31.699999999999932,-104.40000000000012,temp_error_1h,-0.48835773275188216,0.29970671789300624,0.10325504651801864,8398
31.7_-104.4,31.699999999999932,-104.40000000000012,wspd_error_1h,0.39606819459201825,0.3032325047182141,0.19153631841089735,8398
31.7_-104.4,31.699999999999932,-104.40000000000012,temp_error_0h,-1.0215347437629874,0.2821587114117325,0.00029585884483940283,8398
31.7_-104.4,31.699999999999932,-104.40000000000012,wspd_error_0h,-0.016162649649379662,0.24869982186670836,0.9481846430791885,8398
31.7_-104.5,31.699999999999932,-104.50000000000011,temp_error_1h,-0.5363782566896633,0.29059540435975767,0.0649579715448465,8398
31.7_-104.5,31.699999999999932,-104.50000000000011,wspd_error_1h,0.7653919543442007,0.28286034917062763,0.006825771317544804,8398
31.7_-104.5,31.699999999999932,-104.50000000000011,temp_error_0h,-1.0922790175043628,0.27794876489197373,8.570718779221664e-05,8398
31.7_-104.5,31.699999999999932,-104.50000000000011,wspd_error_0h,-0.16575116945324117,0.23934575895096544,0.4886315318167167,8398
31.7_-94.9,31.699999999999932,-94.90000000000066,temp_error_1h,-0.7342723726488026,0.3256529487814426,0.024173572575429958,8398
31.7_-94.9,31.699999999999932,-94.90000000000066,wspd_error_1h,0.9342597536879161,0.4893212656635316,0.05625796895670354,8398
31.7_-94.9,31.699999999999932,-94.90000000000066,temp_error_0h,1.1870517356875476,0.29234374758931125,4.942205593971849e-05,8398
31.7_-94.9,31.699999999999932,-94.90000000000066,wspd_error_0h,1.62918118172025,0.6040711907710181,0.007010719740937255,8398
31.7_-95.0,31.699999999999932,-95.00000000000065,temp_error_1h,-0.9447931628038178,0.33006706663808316,0.004214540994402327,8398
31.7_-95.0,31.699999999999932,-95.00000000000065,wspd_error_1h,1.2923697291760736,0.5155256923876174,0.012198456526141488,8398
31.7_-95.0,31.699999999999932,-95.00000000000065,temp_error_0h,1.1223517641606524,0.28702974686792815,9.293855666570039e-05,8398
31.7_-95.0,31.699999999999932,-95.00000000000065,wspd_error_0h,1.5623581741640042,0.5844037922104809,0.007522758241477634,8398
31.7_-95.2,31.699999999999932,-95.20000000000064,temp_error_1h,-1.2963256142195336,0.33775427413015247,0.0001249178472337853,8398
31.7_-95.2,31.699999999999932,-95.20000000000064,wspd_error_1h,1.0092600544445163,0.506259171632628,0.04623217726483442,8398
31.7_-95.2,31.699999999999932,-95.20000000000064,temp_error_0h,1.3370472278379122,0.2904985707758589,4.234163888616749e-06,8398
31.7_-95.2,31.699999999999932,-95.20000000000064,wspd_error_0h,1.4937569362432122,0.5852871894517048,0.010722823983357,8398
31.7_-95.3,31.699999999999932,-95.30000000000064,temp_error_1h,-1.2469535807481738,0.321042457180955,0.00010351170228761752,8398
31.7_-95.3,31.699999999999932,-95.30000000000064,wspd_error_1h,1.7594375087827028,0.5518298190353994,0.001436050925544885,8398
31.7_-95.3,31.699999999999932,-95.30000000000064,temp_error_0h,1.312730890135922,0.2899319840623307,6.0449367866866055e-06,8398
31.7_-95.3,31.699999999999932,-95.30000000000064,wspd_error_0h,0.9353720569028524,0.5798737291507116,0.10676888319579603,8398
31.7_-95.4,31.699999999999932,-95.40000000000063,temp_error_1h,-1.3286492541444765,0.33654680517789465,7.949038200205649e-05,8398
31.7_-95.4,31.699999999999932,-95.40000000000063,wspd_error_1h,1.4513573523499461,0.5486047353077786,0.00817126388212297,8398
31.7_-95.4,31.699999999999932,-95.40000000000063,temp_error_0h,1.3694502951858372,0.2925062199087924,2.888741798212635e-06,8398
31.7_-95.4,31.699999999999932,-95.40000000000063,wspd_error_0h,0.6631284555701663,0.5676534088648811,0.2427624532386643,8398
31.7_-95.5,31.699999999999932,-95.50000000000063,temp_error_1h,-1.2310744202407478,0.3271659609093104,0.00016914154897351708,8398
31.7_-95.5,31.699999999999932,-95.50000000000063,wspd_error_1h,1.0225568414442054,0.4958369937369941,0.039211519935562045,8398
31.7_-95.5,31.699999999999932,-95.50000000000063,temp_error_0h,1.2834998834198643,0.28751102021282904,8.143181566167002e-06,8398
31.7_-95.5,31.699999999999932,-95.50000000000063,wspd_error_0h,0.8141062319793038,0.5371942843034743,0.1296891697886593,8398
31.7_-96.2,31.699999999999932,-96.20000000000059,temp_error_1h,-1.1085600392837494,0.335866269640206,0.0009688284430919847,8398
31.7_-96.2,31.699999999999932,-96.20000000000059,wspd_error_1h,1.0496828766378143,0.4507648275747536,0.019900242065211238,8398
31.7_-96.2,31.699999999999932,-96.20000000000059,temp_error_0h,0.8487929349194612,0.28222118978059046,0.0026415096168270757,8398
31.7_-96.2,31.699999999999932,-96.20000000000059,wspd_error_0h,1.3405525684419057,0.4499825712997734,0.002899075606964008,8398
31.7_-96.3,31.699999999999932,-96.30000000000058,temp_error_1h,-1.429105037818636,0.33583029667143244,2.1091801510220165e-05,8398
31.7_-96.3,31.699999999999932,-96.30000000000058,wspd_error_1h,0.4236794432699408,0.44602919386283696,0.34219474061372157,8398
31.7_-96.3,31.699999999999932,-96.30000000000058,temp_error_0h,0.9241174753028999,0.28277154844750596,0.0010872069968759224,8398
31.7_-96.3,31.699999999999932,-96.30000000000058,wspd_error_0h,1.4119625648415195,0.44700659556187355,0.0015903571194579857,8398
31.7_-96.4,31.699999999999932,-96.40000000000057,temp_error_1h,-1.3919151508889966,0.34002967241545934,4.2889069559626236e-05,8398
31.7_-96.4,31.699999999999932,-96.40000000000057,wspd_error_1h,0.07427364246091131,0.4349702631372001,0.8644200147605567,8398
31.7_-96.4,31.699999999999932,-96.40000000000057,temp_error_0h,0.9259844794343225,0.28644822895641414,0.001231272473196876,8398
31.7_-96.4,31.699999999999932,-96.40000000000057,wspd_error_0h,1.4632593693294622,0.4425714894501344,0.0009494683792052871,8398
31.7_-96.5,31.699999999999932,-96.50000000000057,temp_error_1h,-1.2265183432585627,0.34274271335815126,0.00034747701449910906,8398
31.7_-96.5,31.699999999999932,-96.50000000000057,wspd_error_1h,0.4711590018949491,0.41800931266748,0.25971162919885726,8398
31.7_-96.5,31.699999999999932,-96.50000000000057,temp_error_0h,0.8466071736693341,0.2858846791005432,0.0030714619716774028,8398
31.7_-96.5,31.699999999999932,-96.50000000000057,wspd_error_0h,1.2599318488832816,0.4241474950047839,0.0029815722775514697,8398
31.7_-96.6,31.699999999999932,-96.60000000000056,temp_error_1h,-1.2531436963293248,0.34511599246414326,0.0002839266686947006,8398
31.7_-96.6,31.699999999999932,-96.60000000000056,wspd_error_1h,0.4405154511164875,0.4266235951731184,0.3018386508115154,8398
31.7_-96.6,31.699999999999932,-96.60000000000056,temp_error_0h,0.9706137109490758,0.2918303491953903,0.0008849705886186943,8398
31.7_-96.6,31.699999999999932,-96.60000000000056,wspd_error_0h,1.1863801929291897,0.4186420892363868,0.00460972738951515,8398
31.7_-96.8,31.699999999999932,-96.80000000000055,temp_error_1h,-1.8656850497563697,0.3711220035915343,5.081694682829152e-07,8398
31.7_-96.8,31.699999999999932,-96.80000000000055,wspd_error_1h,0.46657759492526135,0.4136502968107341,0.2593726629891355,8398
31.7_-96.8,31.699999999999932,-96.80000000000055,temp_error_0h,1.2164575387277254,0.28959169976144067,2.6897998923303135e-05,8398
31.7_-96.8,31.699999999999932,-96.80000000000055,wspd_error_0h,0.9183519109297819,0.3961573962763665,0.020465240402255835,8398
31.7_-97.2,31.699999999999932,-97.20000000000053,temp_error_1h,-1.5702678640387429,0.33302282984345727,2.4539017087210624e-06,8398
31.7_-97.2,31.699999999999932,-97.20000000000053,wspd_error_1h,1.1286789647627269,0.4248733243298276,0.007910482345665715,8398
31.7_-97.2,31.699999999999932,-97.20000000000053,temp_error_0h,1.0915070144387498,0.27540630973676383,7.454854470823058e-05,8398
31.7_-97.2,31.699999999999932,-97.20000000000053,wspd_error_0h,0.39118301802337635,0.3825338668276271,0.3065218087419759,8398
31.7_-97.3,31.699999999999932,-97.30000000000052,temp_error_1h,-1.647486237632636,0.33698518121767274,1.0329170789802333e-06,8398
31.7_-97.3,31.699999999999932,-97.30000000000052,wspd_error_1h,1.5857053698456596,0.40112870497131653,7.777846401002542e-05,8398
31.7_-97.3,31.699999999999932,-97.30000000000052,temp_error_0h,1.0270886438785352,0.2729615117762589,0.00016919821944516578,8398
31.7_-97.3,31.699999999999932,-97.30000000000052,wspd_error_0h,0.14655579425505938,0.3774818159186458,0.697843906610145,8398
31.7_-97.4,31.699999999999932,-97.40000000000052,temp_error_1h,-1.3102421143586527,0.34929414564677813,0.00017724120043971503,8398
31.7_-97.4,31.699999999999932,-97.40000000000052,wspd_error_1h,1.6567127116756717,0.3983443575382498,3.2284637444979225e-05,8398
31.7_-97.4,31.699999999999932,-97.40000000000052,temp_error_0h,0.9035588869957335,0.2734179701681981,0.0009548524354801025,8398
31.7_-97.4,31.699999999999932,-97.40000000000052,wspd_error_0h,0.15590427114979483,0.3728728378245616,0.67587271503928,8398
31.7_-98.2,31.699999999999932,-98.20000000000047,temp_error_1h,-1.289343598544233,0.3515959786159759,0.0002468237551742636,8398
31.7_-98.2,31.699999999999932,-98.20000000000047,wspd_error_1h,0.9680403511464842,0.4043387415238422,0.016681656470076245,8398
31.7_-98.2,31.699999999999932,-98.20000000000047,temp_error_0h,0.3630696698710667,0.27158821813663514,0.18131165275655658,8398
31.7_-98.2,31.699999999999932,-98.20000000000047,wspd_error_0h,0.12967283018499276,0.3784491606665219,0.7318759169969349,8398
31.7_-98.6,31.699999999999932,-98.60000000000045,temp_error_1h,-1.6944630507693783,0.35824770360663866,2.2835337745163997e-06,8398
31.7_-98.6,31.699999999999932,-98.60000000000045,wspd_error_1h,0.0380934467272437,0.37305745202395646,0.9186706429418181,8398
31.7_-98.6,31.699999999999932,-98.60000000000045,temp_error_0h,0.430487645540404,0.27544967465055836,0.11812479145872268,8398
31.7_-98.6,31.699999999999932,-98.60000000000045,wspd_error_0h,0.08296105390783388,0.3776950862554026,0.8261484363069111,8398
31.8_-100.4,31.799999999999933,-100.40000000000035,temp_error_1h,0.344959138807143,0.3341950575572761,0.30200410396266375,8398
31.8_-100.4,31.799999999999933,-100.40000000000035,wspd_error_1h,1.8628050322150707,0.3502074686625125,1.0695427654638934e-07,8398
31.8_-100.4,31.799999999999933,-100.40000000000035,temp_error_0h,-0.5873188151246017,0.2770484307938712,0.03404270273099419,8398
31.8_-100.4,31.799999999999933,-100.40000000000035,wspd_error_0h,-0.4641704469608135,0.3421237423649812,0.17490282936302748,8398
31.8_-100.5,31.799999999999933,-100.50000000000034,temp_error_1h,0.24022551246385687,0.33761361017271274,0.4767696744791141,8398
31.8_-100.5,31.799999999999933,-100.50000000000034,wspd_error_1h,1.441101964686435,0.31977774390528807,6.677912086416882e-06,8398
31.8_-100.5,31.799999999999933,-100.50000000000034,temp_error_0h,-0.6100892344901889,0.2768648667743502,0.027582256519752324,8398
31.8_-100.5,31.799999999999933,-100.50000000000034,wspd_error_0h,-0.48412578967497166,0.3354896735254025,0.14904604067867666,8398
31.8_-100.7,31.799999999999933,-100.70000000000033,temp_error_1h,0.5610608124579618,0.34667679245918065,0.10561472798728455,8398
31.8_-100.7,31.799999999999933,-100.70000000000033,wspd_error_1h,0.7854249838641443,0.37957831302935646,0.038557614805999396,8398
31.8_-100.7,31.799999999999933,-100.70000000000033,temp_error_0h,-0.41446684143432094,0.2845402776661151,0.14525908884073768,8398
31.8_-100.7,31.799999999999933,-100.70000000000033,wspd_error_0h,-0.27402708421917127,0.3403709965355177,0.42079438476717135,8398
31.8_-100.9,31.799999999999933,-100.90000000000032,temp_error_1h,0.5330706591659989,0.3298475213529545,0.10610777101194047,8398
31.8_-100.9,31.799999999999933,-100.90000000000032,wspd_error_1h,0.6241325312686189,0.33136978072226714,0.05966833841569663,8398
31.8_-100.9,31.799999999999933,-100.90000000000032,temp_error_0h,-0.33827533441913576,0.28382999525005587,0.23336420182717177,8398
31.8_-100.9,31.799999999999933,-100.90000000000032,wspd_error_0h,-0.26782480112450996,0.3252635809734835,0.4102992234667535,8398
31.8_-101.0,31.799999999999933,-101.00000000000031,temp_error_1h,0.5121191490745367,0.3237452509299409,0.11371974321061629,8398
31.8_-101.0,31.799999999999933,-101.00000000000031,wspd_error_1h,1.1780866103707017,0.3399011941879517,0.0005309822396806219,8398
31.8_-101.0,31.799999999999933,-101.00000000000031,temp_error_0h,-0.3086507521228727,0.28219426225604427,0.27409495813716567,8398
31.8_-101.0,31.799999999999933,-101.00000000000031,wspd_error_0h,-0.393109367236739,0.3096687558343003,0.2043155466674771,8398
31.8_-101.1,31.799999999999933,-101.1000000000003,temp_error_1h,0.5499314521784406,0.3286790530878989,0.09433394831689101,8398
31.8_-101.1,31.799999999999933,-101.1000000000003,wspd_error_1h,1.3777035874583166,0.3775945781438379,0.00026524692356622026,8398
31.8_-101.1,31.799999999999933,-101.1000000000003,temp_error_0h,-0.4232913639452561,0.28599354702865715,0.1388914318921548,8398
31.8_-101.1,31.799999999999933,-101.1000000000003,wspd_error_0h,-0.48929013962511075,0.3159065263201397,0.12145693494001653,8398
31.8_-101.6,31.799999999999933,-101.60000000000028,temp_error_1h,0.27601658652430855,0.3234460917634791,0.39348307800478644,8398
31.8_-101.6,31.799999999999933,-101.60000000000028,wspd_error_1h,0.7114479718278542,0.39994277060279654,0.07529669437371722,8398
31.8_-101.6,31.799999999999933,-101.60000000000028,temp_error_0h,-0.7872441141140568,0.28871656726321676,0.006410419053826333,8398
31.8_-101.6,31.799999999999933,-101.60000000000028,wspd_error_0h,-0.4363393395311876,0.3218115355300439,0.17517249446536343,8398
31.8_-101.7,31.799999999999933,-101.70000000000027,temp_error_1h,-0.0030783234251678645,0.3205682942285264,0.9923384952775005,8398
31.8_-101.7,31.799999999999933,-101.70000000000027,wspd_error_1h,0.2757748109229907,0.39715377660783924,0.48746454540407336,8398
31.8_-101.7,31.799999999999933,-101.70000000000027,temp_error_0h,-0.8618374356652151,0.28778158624945377,0.0027546365718804644,8398
31.8_-101.7,31.799999999999933,-101.70000000000027,wspd_error_0h,-0.3058437006400863,0.31877162441315576,0.3373625965806317,8398
31.8_-101.9,31.799999999999933,-101.90000000000026,temp_error_1h,-0.16538092014524838,0.3185605558165484,0.6036694381435335,8398
31.8_-101.9,31.799999999999933,-101.90000000000026,wspd_error_1h,0.9731223471516378,0.3765488856208145,0.00977396100477912,8398
31.8_-101.9,31.799999999999933,-101.90000000000026,temp_error_0h,-1.102982209673103,0.2885052058378265,0.0001327455353756779,8398
31.8_-101.9,31.799999999999933,-101.90000000000026,wspd_error_0h,-0.4565836364828252,0.30947270889527534,0.14015347754559127,8398
31.8_-102.3,31.799999999999933,-102.30000000000024,temp_error_1h,-0.11289922171821502,0.31853705290996387,0.723025283523199,8398
31.8_-102.3,31.799999999999933,-102.30000000000024,wspd_error_1h,0.9233534335837396,0.3796109639931722,0.01502132487887109,8398
31.8_-102.3,31.799999999999933,-102.30000000000024,temp_error_0h,-1.4397958544759306,0.28945508916618673,6.683737781010279e-07,8398
31.8_-102.3,31.799999999999933,-102.30000000000024,wspd_error_0h,-0.4963720117521275,0.2956793689991462,0.09323798842270747,8398
31.8_-102.4,31.799999999999933,-102.40000000000023,temp_error_1h,-0.36648314582823877,0.3226170587854598,0.2560018993998632,8398
31.8_-102.4,31.799999999999933,-102.40000000000023,wspd_error_1h,1.1622048081339433,0.3886811674106618,0.002796769513302655,8398
31.8_-102.4,31.799999999999933,-102.40000000000023,temp_error_0h,-1.5012700976091669,0.2879789682648463,1.9013036900439317e-07,8398
31.8_-102.4,31.799999999999933,-102.40000000000023,wspd_error_0h,-0.541104900127956,0.29272817711632004,0.06456689875229649,8398
31.8_-102.9,31.799999999999933,-102.9000000000002,temp_error_1h,0.19749160886184078,0.31178959321944,0.5264812564690726,8398
31.8_-102.9,31.799999999999933,-102.9000000000002,wspd_error_1h,-0.27915923612932925,0.36805889930951485,0.4481949553083593,8398
31.8_-102.9,31.799999999999933,-102.9000000000002,temp_error_0h,-1.0993119575482801,0.2934688670021704,0.00018094032640569857,8398
31.8_-102.9,31.799999999999933,-102.9000000000002,wspd_error_0h,-0.16313960972139313,0.2654673841272205,0.5388770643844607,8398
31.8_-104.0,31.799999999999933,-104.00000000000014,temp_error_1h,-0.5716491852114146,0.2999203869450563,0.05668408148416737,8398
31.8_-104.0,31.799999999999933,-104.00000000000014,wspd_error_1h,0.2716100055329938,0.31881686485447713,0.39427674398842516,8398
31.8_-104.0,31.799999999999933,-104.00000000000014,temp_error_0h,-0.9297264039871956,0.26260929523934445,0.00040178526577805407,8398
31.8_-104.0,31.799999999999933,-104.00000000000014,wspd_error_0h,0.04344175612038954,0.24507348749564659,0.859308369645762,8398
31.8_-104.1,31.799999999999933,-104.10000000000014,temp_error_1h,-0.4365026676141749,0.3022637674534817,0.14874502665645228,8398
31.8_-104.1,31.799999999999933,-104.10000000000014,wspd_error_1h,0.37716878763947104,0.3069904466809938,0.21925601917090987,8398
31.8_-104.1,31.799999999999933,-104.10000000000014,temp_error_0h,-1.018910854059189,0.2719967828301263,0.00018085651639188072,8398
31.8_-104.1,31.799999999999933,-104.10000000000014,wspd_error_0h,-0.0027132202962084754,0.25036129232730053,0.9913535777904203,8398
31.8_-94.8,31.799999999999933,-94.80000000000067,temp_error_1h,-0.456754968967816,0.3357357549793385,0.17372118952458204,8398
31.8_-94.8,31.799999999999933,-94.80000000000067,wspd_error_1h,0.7868345474671988,0.490322724728224,0.10859149373518928,8398
31.8_-94.8,31.799999999999933,-94.80000000000067,temp_error_0h,1.1456252545763062,0.29478159136518856,0.0001025482432464031,8398
31.8_-94.8,31.799999999999933,-94.80000000000067,wspd_error_0h,1.3643537493095397,0.5904115917849878,0.020865260765952742,8398
31.8_-94.9,31.799999999999933,-94.90000000000066,temp_error_1h,-0.6379767780633013,0.336542468277321,0.05803686293444743,8398
31.8_-94.9,31.799999999999933,-94.90000000000066,wspd_error_1h,0.8077591545377948,0.4924609089064686,0.100990773903052,8398
31.8_-94.9,31.799999999999933,-94.90000000000066,temp_error_0h,1.199668576136043,0.2935657751953972,4.419480149908672e-05,8398
31.8_-94.9,31.799999999999933,-94.90000000000066,wspd_error_0h,1.3290758944484098,0.5739992204537825,0.020611518425401654,8398
31.8_-95.5,31.799999999999933,-95.50000000000063,temp_error_1h,-1.4034234407389756,0.3142482251847195,8.07536997426972e-06,8398
31.8_-95.5,31.799999999999933,-95.50000000000063,wspd_error_1h,1.00569063105419,0.4995797367557362,0.044138928539406486,8398
31.8_-95.5,31.799999999999933,-95.50000000000063,temp_error_0h,1.3376675966892897,0.28531210113858096,2.7966331423989743e-06,8398
31.8_-95.5,31.799999999999933,-95.50000000000063,wspd_error_0h,0.8479531895641714,0.5364993015712829,0.11402341329787236,8398
31.8_-95.6,31.799999999999933,-95.60000000000062,temp_error_1h,-1.6312966226902532,0.32928219034944195,7.409190212470662e-07,8398
31.8_-95.6,31.799999999999933,-95.60000000000062,wspd_error_1h,0.7449483031276778,0.479811770777248,0.12056030991991928,8398
31.8_-95.6,31.799999999999933,-95.60000000000062,temp_error_0h,1.3166218054808725,0.2887394559250258,5.190756317663414e-06,8398
31.8_-95.6,31.799999999999933,-95.60000000000062,wspd_error_0h,1.27117999590969,0.5085906031363866,0.012458815300091297,8398
31.8_-95.7,31.799999999999933,-95.70000000000061,temp_error_1h,-1.568522624551736,0.3310656732557007,2.196171664081703e-06,8398
31.8_-95.7,31.799999999999933,-95.70000000000061,wspd_error_1h,0.8578473490137425,0.46147498787278896,0.06307291365190881,8398
31.8_-95.7,31.799999999999933,-95.70000000000061,temp_error_0h,1.2768974437681704,0.2854777339745467,7.820616219067489e-06,8398
31.8_-95.7,31.799999999999933,-95.70000000000061,wspd_error_0h,1.3608582993755554,0.46231001407797667,0.00325305970731371,8398
31.8_-95.8,31.799999999999933,-95.80000000000061,temp_error_1h,-1.2166491799923556,0.3189141273590605,0.0001371787068678021,8398
31.8_-95.8,31.799999999999933,-95.80000000000061,wspd_error_1h,1.2218179677160586,0.4540080905187831,0.007134125246726075,8398
31.8_-95.8,31.799999999999933,-95.80000000000061,temp_error_0h,1.1354864623651888,0.28239987242002557,5.8499476208506707e-05,8398
31.8_-95.8,31.799999999999933,-95.80000000000061,wspd_error_0h,1.3808253769478824,0.44682299197853226,0.002005992355085029,8398
31.8_-95.9,31.799999999999933,-95.9000000000006,temp_error_1h,-1.0592288397888676,0.31086568662562547,0.0006590588335386727,8398
31.8_-95.9,31.799999999999933,-95.9000000000006,wspd_error_1h,1.5440396350509864,0.4455275340046349,0.0005316220760680501,8398
31.8_-95.9,31.799999999999933,-95.9000000000006,temp_error_0h,1.0221153034224078,0.28144354894233464,0.0002832586792342884,8398
31.8_-95.9,31.799999999999933,-95.9000000000006,wspd_error_0h,1.4508068008382187,0.4480106686113004,0.0012070085520754503,8398
31.8_-96.0,31.799999999999933,-96.0000000000006,temp_error_1h,-1.268115132494152,0.31614974426039333,6.095755155532956e-05,8398
31.8_-96.0,31.799999999999933,-96.0000000000006,wspd_error_1h,1.1120124967830216,0.4710181452122935,0.018254963990139483,8398
31.8_-96.0,31.799999999999933,-96.0000000000006,temp_error_0h,1.0192997373563522,0.278207082655845,0.0002500224665573647,8398
31.8_-96.0,31.799999999999933,-96.0000000000006,wspd_error_0h,1.653351281248416,0.44125830137265876,0.0001802380533428849,8398
31.8_-96.1,31.799999999999933,-96.10000000000059,temp_error_1h,-1.4240767866019535,0.3297674242421348,1.5895963581868955e-05,8398
31.8_-96.1,31.799999999999933,-96.10000000000059,wspd_error_1h,0.5215779394310838,0.4437762386045426,0.23990123968295718,8398
31.8_-96.1,31.799999999999933,-96.10000000000059,temp_error_0h,1.006165167721381,0.28403835870587985,0.00039873158515413287,8398
31.8_-96.1,31.799999999999933,-96.10000000000059,wspd_error_0h,1.7520956522474695,0.4503293772466568,0.00010073220103268277,8398
31.8_-96.2,31.799999999999933,-96.20000000000059,temp_error_1h,-1.3418793777981102,0.3256025260624877,3.805134251777531e-05,8398
31.8_-96.2,31.799999999999933,-96.20000000000059,wspd_error_1h,0.5255030955448006,0.4385433832845028,0.2308372849120317,8398
31.8_-96.2,31.799999999999933,-96.20000000000059,temp_error_0h,0.9154001476780692,0.28226667452936505,0.0011872889657715824,8398
31.8_-96.2,31.799999999999933,-96.20000000000059,wspd_error_0h,1.5318592203551011,0.4479567880452514,0.00062999564205235,8398
31.8_-96.6,31.799999999999933,-96.60000000000056,temp_error_1h,-1.2437353347435098,0.3498773057562147,0.0003803919701190761,8398
31.8_-96.6,31.799999999999933,-96.60000000000056,wspd_error_1h,0.4701462042648913,0.4041616531836052,0.2447561229633326,8398
31.8_-96.6,31.799999999999933,-96.60000000000056,temp_error_0h,0.9799078322414447,0.29167391023529743,0.000784046052935361,8398
31.8_-96.6,31.799999999999933,-96.60000000000056,wspd_error_0h,1.0420939399700468,0.41160476820735725,0.011366591289307948,8398
31.8_-96.8,31.799999999999933,-96.80000000000055,temp_error_1h,-1.9368714834879817,0.3736514514591349,2.2270004218505335e-07,8398
31.8_-96.8,31.799999999999933,-96.80000000000055,wspd_error_1h,0.20204621716632748,0.4101953850935238,0.6223358070057738,8398
31.8_-96.8,31.799999999999933,-96.80000000000055,temp_error_0h,1.2775545978562262,0.28901480730043766,9.977307503739041e-06,8398
31.8_-96.8,31.799999999999933,-96.80000000000055,wspd_error_0h,0.7911526389812948,0.3896390559693463,0.04233981276520593,8398
31.8_-97.4,31.799999999999933,-97.40000000000052,temp_error_1h,-1.3703402811344108,0.3523307455386637,0.0001012891500362656,8398
31.8_-97.4,31.799999999999933,-97.40000000000052,wspd_error_1h,0.9269366679151373,0.39555340265850514,0.01913261347793016,8398
31.8_-97.4,31.799999999999933,-97.40000000000052,temp_error_0h,0.9421875256750183,0.2748528824430738,0.0006110456570502798,8398
31.8_-97.4,31.799999999999933,-97.40000000000052,wspd_error_0h,0.3646182818094151,0.375465044019509,0.33152105249254316,8398
31.8_-97.5,31.799999999999933,-97.50000000000051,temp_error_1h,-1.1066245904896523,0.35836229835902783,0.002021656607835931,8398
31.8_-97.5,31.799999999999933,-97.50000000000051,wspd_error_1h,0.9154696352717175,0.3959651278297225,0.020802117864685332,8398
31.8_-97.5,31.799999999999933,-97.50000000000051,temp_error_0h,0.7850913645139287,0.26997260099457854,0.0036465832422927225,8398
31.8_-97.5,31.799999999999933,-97.50000000000051,wspd_error_0h,0.4111881967588905,0.36457637508435287,0.25941480771200154,8398
31.8_-97.6,31.799999999999933,-97.6000000000005,temp_error_1h,-1.012236424609871,0.3420314480318496,0.0030901999236356836,8398
31.8_-97.6,31.799999999999933,-97.6000000000005,wspd_error_1h,1.26676529040806,0.3730799259693339,0.0006884092357435367,8398
31.8_-97.6,31.799999999999933,-97.6000000000005,temp_error_0h,0.6438774535429819,0.27188740961574775,0.017898620107153596,8398
31.8_-97.6,31.799999999999933,-97.6000000000005,wspd_error_0h,0.1252464043098069,0.36764725235423434,0.7333605595485633,8398
31.8_-98.7,31.799999999999933,-98.70000000000044,temp_error_1h,-1.0000966081207976,0.364471245459902,0.006083141672291514,8398
31.8_-98.7,31.799999999999933,-98.70000000000044,wspd_error_1h,0.19160533215292222,0.38584301144612004,0.6194920902003793,8398
31.8_-98.7,31.799999999999933,-98.70000000000044,temp_error_0h,0.23893563143000093,0.2740709241795386,0.3833413484490218,8398
31.8_-98.7,31.799999999999933,-98.70000000000044,wspd_error_0h,0.1155359520539806,0.37336362284579905,0.7569898515832421,8398
31.9_-100.4,31.899999999999935,-100.40000000000035,temp_error_1h,0.18383968791513883,0.3380872667613692,0.5866183849174298,8398
31.9_-100.4,31.899999999999935,-100.40000000000035,wspd_error_1h,0.8667864131062416,0.34628587690726176,0.012330185700606844,8398
31.9_-100.4,31.899999999999935,-100.40000000000035,temp_error_0h,-0.6669839870950447,0.27717293089399014,0.016132971374379634,8398
31.9_-100.4,31.899999999999935,-100.40000000000035,wspd_error_0h,-0.25508009806030874,0.3419591152305479,0.4557262063166849,8398
31.9_-100.8,31.899999999999935,-100.80000000000032,temp_error_1h,0.3872299722957566,0.3457658712449686,0.2627802184690995,8398
31.9_-100.8,31.899999999999935,-100.80000000000032,wspd_error_1h,0.9931656351567096,0.37025849373706154,0.007324909576501559,8398
31.9_-100.8,31.899999999999935,-100.80000000000032,temp_error_0h,-0.45182691889096216,0.28329182255650337,0.11076863584993313,8398
31.9_-100.8,31.899999999999935,-100.80000000000032,wspd_error_0h,-0.11696592162081283,0.328672170636037,0.7219438168271184,8398
31.9_-101.0,31.899999999999935,-101.00000000000031,temp_error_1h,0.2861387184749755,0.336544255975851,0.3952237405735213,8398
31.9_-101.0,31.899999999999935,-101.00000000000031,wspd_error_1h,-0.11311906683466992,0.3278811407174511,0.730102886053051,8398
31.9_-101.0,31.899999999999935,-101.00000000000031,temp_error_0h,-0.3364804887425515,0.2809409052975456,0.23107117513329412,8398
31.9_-101.0,31.899999999999935,-101.00000000000031,wspd_error_0h,0.016383458748863832,0.3086149410118443,0.9576638135221545,8398
31.9_-101.1,31.899999999999935,-101.1000000000003,temp_error_1h,0.6215914699498142,0.32055334722882467,0.05252032511822424,8398
31.9_-101.1,31.899999999999935,-101.1000000000003,wspd_error_1h,0.43895156875024915,0.3311190355395884,0.18498827400304485,8398
31.9_-101.1,31.899999999999935,-101.1000000000003,temp_error_0h,-0.3868283627446651,0.2815766686344692,0.1695424688574847,8398
31.9_-101.1,31.899999999999935,-101.1000000000003,wspd_error_0h,-0.16589905452551623,0.3104853100727123,0.593133161254098,8398
31.9_-101.2,31.899999999999935,-101.2000000000003,temp_error_1h,0.6374509202784385,0.3282314147916553,0.052161251873784176,8398
31.9_-101.2,31.899999999999935,-101.2000000000003,wspd_error_1h,0.4800932093884315,0.38067092007328984,0.20728048095928697,8398
31.9_-101.2,31.899999999999935,-101.2000000000003,temp_error_0h,-0.4719377717613647,0.28208395245222784,0.09435682955280966,8398
31.9_-101.2,31.899999999999935,-101.2000000000003,wspd_error_0h,-0.22042333956614094,0.3105152545234169,0.47780880628456757,8398
31.9_-101.3,31.899999999999935,-101.3000000000003,temp_error_1h,0.49164303071710713,0.33238234617588586,0.13913817969093145,8398
31.9_-101.3,31.899999999999935,-101.3000000000003,wspd_error_1h,0.29647810861516655,0.38858278434029725,0.4455011351325546,8398
31.9_-101.3,31.899999999999935,-101.3000000000003,temp_error_0h,-0.5381009061298977,0.28442731717742636,0.05854219227195223,8398
31.9_-101.3,31.899999999999935,-101.3000000000003,wspd_error_0h,-0.18486408864461204,0.31086852278944194,0.5520803861625805,8398
31.9_-101.5,31.899999999999935,-101.50000000000028,temp_error_1h,0.2809717933462584,0.3232575371448965,0.3847689006549455,8398
31.9_-101.5,31.899999999999935,-101.50000000000028,wspd_error_1h,0.49252384010291617,0.38314515307582475,0.19866167664328183,8398
31.9_-101.5,31.899999999999935,-101.50000000000028,temp_error_0h,-0.6590954017135067,0.283489862023514,0.020099287276970523,8398
31.9_-101.5,31.899999999999935,-101.50000000000028,wspd_error_0h,-0.2579636693743952,0.31039242570875797,0.4059472115401028,8398
31.9_-101.6,31.899999999999935,-101.60000000000028,temp_error_1h,0.13202005772063116,0.3270185962767708,0.6864377095562881,8398
31.9_-101.6,31.899999999999935,-101.60000000000028,wspd_error_1h,0.12138561342170251,0.3716232743662228,0.7439512427420543,8398
31.9_-101.6,31.899999999999935,-101.60000000000028,temp_error_0h,-0.7625866033216944,0.28584646803700325,0.007649268106666884,8398
31.9_-101.6,31.899999999999935,-101.60000000000028,wspd_error_0h,-0.15634135070333888,0.32067351945702016,0.6258880895252132,8398
31.9_-101.9,31.899999999999935,-101.90000000000026,temp_error_1h,-0.052689409811472444,0.31848372893549637,0.8686030044041859,8398
31.9_-101.9,31.899999999999935,-101.90000000000026,wspd_error_1h,0.6394724303149614,0.3661900242913253,0.0807980522132814,8398
31.9_-101.9,31.899999999999935,-101.90000000000026,temp_error_0h,-0.9650370670529501,0.28543384913185205,0.0007256717656698441,8398
31.9_-101.9,31.899999999999935,-101.90000000000026,wspd_error_0h,-0.25300068181249136,0.3152688979293757,0.4222913959339851,8398
31.9_-102.0,31.899999999999935,-102.00000000000026,temp_error_1h,0.10606216741295076,0.3180009265793912,0.7387442342726194,8398
31.9_-102.0,31.899999999999935,-102.00000000000026,wspd_error_1h,0.6481244699511356,0.3737077500690503,0.08290026613289436,8398
31.9_-102.0,31.899999999999935,-102.00000000000026,temp_error_0h,-1.0690707579232017,0.2835104611537284,0.00016382537012593623,8398
31.9_-102.0,31.899999999999935,-102.00000000000026,wspd_error_0h,-0.36205637766887133,0.30711373867200314,0.23847157639527028,8398
31.9_-102.1,31.899999999999935,-102.10000000000025,temp_error_1h,0.08571825515153732,0.31942360394127295,0.7884343035939874,8398
31.9_-102.1,31.899999999999935,-102.10000000000025,wspd_error_1h,0.7937502639596977,0.37410720227113664,0.03389071143858802,8398
31.9_-102.1,31.899999999999935,-102.10000000000025,temp_error_0h,-1.1537980338139422,0.2886138845667426,6.450534064428304e-05,8398
31.9_-102.1,31.899999999999935,-102.10000000000025,wspd_error_0h,-0.46406178520127167,0.3061415889750836,0.12959754267419177,8398
31.9_-102.2,31.899999999999935,-102.20000000000024,temp_error_1h,-0.0050759987722583996,0.3171142547111059,0.9872293129019651,8398
31.9_-102.2,31.899999999999935,-102.20000000000024,wspd_error_1h,0.9721622524722613,0.3716432179366785,0.008916616161650737,8398
31.9_-102.2,31.899999999999935,-102.20000000000024,temp_error_0h,-1.187355326449985,0.28993547270230813,4.2570854423162885e-05,8398
31.9_-102.2,31.899999999999935,-102.20000000000024,wspd_error_0h,-0.4951097604834836,0.29973229042723815,0.09860476365954751,8398
31.9_-102.3,31.899999999999935,-102.30000000000024,temp_error_1h,-0.0014660211015179677,0.3173167174102645,0.9963138518042918,8398
31.9_-102.3,31.899999999999935,-102.30000000000024,wspd_error_1h,0.8904920713945788,0.380598984894483,0.019322027863078572,8398
31.9_-102.3,31.899999999999935,-102.30000000000024,temp_error_0h,-1.2538094655817644,0.29271410797111586,1.861255049062649e-05,8398
31.9_-102.3,31.899999999999935,-102.30000000000024,wspd_error_0h,-0.487202196898724,0.2953673367236797,0.09908714527054285,8398
31.9_-102.4,31.899999999999935,-102.40000000000023,temp_error_1h,-0.26839534991598224,0.319623692348324,0.40108776703675586,8398
31.9_-102.4,31.899999999999935,-102.40000000000023,wspd_error_1h,0.7925423497861229,0.40418214671153696,0.04992917514432116,8398
31.9_-102.4,31.899999999999935,-102.40000000000023,temp_error_0h,-1.2683371627026894,0.2935290801408404,1.5712653181898517e-05,8398
31.9_-102.4,31.899999999999935,-102.40000000000023,wspd_error_0h,-0.46165398272891767,0.29390252725975025,0.11627338394436637,8398
31.9_-94.7,31.899999999999935,-94.70000000000067,temp_error_1h,-0.129856722380659,0.34283431937003683,0.7048653284752429,8398
31.9_-94.7,31.899999999999935,-94.70000000000067,wspd_error_1h,1.34685927861953,0.48880776245340596,0.005874800614029452,8398
31.9_-94.7,31.899999999999935,-94.70000000000067,temp_error_0h,1.04903522331498,0.29483506089913436,0.00037570262789254905,8398
31.9_-94.7,31.899999999999935,-94.70000000000067,wspd_error_0h,0.8568529698770088,0.5603454674827703,0.12626480595823386,8398
31.9_-94.8,31.899999999999935,-94.80000000000067,temp_error_1h,-0.336675495034835,0.339622385637787,0.3215565717172657,8398
31.9_-94.8,31.899999999999935,-94.80000000000067,wspd_error_1h,1.4914175276249901,0.4880236606508908,0.0022499262888482363,8398
31.9_-94.8,31.899999999999935,-94.80000000000067,temp_error_0h,1.1680697708114942,0.2948663344444544,7.514551223586352e-05,8398
31.9_-94.8,31.899999999999935,-94.80000000000067,wspd_error_0h,0.6663558107546488,0.5424503311069625,0.21932464980872624,8398
31.9_-95.0,31.899999999999935,-95.00000000000065,temp_error_1h,-0.648592379267279,0.3236084293370252,0.04507543799087754,8398
31.9_-95.0,31.899999999999935,-95.00000000000065,wspd_error_1h,1.1363682597797757,0.46719905305644216,0.015024129310369005,8398
31.9_-95.0,31.899999999999935,-95.00000000000065,temp_error_0h,1.1383870550441242,0.2863558926733134,7.08447716968319e-05,8398
31.9_-95.0,31.899999999999935,-95.00000000000065,wspd_error_0h,0.8139309675032941,0.4891784172340819,0.09617522422717939,8398
31.9_-95.8,31.899999999999935,-95.80000000000061,temp_error_1h,-1.6078689941101258,0.3228088938346167,6.456746401983793e-07,8398
31.9_-95.8,31.899999999999935,-95.80000000000061,wspd_error_1h,0.6870344205857362,0.4570608572301309,0.13283624444438158,8398
31.9_-95.8,31.899999999999935,-95.80000000000061,temp_error_0h,1.2032990092937286,0.28415380941081514,2.313352012817127e-05,8398
31.9_-95.8,31.899999999999935,-95.80000000000061,wspd_error_0h,1.5733602710615124,0.4362559440221466,0.0003121562613301876,8398
31.9_-95.9,31.899999999999935,-95.9000000000006,temp_error_1h,-1.5250897524186176,0.3116330653492952,1.0072529030846766e-06,8398
31.9_-95.9,31.899999999999935,-95.9000000000006,wspd_error_1h,0.8547392522105746,0.47147214728559,0.0698806931782201,8398
31.9_-95.9,31.899999999999935,-95.9000000000006,temp_error_0h,1.2001234227025823,0.2838418123419853,2.3813938091254983e-05,8398
31.9_-95.9,31.899999999999935,-95.9000000000006,wspd_error_0h,1.686049506899409,0.4445287317670725,0.00014995274620566157,8398
31.9_-96.1,31.899999999999935,-96.10000000000059,temp_error_1h,-1.2728235158044632,0.3133813405240467,4.918706396206396e-05,8398
31.9_-96.1,31.899999999999935,-96.10000000000059,wspd_error_1h,0.6590139881298617,0.4601149511625061,0.15210077091627516,8398
31.9_-96.1,31.899999999999935,-96.10000000000059,temp_error_0h,1.0161220829148256,0.284493857919409,0.0003566885550780885,8398
31.9_-96.1,31.899999999999935,-96.10000000000059,wspd_error_0h,1.7274238832990194,0.4459940756752397,0.00010823574376228606,8398
31.9_-96.5,31.899999999999935,-96.50000000000057,temp_error_1h,-1.1512739988978833,0.35319343169611656,0.0011201064599932753,8398
31.9_-96.5,31.899999999999935,-96.50000000000057,wspd_error_1h,-0.22218052402527122,0.4147212691012025,0.592156261263397,8398
31.9_-96.5,31.899999999999935,-96.50000000000057,temp_error_0h,0.8756147711658929,0.2866923379304516,0.002263746777692255,8398
31.9_-96.5,31.899999999999935,-96.50000000000057,wspd_error_0h,1.4914144129200524,0.4057497228642273,0.00023868366571444533,8398
31.9_-96.6,31.899999999999935,-96.60000000000056,temp_error_1h,-1.129878001425684,0.35337517467493385,0.001391944067784534,8398
31.9_-96.6,31.899999999999935,-96.60000000000056,wspd_error_1h,0.21955615520928498,0.40513049542414253,0.5878747418548134,8398
31.9_-96.6,31.899999999999935,-96.60000000000056,temp_error_0h,0.9781436944354825,0.29013006906699773,0.0007512708457451112,8398
31.9_-96.6,31.899999999999935,-96.60000000000056,wspd_error_0h,1.1201960737445285,0.40575697536582317,0.0057793512214765475,8398
31.9_-96.7,31.899999999999935,-96.70000000000056,temp_error_1h,-1.5130424397842057,0.35914400393939644,2.547469260538726e-05,8398
31.9_-96.7,31.899999999999935,-96.70000000000056,wspd_error_1h,0.4330762380291616,0.40533159993967205,0.2853487827823904,8398
31.9_-96.7,31.899999999999935,-96.70000000000056,temp_error_0h,1.0979760415933462,0.2867894549957768,0.00012986350794408352,8398
31.9_-96.7,31.899999999999935,-96.70000000000056,wspd_error_0h,0.8179155585702939,0.3942028513035482,0.038030084445211276,8398
31.9_-96.9,31.899999999999935,-96.90000000000055,temp_error_1h,-1.7146786619979266,0.36410752462184354,2.5262002059101007e-06,8398
31.9_-96.9,31.899999999999935,-96.90000000000055,wspd_error_1h,0.5535386242365954,0.38628623395121475,0.15190231303572577,8398
31.9_-96.9,31.899999999999935,-96.90000000000055,temp_error_0h,1.2643044457736121,0.28645932518998796,1.0296292639377924e-05,8398
31.9_-96.9,31.899999999999935,-96.90000000000055,wspd_error_0h,0.38821814797336557,0.38613860465589583,0.3147403792071206,8398
31.9_-97.0,31.899999999999935,-97.00000000000054,temp_error_1h,-1.9669132758363848,0.3704131457288322,1.124123447659997e-07,8398
31.9_-97.0,31.899999999999935,-97.00000000000054,wspd_error_1h,1.0994748631349112,0.39642758865233557,0.0055587183598568846,8398
31.9_-97.0,31.899999999999935,-97.00000000000054,temp_error_0h,1.3464127006926068,0.28544149104210687,2.4329257755084654e-06,8398
31.9_-97.0,31.899999999999935,-97.00000000000054,wspd_error_0h,0.12857432135951385,0.3741706416567435,0.7311370980222538,8398
31.9_-97.4,31.899999999999935,-97.40000000000052,temp_error_1h,-0.9759111497860707,0.3495980022130219,0.005257960218131963,8398
31.9_-97.4,31.899999999999935,-97.40000000000052,wspd_error_1h,1.0691526691729847,0.4246416530684097,0.011828373048947682,8398
31.9_-97.4,31.899999999999935,-97.40000000000052,temp_error_0h,0.8257786773556683,0.27490117282101967,0.0026732299485696664,8398
31.9_-97.4,31.899999999999935,-97.40000000000052,wspd_error_0h,0.3051777697001173,0.3819397496233501,0.4243011141388495,8398
31.9_-97.6,31.899999999999935,-97.6000000000005,temp_error_1h,-1.2695211411391556,0.35392564852653163,0.0003364531156015982,8398
31.9_-97.6,31.899999999999935,-97.6000000000005,wspd_error_1h,0.6059477949832478,0.4080808762202711,0.13761550281908708,8398
31.9_-97.6,31.899999999999935,-97.6000000000005,temp_error_0h,0.6621887403378433,0.27341321237849947,0.015459296338435902,8398
31.9_-97.6,31.899999999999935,-97.6000000000005,wspd_error_0h,0.2400068946803068,0.3746945320595383,0.5218390547086624,8398
31.9_-97.7,31.899999999999935,-97.7000000000005,temp_error_1h,-1.2248830661779146,0.3644372873136855,0.0007800173463492488,8398
31.9_-97.7,31.899999999999935,-97.7000000000005,wspd_error_1h,0.7804205760079422,0.4104189495159546,0.057268063491929144,8398
31.9_-97.7,31.899999999999935,-97.7000000000005,temp_error_0h,0.5785618226967648,0.27561099479556705,0.035829446123475384,8398
31.9_-97.7,31.899999999999935,-97.7000000000005,wspd_error_0h,-0.026482340972294956,0.37045210017012775,0.9430122429895182,8398
31.9_-97.8,31.899999999999935,-97.8000000000005,temp_error_1h,-1.175074711473906,0.3643207324565673,0.0012628739786206822,8398
31.9_-97.8,31.899999999999935,-97.8000000000005,wspd_error_1h,0.7621224542879024,0.40868250590699473,0.06224058929851961,8398
31.9_-97.8,31.899999999999935,-97.8000000000005,temp_error_0h,0.5174502656336782,0.27548725416292863,0.06037365887249235,8398
31.9_-97.8,31.899999999999935,-97.8000000000005,wspd_error_0h,-0.06607977815893869,0.37129436034008295,0.8587497485395212,8398
32.0_-100.3,31.999999999999936,-100.30000000000035,temp_error_1h,-0.11916659617487396,0.3375439081687724,0.724067147790608,8398
32.0_-100.3,31.999999999999936,-100.30000000000035,wspd_error_1h,2.042615375982188,0.3684793781793717,3.0574927700754984e-08,8398
32.0_-100.3,31.999999999999936,-100.30000000000035,temp_error_0h,-0.5658084789238234,0.27596231417986633,0.0403652558851646,8398
32.0_-100.3,31.999999999999936,-100.30000000000035,wspd_error_0h,-0.5225901970285888,0.3290244502077794,0.11225589650561729,8398
32.0_-100.4,31.999999999999936,-100.40000000000035,temp_error_1h,0.33671946827692795,0.3486768007944076,0.3342189916085281,8398
32.0_-100.4,31.999999999999936,-100.40000000000035,wspd_error_1h,0.7975840658182268,0.35660499574064397,0.02533852904359879,8398
32.0_-100.4,31.999999999999936,-100.40000000000035,temp_error_0h,-0.5984586317350554,0.2807124582539715,0.033041884185631476,8398
32.0_-100.4,31.999999999999936,-100.40000000000035,wspd_error_0h,-0.08501706588709233,0.3328914665212254,0.7984283782788979,8398
32.0_-100.8,31.999999999999936,-100.80000000000032,temp_error_1h,0.7234411672184833,0.3285493005191766,0.027697777082032804,8398
32.0_-100.8,31.999999999999936,-100.80000000000032,wspd_error_1h,0.9190315902199528,0.34156597776101627,0.007145662295893862,8398
32.0_-100.8,31.999999999999936,-100.80000000000032,temp_error_0h,-0.4872821591699124,0.27504084285711655,0.07648545905537141,8398
32.0_-100.8,31.999999999999936,-100.80000000000032,wspd_error_0h,0.05555324194834337,0.310471210430093,0.8579954154400373,8398
32.0_-101.0,31.999999999999936,-101.00000000000031,temp_error_1h,0.39386436854429696,0.3371603851410737,0.24276707608025228,8398
32.0_-101.0,31.999999999999936,-101.00000000000031,wspd_error_1h,0.1672059760185867,0.3647654150081489,0.6466819165469988,8398
32.0_-101.0,31.999999999999936,-101.00000000000031,temp_error_0h,-0.3003499428316749,0.2728274557013046,0.27098115172122705,8398
32.0_-101.0,31.999999999999936,-101.00000000000031,wspd_error_0h,0.10661191397951918,0.3017946507833806,0.7239026013395131,8398
32.0_-101.1,31.999999999999936,-101.1000000000003,temp_error_1h,0.6599737691063362,0.33366554441812213,0.047967144654184946,8398
32.0_-101.1,31.999999999999936,-101.1000000000003,wspd_error_1h,0.16521237335572705,0.36958737387386315,0.6548733276188845,8398
32.0_-101.1,31.999999999999936,-101.1000000000003,temp_error_0h,-0.412525463312137,0.27479774082944286,0.13334247598449012,8398
32.0_-101.1,31.999999999999936,-101.1000000000003,wspd_error_0h,-0.019197754132014213,0.30360617182304966,0.9495829384002055,8398
32.0_-101.2,31.999999999999936,-101.2000000000003,temp_error_1h,0.7141944846921352,0.33004500492230177,0.030497919052179245,8398
32.0_-101.2,31.999999999999936,-101.2000000000003,wspd_error_1h,0.15934755957221597,0.35394313885466633,0.6525731115912397,8398
32.0_-101.2,31.999999999999936,-101.2000000000003,temp_error_0h,-0.4486564686505132,0.2729078474216793,0.1002168738643483,8398
32.0_-101.2,31.999999999999936,-101.2000000000003,wspd_error_0h,-0.05181096677235732,0.295364361251608,0.8607587966279959,8398
32.0_-101.3,31.999999999999936,-101.3000000000003,temp_error_1h,0.6165007182719038,0.3252316537336631,0.05805085149338507,8398
32.0_-101.3,31.999999999999936,-101.3000000000003,wspd_error_1h,0.43331915895826245,0.3675139593039904,0.23840985972618944,8398
32.0_-101.3,31.999999999999936,-101.3000000000003,temp_error_0h,-0.47473472900034114,0.2738635848995174,0.0830487802515647,8398
32.0_-101.3,31.999999999999936,-101.3000000000003,wspd_error_0h,-0.13520964360765106,0.2965652823961299,0.6484603247157432,8398
32.0_-101.4,31.999999999999936,-101.40000000000029,temp_error_1h,0.6395343098734824,0.3327176595110838,0.05462044789852105,8398
32.0_-101.4,31.999999999999936,-101.40000000000029,wspd_error_1h,0.12678172498448814,0.37036573747027524,0.7321225034378274,8398
32.0_-101.4,31.999999999999936,-101.40000000000029,temp_error_0h,-0.5964829750900078,0.2772576656649851,0.03147582367687529,8398
32.0_-101.4,31.999999999999936,-101.40000000000029,wspd_error_0h,-0.10188748883790798,0.29930254718202165,0.7335515444176335,8398
32.0_-101.5,31.999999999999936,-101.50000000000028,temp_error_1h,0.40630099892139093,0.3270598324980923,0.21416688282252516,8398
32.0_-101.5,31.999999999999936,-101.50000000000028,wspd_error_1h,-0.519544179132161,0.36427629524705035,0.15383742110201126,8398
32.0_-101.5,31.999999999999936,-101.50000000000028,temp_error_0h,-0.6540955769132657,0.27433510574967573,0.01713410112391678,8398
32.0_-101.5,31.999999999999936,-101.50000000000028,wspd_error_0h,0.01701413959510068,0.29554361857502615,0.9540933492361661,8398
32.0_-101.6,31.999999999999936,-101.60000000000028,temp_error_1h,0.17342892030635862,0.3209574739694486,0.5889710522317937,8398
32.0_-101.6,31.999999999999936,-101.60000000000028,wspd_error_1h,0.41219648728639,0.366836032720337,0.2611924518649169,8398
32.0_-101.6,31.999999999999936,-101.60000000000028,temp_error_0h,-0.6957648513752694,0.27536181268808685,0.011531313440237057,8398
32.0_-101.6,31.999999999999936,-101.60000000000028,wspd_error_0h,-0.12651525270252575,0.3072635459810533,0.6805344561426903,8398
32.0_-101.7,31.999999999999936,-101.70000000000027,temp_error_1h,0.09329757489918024,0.3221144674980404,0.7720980398825801,8398
32.0_-101.7,31.999999999999936,-101.70000000000027,wspd_error_1h,0.5755178767687987,0.36931297724266393,0.11918881550021299,8398
32.0_-101.7,31.999999999999936,-101.70000000000027,temp_error_0h,-0.7377775150030356,0.2739273046177148,0.007088272431948983,8398
32.0_-101.7,31.999999999999936,-101.70000000000027,wspd_error_0h,-0.042242257053578376,0.3129189450786857,0.8926196751497519,8398
32.0_-101.8,31.999999999999936,-101.80000000000027,temp_error_1h,0.00023533237434209423,0.3234396553367775,0.9994194823337206,8398
32.0_-101.8,31.999999999999936,-101.80000000000027,wspd_error_1h,0.5044733292484538,0.36775672319145997,0.17017552834796557,8398
32.0_-101.8,31.999999999999936,-101.80000000000027,temp_error_0h,-0.7757398988807349,0.27497409470550666,0.004796646285010198,8398
32.0_-101.8,31.999999999999936,-101.80000000000027,wspd_error_0h,0.030935317846213506,0.3146117358456369,0.921673761726109,8398
32.0_-101.9,31.999999999999936,-101.90000000000026,temp_error_1h,0.03764327749314093,0.3160557056338488,0.9051963795096727,8398
32.0_-101.9,31.999999999999936,-101.90000000000026,wspd_error_1h,0.4148125184118954,0.3666962185861451,0.25799678132673076,8398
32.0_-101.9,31.999999999999936,-101.90000000000026,temp_error_0h,-0.8288861563252347,0.27746251764629387,0.002821962703207337,8398
32.0_-101.9,31.999999999999936,-101.90000000000026,wspd_error_0h,-0.02469601560446431,0.311386745957618,0.9367881233527426,8398
32.0_-102.6,31.999999999999936,-102.60000000000022,temp_error_1h,-0.007562846877025182,0.3227239017487441,0.9813043103467136,8398
32.0_-102.6,31.999999999999936,-102.60000000000022,wspd_error_1h,0.6909332621752866,0.3782568935679635,0.06779192388540944,8398
32.0_-102.6,31.999999999999936,-102.60000000000022,temp_error_0h,-1.0554313539912972,0.2948432518461718,0.0003460253083202858,8398
32.0_-102.6,31.999999999999936,-102.60000000000022,wspd_error_0h,-0.30011915338578143,0.2850787063314256,0.29248193457910077,8398
32.0_-102.8,31.999999999999936,-102.80000000000021,temp_error_1h,-0.5380948640821436,0.3302085979968703,0.10323212690269301,8398
32.0_-102.8,31.999999999999936,-102.80000000000021,wspd_error_1h,-0.4443566202989252,0.37094450776042504,0.23098762334355394,8398
32.0_-102.8,31.999999999999936,-102.80000000000021,temp_error_0h,-0.8111882169865995,0.30023912896458,0.006910296712509201,8398
32.0_-102.8,31.999999999999936,-102.80000000000021,wspd_error_0h,-0.1397816505625048,0.27544860481885974,0.6118391179702249,8398
32.0_-94.6,31.999999999999936,-94.60000000000068,temp_error_1h,0.12394448872659256,0.34395370672142256,0.7185928456839528,8398
32.0_-94.6,31.999999999999936,-94.60000000000068,wspd_error_1h,1.3757684093460667,0.4811867349558059,0.004258758779818406,8398
32.0_-94.6,31.999999999999936,-94.60000000000068,temp_error_0h,0.9248767341398892,0.28633114801651,0.0012422801047990983,8398
32.0_-94.6,31.999999999999936,-94.60000000000068,wspd_error_0h,0.6800941095903517,0.5469599194377393,0.21375256266815712,8398
32.0_-95.7,31.999999999999936,-95.70000000000061,temp_error_1h,-1.8798225923876917,0.3370776243011159,2.5258640734548976e-08,8398
32.0_-95.7,31.999999999999936,-95.70000000000061,wspd_error_1h,0.4235593587265262,0.45175117182481994,0.3484800000848578,8398
32.0_-95.7,31.999999999999936,-95.70000000000061,temp_error_0h,1.214899498502052,0.2838647572252458,1.8910363058566304e-05,8398
32.0_-95.7,31.999999999999936,-95.70000000000061,wspd_error_0h,1.4143617431170237,0.4154828728014321,0.0006668479003997252,8398
32.0_-95.8,31.999999999999936,-95.80000000000061,temp_error_1h,-1.796656932937149,0.3272194072645173,4.1213187529365314e-08,8398
32.0_-95.8,31.999999999999936,-95.80000000000061,wspd_error_1h,0.4000526897217707,0.4385591690600625,0.36169094119027045,8398
32.0_-95.8,31.999999999999936,-95.80000000000061,temp_error_0h,1.1213362667547602,0.27873375449375853,5.797639709892444e-05,8398
32.0_-95.8,31.999999999999936,-95.80000000000061,wspd_error_0h,1.5141924597587593,0.4133083318505924,0.00025024309549648294,8398
32.0_-96.7,31.999999999999936,-96.70000000000056,temp_error_1h,-1.5101708893151382,0.37684093065714963,6.191108155784164e-05,8398
32.0_-96.7,31.999999999999936,-96.70000000000056,wspd_error_1h,0.9140038959702396,0.42687636959823777,0.03229124832098518,8398
32.0_-96.7,31.999999999999936,-96.70000000000056,temp_error_0h,1.0541201403814013,0.28498719110772536,0.0002179819265364369,8398
32.0_-96.7,31.999999999999936,-96.70000000000056,wspd_error_0h,0.6634426529745682,0.3814956750809052,0.08206159704035088,8398
32.0_-96.8,31.999999999999936,-96.80000000000055,temp_error_1h,-1.8186469176372495,0.3550728307671579,3.0923167626539794e-07,8398
32.0_-96.8,31.999999999999936,-96.80000000000055,wspd_error_1h,1.028786816454802,0.39778371402088997,0.009718083578069248,8398
32.0_-96.8,31.999999999999936,-96.80000000000055,temp_error_0h,1.1466985350782881,0.28357549521233144,5.308363155265283e-05,8398
32.0_-96.8,31.999999999999936,-96.80000000000055,wspd_error_0h,0.38595528812285285,0.3759224806257572,0.30459688460829426,8398
32.0_-96.9,31.999999999999936,-96.90000000000055,temp_error_1h,-1.862299013939845,0.36170247796024374,2.682719011382062e-07,8398
32.0_-96.9,31.999999999999936,-96.90000000000055,wspd_error_1h,1.2957363486351956,0.39289426596478827,0.0009780867259865378,8398
32.0_-96.9,31.999999999999936,-96.90000000000055,temp_error_0h,1.1910623298362883,0.28547597138780173,3.0472929426705875e-05,8398
32.0_-96.9,31.999999999999936,-96.90000000000055,wspd_error_0h,0.2551186083706129,0.3736151966980149,0.4947282215960489,8398
32.0_-97.8,31.999999999999936,-97.8000000000005,temp_error_1h,-0.9002372439829354,0.3486389114685206,0.009835608146622654,8398
32.0_-97.8,31.999999999999936,-97.8000000000005,wspd_error_1h,1.5187801597228638,0.38601166048980784,8.402968462051241e-05,8398
32.0_-97.8,31.999999999999936,-97.8000000000005,temp_error_0h,0.4159734398751979,0.2706373799814814,0.12432774548701975,8398
32.0_-97.8,31.999999999999936,-97.8000000000005,wspd_error_0h,-0.12226897077181605,0.3569460591154918,0.7319517552188333,8398
32.0_-97.9,31.999999999999936,-97.90000000000049,temp_error_1h,-1.1569038341683933,0.34563133312342115,0.0008198701291497468,8398
32.0_-97.9,31.999999999999936,-97.90000000000049,wspd_error_1h,0.9935545404723934,0.37793807618917286,0.008582292393044533,8398
32.0_-97.9,31.999999999999936,-97.90000000000049,temp_error_0h,0.4322997591691798,0.2718802117377172,0.11186416053609172,8398
32.0_-97.9,31.999999999999936,-97.90000000000049,wspd_error_0h,0.0336132583884244,0.3671197546179918,0.9270503178899285,8398
32.0_-98.0,31.999999999999936,-98.00000000000048,temp_error_1h,-1.6588544417773208,0.32960848832302525,4.934444282067574e-07,8398
32.0_-98.0,31.999999999999936,-98.00000000000048,wspd_error_1h,0.8963375645816787,0.37365256412394576,0.016468294149024176,8398
32.0_-98.0,31.999999999999936,-98.00000000000048,temp_error_0h,0.46739883627875195,0.26783988347145915,0.08100977538756049,8398
32.0_-98.0,31.999999999999936,-98.00000000000048,wspd_error_0h,0.11824511070277523,0.3654059597166779,0.7462495206040367,8398
32.1_-100.2,32.09999999999994,-100.20000000000036,temp_error_1h,0.4698764502494426,0.3426273901929727,0.17028962520014246,8398
32.1_-100.2,32.09999999999994,-100.20000000000036,wspd_error_1h,1.1610388181628462,0.3463676469604396,0.000805739713717557,8398
32.1_-100.2,32.09999999999994,-100.20000000000036,temp_error_0h,-0.6614831848729631,0.2845175199778382,0.020099560803510608,8398
32.1_-100.2,32.09999999999994,-100.20000000000036,wspd_error_0h,-0.31241604319959876,0.3406530899444511,0.35911194974395766,8398
32.1_-100.3,32.09999999999994,-100.30000000000035,temp_error_1h,0.2355540079709516,0.33747641342346574,0.4852050080626862,8398
32.1_-100.3,32.09999999999994,-100.30000000000035,wspd_error_1h,1.2843674724749996,0.3507499900425293,0.0002520208307950078,8398
32.1_-100.3,32.09999999999994,-100.30000000000035,temp_error_0h,-0.6069306383744809,0.28297986038190287,0.03199887994704653,8398
32.1_-100.3,32.09999999999994,-100.30000000000035,wspd_error_0h,-0.30200314842628034,0.34002308043566815,0.374467208797193,8398
32.1_-100.7,32.09999999999994,-100.70000000000033,temp_error_1h,0.1498385988681785,0.3383023333694083,0.6578399209121089,8398
32.1_-100.7,32.09999999999994,-100.70000000000033,wspd_error_1h,-0.29897845849016996,0.34074016032968213,0.3802738577629159,8398
32.1_-100.7,32.09999999999994,-100.70000000000033,temp_error_0h,-0.4708437717269079,0.2771722202219097,0.08940525025261348,8398
32.1_-100.7,32.09999999999994,-100.70000000000033,wspd_error_0h,0.3993413112263669,0.31320800920659453,0.20234344910051782,8398
32.1_-101.3,32.09999999999994,-101.3000000000003,temp_error_1h,0.6064775256185452,0.31944697892598795,0.05766160341355886,8398
32.1_-101.3,32.09999999999994,-101.3000000000003,wspd_error_1h,0.01478102674926199,0.3573984099856983,0.9670120559336839,8398
32.1_-101.3,32.09999999999994,-101.3000000000003,temp_error_0h,-0.5469023999056054,0.27729242375026664,0.04860888730248103,8398
32.1_-101.3,32.09999999999994,-101.3000000000003,wspd_error_0h,0.14699013183334808,0.3046876719531219,0.629513947440786,8398
32.1_-101.4,32.09999999999994,-101.40000000000029,temp_error_1h,0.6693526117226776,0.31887912934309254,0.03583982846577283,8398
32.1_-101.4,32.09999999999994,-101.40000000000029,wspd_error_1h,0.05959807324859239,0.3479673174255897,0.8640117499266755,8398
32.1_-101.4,32.09999999999994,-101.40000000000029,temp_error_0h,-0.6287599327019306,0.2769828171608138,0.023230982571313286,8398
32.1_-101.4,32.09999999999994,-101.40000000000029,wspd_error_0h,0.0645359653979589,0.3055294748395199,0.8327155724148949,8398
32.1_-101.5,32.09999999999994,-101.50000000000028,temp_error_1h,0.19346956115306183,0.3161461493670224,0.5405792748878622,8398
32.1_-101.5,32.09999999999994,-101.50000000000028,wspd_error_1h,-0.6317265936490416,0.3510153605748761,0.07194216791968921,8398
32.1_-101.5,32.09999999999994,-101.50000000000028,temp_error_0h,-0.6614173135399234,0.27440279336509465,0.01595700357449714,8398
32.1_-101.5,32.09999999999994,-101.50000000000028,wspd_error_0h,0.14349978604341826,0.30362481723893914,0.6364951859613222,8398
32.1_-101.6,32.09999999999994,-101.60000000000028,temp_error_1h,0.19128463338938467,0.3135659365673026,0.5418585127991662,8398
32.1_-101.6,32.09999999999994,-101.60000000000028,wspd_error_1h,0.16788760647281392,0.3612631804887584,0.6421413542450449,8398
32.1_-101.6,32.09999999999994,-101.60000000000028,temp_error_0h,-0.7184155931841594,0.2742657138065443,0.008824000233216056,8398
32.1_-101.6,32.09999999999994,-101.60000000000028,wspd_error_0h,0.036170097898265446,0.31402670732593063,0.9083039520133085,8398
32.1_-102.5,32.09999999999994,-102.50000000000023,temp_error_1h,0.07717970100906753,0.31187618579013765,0.8045513273148075,8398
32.1_-102.5,32.09999999999994,-102.50000000000023,wspd_error_1h,0.7419545513445457,0.37334521941497256,0.04692009411740483,8398
32.1_-102.5,32.09999999999994,-102.50000000000023,temp_error_0h,-0.6629198928114445,0.2929854247484609,0.02368358856879582,8398
32.1_-102.5,32.09999999999994,-102.50000000000023,wspd_error_0h,-0.16294610740587584,0.29410190557989246,0.5795619047133946,8398
32.1_-102.6,32.09999999999994,-102.60000000000022,temp_error_1h,0.17891992132183718,0.3139601151818569,0.5687736964026002,8398
32.1_-102.6,32.09999999999994,-102.60000000000022,wspd_error_1h,0.847885700919927,0.3733054371743548,0.023154621872635728,8398
32.1_-102.6,32.09999999999994,-102.60000000000022,temp_error_0h,-0.6386935617865773,0.2976469737940874,0.0319169396535397,8398
32.1_-102.6,32.09999999999994,-102.60000000000022,wspd_error_0h,-0.17765415249934563,0.2974954097099534,0.5504127175419147,8398
32.1_-95.6,32.09999999999994,-95.60000000000062,temp_error_1h,-1.7284847770729477,0.34351801655476033,4.96243777847738e-07,8398
32.1_-95.6,32.09999999999994,-95.60000000000062,wspd_error_1h,0.4682336100451743,0.4471116321203038,0.29501875378579,8398
32.1_-95.6,32.09999999999994,-95.60000000000062,temp_error_0h,1.309824324253421,0.2921366482370014,7.4372703064984336e-06,8398
32.1_-95.6,32.09999999999994,-95.60000000000062,wspd_error_0h,1.4812042994909456,0.4538212771475272,0.0011035149735516558,8398
32.1_-95.7,32.09999999999994,-95.70000000000061,temp_error_1h,-1.719928289687475,0.3360360744887662,3.151953726909795e-07,8398
32.1_-95.7,32.09999999999994,-95.70000000000061,wspd_error_1h,0.23083741716862435,0.4400267090451454,0.5998761421745478,8398
32.1_-95.7,32.09999999999994,-95.70000000000061,temp_error_0h,1.2212357205007853,0.2867606022531149,2.0784374573201703e-05,8398
32.1_-95.7,32.09999999999994,-95.70000000000061,wspd_error_0h,1.513959875215993,0.4278575491035915,0.00040464316721267046,8398
32.1_-96.1,32.09999999999994,-96.10000000000059,temp_error_1h,-1.2027792286082635,0.32652616102953624,0.00023145008158542701,8398
32.1_-96.1,32.09999999999994,-96.10000000000059,wspd_error_1h,0.18581281546598236,0.4524433374758089,0.6813122368750628,8398
32.1_-96.1,32.09999999999994,-96.10000000000059,temp_error_0h,0.9569790678656694,0.2813867662529652,0.0006746951580660632,8398
32.1_-96.1,32.09999999999994,-96.10000000000059,wspd_error_0h,1.697075536634111,0.4340310606179118,9.30137000156872e-05,8398
32.1_-96.2,32.09999999999994,-96.20000000000059,temp_error_1h,-1.8920011552814011,0.3424555515586264,3.397577907904292e-08,8398
32.1_-96.2,32.09999999999994,-96.20000000000059,wspd_error_1h,-0.3463177176352764,0.4224355145779761,0.4123466538996281,8398
32.1_-96.2,32.09999999999994,-96.20000000000059,temp_error_0h,1.0376326332665797,0.28131460636678374,0.00022700000116748775,8398
32.1_-96.2,32.09999999999994,-96.20000000000059,wspd_error_0h,1.7968543961180905,0.42607094430051873,2.4989090395832747e-05,8398
32.1_-96.4,32.09999999999994,-96.40000000000057,temp_error_1h,-1.430969926828545,0.3528726343325312,5.054597017073448e-05,8398
32.1_-96.4,32.09999999999994,-96.40000000000057,wspd_error_1h,0.10730553207797387,0.4292210672048165,0.8025930164059214,8398
32.1_-96.4,32.09999999999994,-96.40000000000057,temp_error_0h,1.0085232698692719,0.2862877398067071,0.0004293575955993667,8398
32.1_-96.4,32.09999999999994,-96.40000000000057,wspd_error_0h,1.5503968006865687,0.4116616892773647,0.0001668945556489998,8398
32.1_-96.6,32.09999999999994,-96.60000000000056,temp_error_1h,-1.4023008814383848,0.3444839594560614,4.72982084926965e-05,8398
32.1_-96.6,32.09999999999994,-96.60000000000056,wspd_error_1h,0.42257631047018557,0.4024254949421246,0.29371473230053446,8398
32.1_-96.6,32.09999999999994,-96.60000000000056,temp_error_0h,0.9672815499580957,0.28593544184292086,0.0007206279669362825,8398
32.1_-96.6,32.09999999999994,-96.60000000000056,wspd_error_0h,1.1652564503625178,0.4012842670826374,0.003696079201168878,8398
32.1_-96.9,32.09999999999994,-96.90000000000055,temp_error_1h,-1.7536697627729454,0.34964385936986536,5.395969928656541e-07,8398
32.1_-96.9,32.09999999999994,-96.90000000000055,wspd_error_1h,0.8826905591874017,0.38423693155116423,0.021628778011114624,8398
32.1_-96.9,32.09999999999994,-96.90000000000055,temp_error_0h,1.1535729391255538,0.28718855264728205,5.951592500497149e-05,8398
32.1_-96.9,32.09999999999994,-96.90000000000055,wspd_error_0h,0.5134070520185795,0.3801158363566178,0.17684111779637823,8398
32.1_-97.0,32.09999999999994,-97.00000000000054,temp_error_1h,-1.8055428495139216,0.38486998730642846,2.757788002405448e-06,8398
32.1_-97.0,32.09999999999994,-97.00000000000054,wspd_error_1h,0.9133094881224832,0.39584266168434046,0.021064999326764422,8398
32.1_-97.0,32.09999999999994,-97.00000000000054,temp_error_0h,1.2353582769203808,0.2883028683110049,1.8484402829033186e-05,8398
32.1_-97.0,32.09999999999994,-97.00000000000054,wspd_error_0h,0.40516153557542256,0.36962813449485865,0.2730522362644159,8398
32.1_-97.1,32.09999999999994,-97.10000000000053,temp_error_1h,-1.1763122035974527,0.3876498802228696,0.002416990799027463,8398
32.1_-97.1,32.09999999999994,-97.10000000000053,wspd_error_1h,0.6056125439704149,0.39157466124504686,0.12199564443526545,8398
32.1_-97.1,32.09999999999994,-97.10000000000053,temp_error_0h,1.0473931172358186,0.292298633566883,0.00034121477129955835,8398
32.1_-97.1,32.09999999999994,-97.10000000000053,wspd_error_0h,0.4099175052035239,0.379079559404904,0.27957286718345187,8398
32.1_-97.2,32.09999999999994,-97.20000000000053,temp_error_1h,-1.3642993386144633,0.36556955861636165,0.0001912385534832417,8398
32.1_-97.2,32.09999999999994,-97.20000000000053,wspd_error_1h,1.3115562094529647,0.39908375150761116,0.0010188867941340884,8398
32.1_-97.2,32.09999999999994,-97.20000000000053,temp_error_0h,0.8811260096093295,0.28933426949613894,0.0023312867227589518,8398
32.1_-97.2,32.09999999999994,-97.20000000000053,wspd_error_0h,0.18987925639717462,0.3799624099352074,0.6172771752736488,8398
32.1_-97.3,32.09999999999994,-97.30000000000052,temp_error_1h,-1.632588339623396,0.3553943951857143,4.417550625746003e-06,8398
32.1_-97.3,32.09999999999994,-97.30000000000052,wspd_error_1h,0.22213742785799598,0.39951566541298467,0.5782142472104206,8398
32.1_-97.3,32.09999999999994,-97.30000000000052,temp_error_0h,0.8444976681168174,0.28396403052230307,0.002948232191316791,8398
32.1_-97.3,32.09999999999994,-97.30000000000052,wspd_error_0h,0.5204823910844191,0.38241814703783267,0.173541060573559,8398
32.1_-97.4,32.09999999999994,-97.40000000000052,temp_error_1h,-1.4644863547343638,0.3382062586551225,1.5074166832995672e-05,8398
32.1_-97.4,32.09999999999994,-97.40000000000052,wspd_error_1h,0.11859014563100595,0.4039466697967916,0.7690871307918687,8398
32.1_-97.4,32.09999999999994,-97.40000000000052,temp_error_0h,0.6982337924421593,0.27625489165286593,0.011506118717270697,8398
32.1_-97.4,32.09999999999994,-97.40000000000052,wspd_error_0h,0.6596165556905922,0.3832444675609136,0.08526282971202126,8398
32.1_-97.5,32.09999999999994,-97.50000000000051,temp_error_1h,-1.2000218066484503,0.3343050600766242,0.0003330823876601663,8398
32.1_-97.5,32.09999999999994,-97.50000000000051,wspd_error_1h,0.9369292745530313,0.3981616551507566,0.018638776597707407,8398
32.1_-97.5,32.09999999999994,-97.50000000000051,temp_error_0h,0.6221441469896934,0.2676560906586255,0.020127045977295754,8398
32.1_-97.5,32.09999999999994,-97.50000000000051,wspd_error_0h,0.49001770860634164,0.3738261628402525,0.18995560378199894,8398
32.1_-97.8,32.09999999999994,-97.8000000000005,temp_error_1h,-1.0555975991593496,0.357491831389036,0.003157946261176159,8398
32.1_-97.8,32.09999999999994,-97.8000000000005,wspd_error_1h,0.8963629918540167,0.38208493634075824,0.019000455479245115,8398
32.1_-97.8,32.09999999999994,-97.8000000000005,temp_error_0h,0.4492397667803947,0.27424311613875113,0.10143687491227071,8398
32.1_-97.8,32.09999999999994,-97.8000000000005,wspd_error_0h,0.07154334768528056,0.36781681607131456,0.845782787496896,8398
32.1_-98.0,32.09999999999994,-98.00000000000048,temp_error_1h,-1.473447742397822,0.33376846591644466,1.0247799232532273e-05,8398
32.1_-98.0,32.09999999999994,-98.00000000000048,wspd_error_1h,0.1989503793487909,0.37418148397701206,0.5949514726488774,8398
32.1_-98.0,32.09999999999994,-98.00000000000048,temp_error_0h,0.4383795210152943,0.2730549365727358,0.1084297994884722,8398
32.1_-98.0,32.09999999999994,-98.00000000000048,wspd_error_0h,0.3480981586349153,0.37093948323246506,0.348054172005394,8398
32.1_-98.1,32.09999999999994,-98.10000000000048,temp_error_1h,-1.3086171567570364,0.3294023123424257,7.165904057204742e-05,8398
32.1_-98.1,32.09999999999994,-98.10000000000048,wspd_error_1h,0.47690373875782616,0.37177335762497765,0.19960445012467387,8398
32.1_-98.1,32.09999999999994,-98.10000000000048,temp_error_0h,0.3327569470390332,0.27470250356625253,0.22580103081871927,8398
32.1_-98.1,32.09999999999994,-98.10000000000048,wspd_error_0h,0.21518007162217245,0.37907213904958653,0.5702883082165302,8398
32.1_-98.2,32.09999999999994,-98.20000000000047,temp_error_1h,-1.008685858630218,0.32092834531403286,0.0016779642726423294,8398
32.1_-98.2,32.09999999999994,-98.20000000000047,wspd_error_1h,1.064988360339568,0.37403131063302736,0.004419597544380149,8398
32.1_-98.2,32.09999999999994,-98.20000000000047,temp_error_0h,0.2506257221190864,0.27493252711499233,0.3620109244398424,8398
32.1_-98.2,32.09999999999994,-98.20000000000047,wspd_error_0h,0.021095447024310442,0.37906038512046,0.9556204144288523,8398
32.2_-100.1,32.19999999999994,-100.10000000000036,temp_error_1h,0.33074795008994207,0.3473945115404195,0.3410830975944865,8398
32.2_-100.1,32.19999999999994,-100.10000000000036,wspd_error_1h,0.9268659747405419,0.3360786098858878,0.0058303192661339764,8398
32.2_-100.1,32.19999999999994,-100.10000000000036,temp_error_0h,-0.4852831342238284,0.283573444660847,0.08706032162338007,8398
32.2_-100.1,32.19999999999994,-100.10000000000036,wspd_error_0h,-0.273384067245705,0.3365240932119256,0.41659910637159503,8398
32.2_-100.2,32.19999999999994,-100.20000000000036,temp_error_1h,0.5389920338547347,0.34794983066197605,0.12140733087789846,8398
32.2_-100.2,32.19999999999994,-100.20000000000036,wspd_error_1h,1.1322067201368107,0.3408687057288225,0.0008990843436691431,8398
32.2_-100.2,32.19999999999994,-100.20000000000036,temp_error_0h,-0.6161319797913236,0.2843995368361008,0.03030644177467101,8398
32.2_-100.2,32.19999999999994,-100.20000000000036,wspd_error_0h,-0.20777173047210176,0.3342126711978677,0.5341724196084026,8398
32.2_-100.3,32.19999999999994,-100.30000000000035,temp_error_1h,0.41980880848277574,0.350763141242522,0.23140126643613845,8398
32.2_-100.3,32.19999999999994,-100.30000000000035,wspd_error_1h,0.5614526380745887,0.3438862892261907,0.10257621460516497,8398
32.2_-100.3,32.19999999999994,-100.30000000000035,temp_error_0h,-0.5402917224820057,0.28502862054058625,0.058051392473218,8398
32.2_-100.3,32.19999999999994,-100.30000000000035,wspd_error_0h,-0.003302390104220034,0.3330863338886823,0.992089726276391,8398
32.2_-100.5,32.19999999999994,-100.50000000000034,temp_error_1h,0.8846758997465872,0.3512914828039567,0.011809040513801827,8398
32.2_-100.5,32.19999999999994,-100.50000000000034,wspd_error_1h,0.6341463921961237,0.38368293366422357,0.09841166822122993,8398
32.2_-100.5,32.19999999999994,-100.50000000000034,temp_error_0h,-0.5676723793464624,0.28247965004594416,0.044505153253008745,8398
32.2_-100.5,32.19999999999994,-100.50000000000034,wspd_error_0h,0.03979556015877065,0.32341440992048065,0.9020718912086059,8398
32.2_-101.4,32.19999999999994,-101.40000000000029,temp_error_1h,0.7195015920016196,0.30998005297879033,0.020304186220188702,8398
32.2_-101.4,32.19999999999994,-101.40000000000029,wspd_error_1h,0.0027990353837427408,0.34343276778963294,0.9934973718754656,8398
32.2_-101.4,32.19999999999994,-101.40000000000029,temp_error_0h,-0.6919838031681205,0.27576593133412736,0.012115295958315064,8398
32.2_-101.4,32.19999999999994,-101.40000000000029,wspd_error_0h,0.25194079548958537,0.30296124895282994,0.40566184078843426,8398
32.2_-101.5,32.19999999999994,-101.50000000000028,temp_error_1h,0.45614909910918955,0.31381919867057856,0.14611113502557926,8398
32.2_-101.5,32.19999999999994,-101.50000000000028,wspd_error_1h,-0.5168256949440169,0.35598507680771907,0.14658964174014955,8398
32.2_-101.5,32.19999999999994,-101.50000000000028,temp_error_0h,-0.7164068514959699,0.27173459152746954,0.00839405791582859,8398
32.2_-101.5,32.19999999999994,-101.50000000000028,wspd_error_0h,0.2872556311168768,0.30032476573047934,0.3388557748983714,8398
32.2_-101.8,32.19999999999994,-101.80000000000027,temp_error_1h,0.47622391168966155,0.3230568855794992,0.1404875427757899,8398
32.2_-101.8,32.19999999999994,-101.80000000000027,wspd_error_1h,0.6519984070032021,0.36691878216323986,0.07561190528269468,8398
32.2_-101.8,32.19999999999994,-101.80000000000027,temp_error_0h,-0.7674859543075999,0.27387321718736723,0.005085013079507927,8398
32.2_-101.8,32.19999999999994,-101.80000000000027,wspd_error_0h,0.1455333905975185,0.3149070311371214,0.6439878238450585,8398
32.2_-95.5,32.19999999999994,-95.50000000000063,temp_error_1h,-2.091112742556732,0.36732635424789845,1.292039719658078e-08,8398
32.2_-95.5,32.19999999999994,-95.50000000000063,wspd_error_1h,0.334242802946188,0.4188831960298503,0.42492916859928975,8398
32.2_-95.5,32.19999999999994,-95.50000000000063,temp_error_0h,1.2854187024009063,0.2807818651476125,4.762334909536037e-06,8398
32.2_-95.5,32.19999999999994,-95.50000000000063,wspd_error_0h,1.4545068900606963,0.4495593331647608,0.0012194279220074655,8398
32.2_-95.6,32.19999999999994,-95.60000000000062,temp_error_1h,-1.7294349135124636,0.33847293869947853,3.3012172595547895e-07,8398
32.2_-95.6,32.19999999999994,-95.60000000000062,wspd_error_1h,0.6916080068705176,0.4514898679106157,0.12560099929373347,8398
32.2_-95.6,32.19999999999994,-95.60000000000062,temp_error_0h,1.2281256183613847,0.28568893571647136,1.736579342126454e-05,8398
32.2_-95.6,32.19999999999994,-95.60000000000062,wspd_error_0h,1.4203545090602199,0.441827278007552,0.001310645592942583,8398
32.2_-96.7,32.19999999999994,-96.70000000000056,temp_error_1h,-1.2204959778302364,0.3606010755522594,0.000716059866801233,8398
32.2_-96.7,32.19999999999994,-96.70000000000056,wspd_error_1h,0.6816063435085212,0.400996617537184,0.08920938533345879,8398
32.2_-96.7,32.19999999999994,-96.70000000000056,temp_error_0h,0.9576683600205718,0.2831344858596056,0.0007219054693696769,8398
32.2_-96.7,32.19999999999994,-96.70000000000056,wspd_error_0h,1.0397740681622827,0.3842692755134796,0.006826858825248472,8398
32.2_-97.1,32.19999999999994,-97.10000000000053,temp_error_1h,-1.55636897268755,0.3899961366405179,6.643348214963041e-05,8398
32.2_-97.1,32.19999999999994,-97.10000000000053,wspd_error_1h,0.3036286925849879,0.37236446411721086,0.414862462900899,8398
32.2_-97.1,32.19999999999994,-97.10000000000053,temp_error_0h,1.048410842729335,0.2897813475215795,0.0002987127325504435,8398
32.2_-97.1,32.19999999999994,-97.10000000000053,wspd_error_0h,0.5104455755671559,0.3772525283863056,0.17607284008200708,8398
32.2_-97.2,32.19999999999994,-97.20000000000053,temp_error_1h,-1.3596834419523054,0.3704762889449017,0.0002439698266158974,8398
32.2_-97.2,32.19999999999994,-97.20000000000053,wspd_error_1h,0.7103365971160369,0.38475427632013115,0.0648972882386869,8398
32.2_-97.2,32.19999999999994,-97.20000000000053,temp_error_0h,0.8490448342292845,0.2869722216478677,0.003098754081291899,8398
32.2_-97.2,32.19999999999994,-97.20000000000053,wspd_error_0h,0.3396867911473032,0.37656144910673744,0.36704285689809035,8398
32.2_-97.3,32.19999999999994,-97.30000000000052,temp_error_1h,-1.7040538295554424,0.35608564625637995,1.7347361469521871e-06,8398
32.2_-97.3,32.19999999999994,-97.30000000000052,wspd_error_1h,-0.1437752425527979,0.3884732429512207,0.7113148777773171,8398
32.2_-97.3,32.19999999999994,-97.30000000000052,temp_error_0h,0.7947888947019608,0.28121465672349416,0.00472051759916714,8398
32.2_-97.3,32.19999999999994,-97.30000000000052,wspd_error_0h,0.5683595692541,0.37617543594701996,0.13085438407999161,8398
32.2_-97.4,32.19999999999994,-97.40000000000052,temp_error_1h,-1.4804080046175798,0.34005224781873394,1.3559442414434741e-05,8398
32.2_-97.4,32.19999999999994,-97.40000000000052,wspd_error_1h,0.5273274437299392,0.384616327783733,0.1703968167355987,8398
32.2_-97.4,32.19999999999994,-97.40000000000052,temp_error_0h,0.675000848446129,0.2746920126837127,0.01401872028898099,8398
32.2_-97.4,32.19999999999994,-97.40000000000052,wspd_error_0h,0.4559840433595191,0.3790225782168647,0.2289901070998217,8398
32.2_-97.5,32.19999999999994,-97.50000000000051,temp_error_1h,-1.2833466044008175,0.3438645829332592,0.00019112865237014276,8398
32.2_-97.5,32.19999999999994,-97.50000000000051,wspd_error_1h,0.9488680866510245,0.39987933600374503,0.017672207020907216,8398
32.2_-97.5,32.19999999999994,-97.50000000000051,temp_error_0h,0.5849463948874948,0.2675053027902484,0.02879410159400897,8398
32.2_-97.5,32.19999999999994,-97.50000000000051,wspd_error_0h,0.4514317775154375,0.3679835207365532,0.21994296669297597,8398
32.2_-97.6,32.19999999999994,-97.6000000000005,temp_error_1h,-1.5283317388549948,0.3292048906916904,3.49479963634991e-06,8398
32.2_-97.6,32.19999999999994,-97.6000000000005,wspd_error_1h,1.1114613925302022,0.3768509586076466,0.003193365755288946,8398
32.2_-97.6,32.19999999999994,-97.6000000000005,temp_error_0h,0.5593900147695245,0.26872319263229405,0.037404004899407095,8398
32.2_-97.6,32.19999999999994,-97.6000000000005,wspd_error_0h,0.3139808468608912,0.3682989559995678,0.39395205457345295,8398
32.2_-97.7,32.19999999999994,-97.7000000000005,temp_error_1h,-1.518894916031683,0.3248906133253391,2.9842074997787904e-06,8398
32.2_-97.7,32.19999999999994,-97.7000000000005,wspd_error_1h,1.1312834393704227,0.3686703045529877,0.0021578901569003772,8398
32.2_-97.7,32.19999999999994,-97.7000000000005,temp_error_0h,0.5080281668695891,0.2671706494180922,0.05726935911602271,8398
32.2_-97.7,32.19999999999994,-97.7000000000005,wspd_error_0h,0.18532332720245673,0.36189245296326106,0.6085980353223548,8398
32.2_-98.2,32.19999999999994,-98.20000000000047,temp_error_1h,-0.61861022382104,0.3271606778372565,0.058679563018544156,8398
32.2_-98.2,32.19999999999994,-98.20000000000047,wspd_error_1h,0.5234234650773774,0.39503887458748294,0.18520993730349544,8398
32.2_-98.2,32.19999999999994,-98.20000000000047,temp_error_0h,0.09099407563498085,0.2742187642887074,0.7400257785019284,8398
32.2_-98.2,32.19999999999994,-98.20000000000047,wspd_error_0h,0.06778684887347285,0.37184497644104847,0.8553527556923566,8398
32.2_-98.3,32.19999999999994,-98.30000000000047,temp_error_1h,-0.7418596691117166,0.33842515598856426,0.02840022738479675,8398
32.2_-98.3,32.19999999999994,-98.30000000000047,wspd_error_1h,0.25832223953622396,0.39551994816512576,0.5136964797104839,8398
32.2_-98.3,32.19999999999994,-98.30000000000047,temp_error_0h,0.15910248329419693,0.27821337104275423,0.567423964603309,8398
32.2_-98.3,32.19999999999994,-98.30000000000047,wspd_error_0h,0.080174530442233,0.3727387254883187,0.8296978858726507,8398
32.2_-98.4,32.19999999999994,-98.40000000000046,temp_error_1h,-0.7528507432630381,0.3411033714208135,0.027333851719832047,8398
32.2_-98.4,32.19999999999994,-98.40000000000046,wspd_error_1h,-0.19012817331080037,0.3999338113683864,0.6345149635123082,8398
32.2_-98.4,32.19999999999994,-98.40000000000046,temp_error_0h,0.1642009371580132,0.27840447950153463,0.5553455663608315,8398
32.2_-98.4,32.19999999999994,-98.40000000000046,wspd_error_0h,0.23876282199013615,0.37691163553967055,0.5264430497578407,8398
32.2_-98.5,32.19999999999994,-98.50000000000045,temp_error_1h,-0.29956642529791483,0.3145457686755308,0.34093293202800945,8398
32.2_-98.5,32.19999999999994,-98.50000000000045,wspd_error_1h,0.8028454443716343,0.3789707041990785,0.034163067323163876,8398
32.2_-98.5,32.19999999999994,-98.50000000000045,temp_error_0h,0.1387048297773366,0.2689286157643991,0.6060299566417666,8398
32.2_-98.5,32.19999999999994,-98.50000000000045,wspd_error_0h,-0.01023759756627307,0.36766461802452416,0.9777864914650491,8398
32.3_-100.0,32.29999999999994,-100.00000000000037,temp_error_1h,0.3068168977849616,0.34322624330174273,0.37139029444821103,8398
32.3_-100.0,32.29999999999994,-100.00000000000037,wspd_error_1h,1.0299124709840408,0.37228023811618743,0.005678649630446175,8398
32.3_-100.0,32.29999999999994,-100.00000000000037,temp_error_0h,-0.38702327630684613,0.28124919147343624,0.16883166524827753,8398
32.3_-100.0,32.29999999999994,-100.00000000000037,wspd_error_0h,-0.40953157233525916,0.3321298596322614,0.2175930901408567,8398
32.3_-100.1,32.29999999999994,-100.10000000000036,temp_error_1h,0.3567184897786185,0.3412116007295952,0.29584687431862955,8398
32.3_-100.1,32.29999999999994,-100.10000000000036,wspd_error_1h,0.7139271690164084,0.356538427944393,0.04527560436498801,8398
32.3_-100.1,32.29999999999994,-100.10000000000036,temp_error_0h,-0.4287839000642295,0.28530121183861556,0.13289836623644757,8398
32.3_-100.1,32.29999999999994,-100.10000000000036,wspd_error_0h,-0.2671251919669228,0.33911066989228017,0.43088123467472883,8398
32.3_-100.2,32.29999999999994,-100.20000000000036,temp_error_1h,0.466866319347773,0.34574406008125447,0.17694881752809732,8398
32.3_-100.2,32.29999999999994,-100.20000000000036,wspd_error_1h,0.4932327332111738,0.37928441359550363,0.19348958536309468,8398
32.3_-100.2,32.29999999999994,-100.20000000000036,temp_error_0h,-0.49676654612864074,0.2838278728129788,0.08011382215326646,8398
32.3_-100.2,32.29999999999994,-100.20000000000036,wspd_error_0h,-0.06690660662276385,0.3359719404314456,0.8421553898907472,8398
32.3_-100.3,32.29999999999994,-100.30000000000035,temp_error_1h,0.49842604400883234,0.345459621980562,0.14911682944427374,8398
32.3_-100.3,32.29999999999994,-100.30000000000035,wspd_error_1h,0.8874604894507984,0.38611324127283303,0.02156097911804844,8398
32.3_-100.3,32.29999999999994,-100.30000000000035,temp_error_0h,-0.5422080978098385,0.2826119747661487,0.05507404526668247,8398
32.3_-100.3,32.29999999999994,-100.30000000000035,wspd_error_0h,-0.11022370897953992,0.33483394509612907,0.7420209574691816,8398
32.3_-100.4,32.29999999999994,-100.40000000000035,temp_error_1h,0.7619590146591539,0.34445590758172523,0.026989091204564275,8398
32.3_-100.4,32.29999999999994,-100.40000000000035,wspd_error_1h,0.43346392555904595,0.38374642445404167,0.2586948514633316,8398
32.3_-100.4,32.29999999999994,-100.40000000000035,temp_error_0h,-0.6083185133840349,0.28322302808745164,0.03175492131542135,8398
32.3_-100.4,32.29999999999994,-100.40000000000035,wspd_error_0h,0.04754242095379288,0.332188720419448,0.8861998799375981,8398
32.3_-100.5,32.29999999999994,-100.50000000000034,temp_error_1h,0.9665353051098877,0.3442544951423195,0.005002499663381288,8398
32.3_-100.5,32.29999999999994,-100.50000000000034,wspd_error_1h,0.32943825023584766,0.3864997812826758,0.394036881426832,8398
32.3_-100.5,32.29999999999994,-100.50000000000034,temp_error_0h,-0.6162972446999475,0.27937640123046065,0.027412892398292144,8398
32.3_-100.5,32.29999999999994,-100.50000000000034,wspd_error_0h,0.13313258570380257,0.32056444543849044,0.6779280062903952,8398
32.3_-100.9,32.29999999999994,-100.90000000000032,temp_error_1h,0.4375588857848055,0.3256104264901378,0.17904598555884776,8398
32.3_-100.9,32.29999999999994,-100.90000000000032,wspd_error_1h,0.46233880722268117,0.35266944134341605,0.18990416496903428,8398
32.3_-100.9,32.29999999999994,-100.90000000000032,temp_error_0h,-0.4838891726425702,0.2718005282678949,0.07506158288500031,8398
32.3_-100.9,32.29999999999994,-100.90000000000032,wspd_error_0h,0.23198545432760972,0.29744611093645945,0.4354575155848879,8398
32.3_-101.4,32.29999999999994,-101.40000000000029,temp_error_1h,1.0523370439943196,0.3174575837552518,0.000920695523305648,8398
32.3_-101.4,32.29999999999994,-101.40000000000029,wspd_error_1h,0.7254201457021341,0.34414862339761465,0.0350720428598752,8398
32.3_-101.4,32.29999999999994,-101.40000000000029,temp_error_0h,-0.707780910101332,0.2717250207456724,0.009209905875955826,8398
32.3_-101.4,32.29999999999994,-101.40000000000029,wspd_error_0h,0.20190122872075464,0.3008084613432588,0.5021146684835487,8398
32.3_-102.5,32.29999999999994,-102.50000000000023,temp_error_1h,0.49557084607714197,0.3119877911000259,0.11222691490928538,8398
32.3_-102.5,32.29999999999994,-102.50000000000023,wspd_error_1h,0.37503974448564986,0.3738431419331445,0.31579302947945775,8398
32.3_-102.5,32.29999999999994,-102.50000000000023,temp_error_0h,-0.24215982308343423,0.2824595683138151,0.39128954343840117,8398
32.3_-102.5,32.29999999999994,-102.50000000000023,wspd_error_0h,0.1576878785992496,0.30104574941355683,0.6004312792565814,8398
32.3_-102.8,32.29999999999994,-102.80000000000021,temp_error_1h,0.3595812454367331,0.31783421323459177,0.2579409259518206,8398
32.3_-102.8,32.29999999999994,-102.80000000000021,wspd_error_1h,1.0767434269509761,0.3740642680310213,0.004005869116782801,8398
32.3_-102.8,32.29999999999994,-102.80000000000021,temp_error_0h,-0.13888510017802252,0.2821668851841003,0.6225844841217969,8398
32.3_-102.8,32.29999999999994,-102.80000000000021,wspd_error_0h,0.07743106682186737,0.2990780846720216,0.7957194184973839,8398
32.3_-94.6,32.29999999999994,-94.60000000000068,temp_error_1h,0.14192544165435053,0.34304727403942814,0.6790899593943815,8398
32.3_-94.6,32.29999999999994,-94.60000000000068,wspd_error_1h,0.8080734665305234,0.47351604818600235,0.08794498160401498,8398
32.3_-94.6,32.29999999999994,-94.60000000000068,temp_error_0h,0.931409704485155,0.286092351841886,0.001135933705484149,8398
32.3_-94.6,32.29999999999994,-94.60000000000068,wspd_error_0h,0.49372872271708906,0.5215963116344173,0.3438840358619273,8398
32.3_-95.4,32.29999999999994,-95.40000000000063,temp_error_1h,-1.0978178860822099,0.34027916201993524,0.0012591692443371105,8398
32.3_-95.4,32.29999999999994,-95.40000000000063,wspd_error_1h,0.8246710180831432,0.46061020552356746,0.07342773623059151,8398
32.3_-95.4,32.29999999999994,-95.40000000000063,temp_error_0h,1.0889377069422264,0.28184097223020177,0.0001125451958001733,8398
32.3_-95.4,32.29999999999994,-95.40000000000063,wspd_error_0h,1.2620479464190064,0.45179371567667775,0.005227321906731142,8398
32.3_-95.5,32.29999999999994,-95.50000000000063,temp_error_1h,-1.5924505270511158,0.33587021589766153,2.1590000987004032e-06,8398
32.3_-95.5,32.29999999999994,-95.50000000000063,wspd_error_1h,0.7938406843605407,0.4473504725615235,0.07601050342653659,8398
32.3_-95.5,32.29999999999994,-95.50000000000063,temp_error_0h,1.2061472174228858,0.2790152350736816,1.5579671898580116e-05,8398
32.3_-95.5,32.29999999999994,-95.50000000000063,wspd_error_0h,1.353902961658281,0.4354852338758063,0.0018838282324313838,8398
32.3_-96.1,32.29999999999994,-96.10000000000059,temp_error_1h,-1.668794479753497,0.34962169585631314,1.8445289913238128e-06,8398
32.3_-96.1,32.29999999999994,-96.10000000000059,wspd_error_1h,-0.13354318161710352,0.43521762623160576,0.7589710480379184,8398
32.3_-96.1,32.29999999999994,-96.10000000000059,temp_error_0h,0.9805039670316003,0.2775141852362213,0.00041283058371166526,8398
32.3_-96.1,32.29999999999994,-96.10000000000059,wspd_error_0h,1.7992598052105928,0.4164224810824683,1.5729539531328385e-05,8398
32.3_-96.7,32.29999999999994,-96.70000000000056,temp_error_1h,-1.0640391127485838,0.3547443513162383,0.00271261680095769,8398
32.3_-96.7,32.29999999999994,-96.70000000000056,wspd_error_1h,0.9460722284265524,0.4028911471221718,0.018887166079461837,8398
32.3_-96.7,32.29999999999994,-96.70000000000056,temp_error_0h,0.9439935850571997,0.2821213955313879,0.0008233168644768973,8398
32.3_-96.7,32.29999999999994,-96.70000000000056,wspd_error_0h,1.1297516179943632,0.3856658839945423,0.003405864849138851,8398
32.3_-97.1,32.29999999999994,-97.10000000000053,temp_error_1h,-1.5976864758442035,0.3562665469754394,7.4051895377902355e-06,8398
32.3_-97.1,32.29999999999994,-97.10000000000053,wspd_error_1h,1.1185007269405691,0.36863764015653283,0.002419584263066099,8398
32.3_-97.1,32.29999999999994,-97.10000000000053,temp_error_0h,0.9637102684453555,0.2863657218685522,0.0007680127120803792,8398
32.3_-97.1,32.29999999999994,-97.10000000000053,wspd_error_0h,0.37490732817886496,0.3746199476259864,0.3169683854428893,8398
32.3_-97.2,32.29999999999994,-97.20000000000053,temp_error_1h,-1.5014170587801738,0.3652161997306756,3.9765668452762526e-05,8398
32.3_-97.2,32.29999999999994,-97.20000000000053,wspd_error_1h,0.9437927681832571,0.38912678346988644,0.015312066757384502,8398
32.3_-97.2,32.29999999999994,-97.20000000000053,temp_error_0h,0.8739558072493836,0.2867961593719908,0.0023162317511435937,8398
32.3_-97.2,32.29999999999994,-97.20000000000053,wspd_error_0h,0.29695642154383123,0.37443367533406047,0.42775285720409695,8398
32.3_-97.3,32.29999999999994,-97.30000000000052,temp_error_1h,-1.6560878020923493,0.35593819482556344,3.325931830389095e-06,8398
32.3_-97.3,32.29999999999994,-97.30000000000052,wspd_error_1h,0.19876981023238993,0.3923958523709299,0.6124809390069919,8398
32.3_-97.3,32.29999999999994,-97.30000000000052,temp_error_0h,0.8194079695984845,0.2831376049729648,0.003813189727996269,8398
32.3_-97.3,32.29999999999994,-97.30000000000052,wspd_error_0h,0.45468018683881894,0.3748923721164819,0.22522964855309846,8398
32.3_-97.6,32.29999999999994,-97.6000000000005,temp_error_1h,-1.4047466751401911,0.3512058587678761,6.394761184624898e-05,8398
32.3_-97.6,32.29999999999994,-97.6000000000005,wspd_error_1h,0.05431082347613182,0.3987123575239602,0.8916541632049797,8398
32.3_-97.6,32.29999999999994,-97.6000000000005,temp_error_0h,0.5252300421960269,0.27252561567847344,0.05398003457967304,8398
32.3_-97.6,32.29999999999994,-97.6000000000005,wspd_error_0h,0.566380333070442,0.3702847077830523,0.12615840898612762,8398
32.3_-97.7,32.29999999999994,-97.7000000000005,temp_error_1h,-1.600889730049117,0.32418189422715404,8.035615282064867e-07,8398
32.3_-97.7,32.29999999999994,-97.7000000000005,wspd_error_1h,0.7510856623619453,0.3669289796412339,0.04069410363880266,8398
32.3_-97.7,32.29999999999994,-97.7000000000005,temp_error_0h,0.5065305367593199,0.2685339721239986,0.05929174097181078,8398
32.3_-97.7,32.29999999999994,-97.7000000000005,wspd_error_0h,0.36667113386013156,0.3650835644659605,0.3152397418501689,8398
32.3_-97.8,32.29999999999994,-97.8000000000005,temp_error_1h,-1.3184839889084676,0.3198149016609257,3.7816627129538816e-05,8398
32.3_-97.8,32.29999999999994,-97.8000000000005,wspd_error_1h,1.1901742475362376,0.3817802414893359,0.0018305282935893175,8398
32.3_-97.8,32.29999999999994,-97.8000000000005,temp_error_0h,0.4250128455799642,0.26870178568760145,0.1137497734860049,8398
32.3_-97.8,32.29999999999994,-97.8000000000005,wspd_error_0h,0.2696961092482335,0.36073010129495675,0.4546986099464698,8398
32.3_-98.2,32.29999999999994,-98.20000000000047,temp_error_1h,-0.7820301303259726,0.3307411756153196,0.018078246240883722,8398
32.3_-98.2,32.29999999999994,-98.20000000000047,wspd_error_1h,0.3874476371049495,0.37542753181647154,0.3020939698133007,8398
32.3_-98.2,32.29999999999994,-98.20000000000047,temp_error_0h,0.07498767866078235,0.2746951909943831,0.7848714586511845,8398
32.3_-98.2,32.29999999999994,-98.20000000000047,wspd_error_0h,0.09473493285828209,0.3735654770026429,0.799813466802084,8398
32.3_-98.5,32.29999999999994,-98.50000000000045,temp_error_1h,-0.4294591351706919,0.3368259983767641,0.2023384003148847,8398
32.3_-98.5,32.29999999999994,-98.50000000000045,wspd_error_1h,0.12065464439144671,0.37732454470906535,0.7491555581396034,8398
32.3_-98.5,32.29999999999994,-98.50000000000045,temp_error_0h,-0.03355830455810618,0.2699725198495931,0.9010786246881695,8398
32.3_-98.5,32.29999999999994,-98.50000000000045,wspd_error_0h,0.17289875700006882,0.372233245812387,0.6423085611437873,8398
32.3_-98.6,32.29999999999994,-98.60000000000045,temp_error_1h,-0.2995631247594561,0.31653323098544406,0.3439782935217961,8398
32.3_-98.6,32.29999999999994,-98.60000000000045,wspd_error_1h,0.8223436576347519,0.37450922319605606,0.028134357804574517,8398
32.3_-98.6,32.29999999999994,-98.60000000000045,temp_error_0h,-0.08044475232706838,0.2682043987998513,0.7642317343990921,8398
32.3_-98.6,32.29999999999994,-98.60000000000045,wspd_error_0h,-0.026313314158760075,0.3768207835552136,0.9443308113040136,8398
32.3_-98.7,32.29999999999994,-98.70000000000044,temp_error_1h,-0.18350912592760665,0.32880692446470006,0.5767869385188806,8398
32.3_-98.7,32.29999999999994,-98.70000000000044,wspd_error_1h,1.1819802740986578,0.3749256714929049,0.0016241126854728005,8398
32.3_-98.7,32.29999999999994,-98.70000000000044,temp_error_0h,-0.1274943542969772,0.2658241264185897,0.63151074551075,8398
32.3_-98.7,32.29999999999994,-98.70000000000044,wspd_error_0h,-0.05303457451035792,0.37706990324840944,0.8881504807393097,8398
32.3_-99.2,32.29999999999994,-99.20000000000041,temp_error_1h,-0.11262770216576931,0.3389120888927578,0.7396550021348449,8398
32.3_-99.2,32.29999999999994,-99.20000000000041,wspd_error_1h,0.8830076834521987,0.3675820949245686,0.016318240823783192,8398
32.3_-99.2,32.29999999999994,-99.20000000000041,temp_error_0h,-0.4384145531301777,0.2768143692089056,0.11328040894160729,8398
32.3_-99.2,32.29999999999994,-99.20000000000041,wspd_error_0h,-0.2944358374669778,0.360710682184623,0.41437132924095277,8398
32.3_-99.3,32.29999999999994,-99.30000000000041,temp_error_1h,-0.2377338722022151,0.342063742184389,0.487075411693894,8398
32.3_-99.3,32.29999999999994,-99.30000000000041,wspd_error_1h,0.8792842294821408,0.357604074671008,0.013959558489931467,8398
32.3_-99.3,32.29999999999994,-99.30000000000041,temp_error_0h,-0.45598288380104673,0.2797618276515592,0.10316101965687596,8398
32.3_-99.3,32.29999999999994,-99.30000000000041,wspd_error_0h,-0.2662120955113903,0.35826674702222316,0.45746893765907615,8398
32.3_-99.5,32.29999999999994,-99.5000000000004,temp_error_1h,0.22698162421230791,0.34009007542514075,0.5045247546426637,8398
32.3_-99.5,32.29999999999994,-99.5000000000004,wspd_error_1h,1.4558268509440315,0.37920377234774294,0.0001243633446568193,8398
32.3_-99.5,32.29999999999994,-99.5000000000004,temp_error_0h,-0.451801209646226,0.27817342676506823,0.10437703811657562,8398
32.3_-99.5,32.29999999999994,-99.5000000000004,wspd_error_0h,-0.21755864861979243,0.3600640047149225,0.5457123576794145,8398
32.3_-99.6,32.29999999999994,-99.60000000000039,temp_error_1h,0.09981896131020657,0.3433642100687092,0.7712813359255895,8398
32.3_-99.6,32.29999999999994,-99.60000000000039,wspd_error_1h,1.1667925155773717,0.37454212480766746,0.0018441109481288631,8398
32.3_-99.6,32.29999999999994,-99.60000000000039,temp_error_0h,-0.4260070600662178,0.28082391243064797,0.12930704373825774,8398
32.3_-99.6,32.29999999999994,-99.60000000000039,wspd_error_0h,-0.3502804662966871,0.3605585710230245,0.33133049013290483,8398
32.3_-99.7,32.29999999999994,-99.70000000000039,temp_error_1h,0.05666300495307566,0.34400061823090644,0.8691701362121784,8398
32.3_-99.7,32.29999999999994,-99.70000000000039,wspd_error_1h,0.8755864069964453,0.3579506866527289,0.014461208518357083,8398
32.3_-99.7,32.29999999999994,-99.70000000000039,temp_error_0h,-0.4053025041533188,0.28188600513963924,0.15052140420301674,8398
32.3_-99.7,32.29999999999994,-99.70000000000039,wspd_error_0h,-0.44102281295119666,0.35013597855873746,0.20785760240110163,8398
32.3_-99.8,32.29999999999994,-99.80000000000038,temp_error_1h,0.2605521803436491,0.34404414729705773,0.4488783652468622,8398
32.3_-99.8,32.29999999999994,-99.80000000000038,wspd_error_1h,1.5897583096431467,0.36578750605923793,1.4020353556354337e-05,8398
32.3_-99.8,32.29999999999994,-99.80000000000038,temp_error_0h,-0.44051377322096963,0.2785287748736765,0.11378477891938643,8398
32.3_-99.8,32.29999999999994,-99.80000000000038,wspd_error_0h,-0.6619256240983122,0.3417007112840647,0.05276063899306904,8398
32.3_-99.9,32.29999999999994,-99.90000000000038,temp_error_1h,0.44772189339406304,0.3420430829007535,0.1905827279657586,8398
32.3_-99.9,32.29999999999994,-99.90000000000038,wspd_error_1h,1.6982808831105332,0.37560327321242426,6.225629830325374e-06,8398
32.3_-99.9,32.29999999999994,-99.90000000000038,temp_error_0h,-0.46570045439935187,0.2821290366873529,0.09884463127940557,8398
32.3_-99.9,32.29999999999994,-99.90000000000038,wspd_error_0h,-0.6312036634621264,0.33951968033117885,0.06304699672899106,8398
32.4_-100.0,32.39999999999994,-100.00000000000037,temp_error_1h,0.2752467366219613,0.33810980138807806,0.41562518439140206,8398
32.4_-100.0,32.39999999999994,-100.00000000000037,wspd_error_1h,1.7278036040155877,0.3525288039774627,9.70603855510177e-07,8398
32.4_-100.0,32.39999999999994,-100.00000000000037,temp_error_0h,-0.5523433242481847,0.2762390615085676,0.045585302064473865,8398
32.4_-100.0,32.39999999999994,-100.00000000000037,wspd_error_0h,-0.5876485063027926,0.3317310861820118,0.0765206013580011,8398
32.4_-100.1,32.39999999999994,-100.10000000000036,temp_error_1h,0.4546874954143847,0.33537653088342717,0.17521463883329158,8398
32.4_-100.1,32.39999999999994,-100.10000000000036,wspd_error_1h,1.9554126057612826,0.3578578040297664,4.783340434855177e-08,8398
32.4_-100.1,32.39999999999994,-100.10000000000036,temp_error_0h,-0.6444958028988764,0.2806684727789714,0.02168401697215483,8398
32.4_-100.1,32.39999999999994,-100.10000000000036,wspd_error_0h,-0.6735370485068649,0.33671228177682533,0.04549650357466706,8398
32.4_-100.2,32.39999999999994,-100.20000000000036,temp_error_1h,0.5561717166411058,0.33348157221502234,0.09539817594730482,8398
32.4_-100.2,32.39999999999994,-100.20000000000036,wspd_error_1h,0.9729064617188272,0.37256044573501396,0.009033202465836387,8398
32.4_-100.2,32.39999999999994,-100.20000000000036,temp_error_0h,-0.6626274254440929,0.282537695969102,0.019036527309959084,8398
32.4_-100.2,32.39999999999994,-100.20000000000036,wspd_error_0h,-0.3274737283673918,0.3355517079713082,0.32912925209441735,8398
32.4_-100.3,32.39999999999994,-100.30000000000035,temp_error_1h,0.912752816304633,0.33058076496998967,0.005774009632476762,8398
32.4_-100.3,32.39999999999994,-100.30000000000035,wspd_error_1h,0.7238887030933411,0.36608612475204966,0.04803233089927539,8398
32.4_-100.3,32.39999999999994,-100.30000000000035,temp_error_0h,-0.6811589501675114,0.27983981490130977,0.014949549015938368,8398
32.4_-100.3,32.39999999999994,-100.30000000000035,wspd_error_0h,-0.1725783556792781,0.3295856145882749,0.6005552004303554,8398
32.4_-100.4,32.39999999999994,-100.40000000000035,temp_error_1h,0.992103339209657,0.3310609757341049,0.002736858000355058,8398
32.4_-100.4,32.39999999999994,-100.40000000000035,wspd_error_1h,0.9852758536902718,0.35477048608813644,0.0054948168245883,8398
32.4_-100.4,32.39999999999994,-100.40000000000035,temp_error_0h,-0.6736662580633638,0.2787621089598165,0.015686003884784805,8398
32.4_-100.4,32.39999999999994,-100.40000000000035,wspd_error_0h,-0.1698411313307401,0.3286276657072618,0.6052959602447026,8398
32.4_-100.5,32.39999999999994,-100.50000000000034,temp_error_1h,1.22453739081854,0.3368110599118742,0.00027891460730455897,8398
32.4_-100.5,32.39999999999994,-100.50000000000034,wspd_error_1h,0.9739970684600673,0.37359558205997545,0.009147777707023907,8398
32.4_-100.5,32.39999999999994,-100.50000000000034,temp_error_0h,-0.6888883323082249,0.27578280248459724,0.012510876369172808,8398
32.4_-100.5,32.39999999999994,-100.50000000000034,wspd_error_0h,-0.012282864582678878,0.3192424928597923,0.969309858806982,8398
32.4_-100.6,32.39999999999994,-100.60000000000034,temp_error_1h,1.3559893925069115,0.3444363304637201,8.323316249803092e-05,8398
32.4_-100.6,32.39999999999994,-100.60000000000034,wspd_error_1h,0.7626328420802451,0.3671937681566359,0.037839233825121665,8398
32.4_-100.6,32.39999999999994,-100.60000000000034,temp_error_0h,-0.649981808501094,0.2774363199623631,0.019162234911217935,8398
32.4_-100.6,32.39999999999994,-100.60000000000034,wspd_error_0h,0.06063182138553141,0.31673197167948175,0.8481938142498153,8398
32.4_-100.7,32.39999999999994,-100.70000000000033,temp_error_1h,1.079060438048114,0.3404613621470171,0.0015330168705058878,8398
32.4_-100.7,32.39999999999994,-100.70000000000033,wspd_error_1h,-0.22988319093027232,0.34488090366243473,0.505072785892454,8398
32.4_-100.7,32.39999999999994,-100.70000000000033,temp_error_0h,-0.5856733914566346,0.27721101944822235,0.03465304444846384,8398
32.4_-100.7,32.39999999999994,-100.70000000000033,wspd_error_0h,0.2844318411425748,0.3078256000749251,0.3555113281489275,8398
32.4_-102.6,32.39999999999994,-102.60000000000022,temp_error_1h,0.3460862960717298,0.3067090204266434,0.259189152818911,8398
32.4_-102.6,32.39999999999994,-102.60000000000022,wspd_error_1h,0.41784296846439883,0.36820061793296077,0.25648153969284904,8398
32.4_-102.6,32.39999999999994,-102.60000000000022,temp_error_0h,-0.2466333031571187,0.27748376403200714,0.37412505427714415,8398
32.4_-102.6,32.39999999999994,-102.60000000000022,wspd_error_0h,0.11919509157650582,0.30842520192698014,0.6991632493077538,8398
32.4_-102.8,32.39999999999994,-102.80000000000021,temp_error_1h,0.42319253886135355,0.3136213742652029,0.17725341552432905,8398
32.4_-102.8,32.39999999999994,-102.80000000000021,wspd_error_1h,0.7452207209159435,0.3690648428806156,0.04349689992051564,8398
32.4_-102.8,32.39999999999994,-102.80000000000021,temp_error_0h,-0.20537579644278683,0.2787718800407803,0.4613155567443912,8398
32.4_-102.8,32.39999999999994,-102.80000000000021,wspd_error_0h,0.08126342476412288,0.2979839054673575,0.7850822824424111,8398
32.4_-102.9,32.39999999999994,-102.9000000000002,temp_error_1h,0.3279399548846213,0.3159209247395889,0.29927940918776486,8398
32.4_-102.9,32.39999999999994,-102.9000000000002,wspd_error_1h,0.8013397125836935,0.36424010977996013,0.02783193577996168,8398
32.4_-102.9,32.39999999999994,-102.9000000000002,temp_error_0h,-0.16078889165946694,0.2819846554817707,0.5685544019345361,8398
32.4_-102.9,32.39999999999994,-102.9000000000002,wspd_error_0h,0.09491863901972131,0.29257568168002573,0.7456250018954078,8398
32.4_-97.0,32.39999999999994,-97.00000000000054,temp_error_1h,-1.6574156532101056,0.36767252088182867,6.637713686252766e-06,8398
32.4_-97.0,32.39999999999994,-97.00000000000054,wspd_error_1h,0.2435093515847121,0.3894107754050472,0.5317730683377704,8398
32.4_-97.0,32.39999999999994,-97.00000000000054,temp_error_0h,1.1135020104086288,0.28429373807768105,9.047254264116233e-05,8398
32.4_-97.0,32.39999999999994,-97.00000000000054,wspd_error_0h,0.6232126917692684,0.3755915825058724,0.09709632590977035,8398
32.4_-97.1,32.39999999999994,-97.10000000000053,temp_error_1h,-1.559255940026274,0.3621588312257851,1.685509590498846e-05,8398
32.4_-97.1,32.39999999999994,-97.10000000000053,wspd_error_1h,1.1534478794539542,0.3745011523966534,0.0020770194319383872,8398
32.4_-97.1,32.39999999999994,-97.10000000000053,temp_error_0h,0.9494754077163388,0.28890270109331556,0.001018633753760101,8398
32.4_-97.1,32.39999999999994,-97.10000000000053,wspd_error_0h,0.29463707124319954,0.37991314176575564,0.4380437784003208,8398
32.4_-97.2,32.39999999999994,-97.20000000000053,temp_error_1h,-1.4585638525766838,0.3598018341340147,5.084997914428513e-05,8398
32.4_-97.2,32.39999999999994,-97.20000000000053,wspd_error_1h,1.140490951668235,0.3818631697866976,0.002828724456411358,8398
32.4_-97.2,32.39999999999994,-97.20000000000053,temp_error_0h,0.8699356485642223,0.2903804608089189,0.0027448608861992962,8398
32.4_-97.2,32.39999999999994,-97.20000000000053,wspd_error_0h,0.2791185042280133,0.37492132015367813,0.456611782465719,8398
32.4_-97.3,32.39999999999994,-97.30000000000052,temp_error_1h,-1.6550413758494915,0.35492330970077907,3.1632157708738617e-06,8398
32.4_-97.3,32.39999999999994,-97.30000000000052,wspd_error_1h,0.3835954377352811,0.38466814546126676,0.318690812539856,8398
32.4_-97.3,32.39999999999994,-97.30000000000052,temp_error_0h,0.784539517829704,0.28738336839892126,0.00634784598303928,8398
32.4_-97.3,32.39999999999994,-97.30000000000052,wspd_error_0h,0.49561332022611765,0.3745536178889663,0.18580155454886493,8398
32.4_-97.4,32.39999999999994,-97.40000000000052,temp_error_1h,-1.7440793403832884,0.3366811796774142,2.2681027456172842e-07,8398
32.4_-97.4,32.39999999999994,-97.40000000000052,wspd_error_1h,0.024173425397027885,0.38756961815460195,0.9502682213847944,8398
32.4_-97.4,32.39999999999994,-97.40000000000052,temp_error_0h,0.6531198238939686,0.2806426831939137,0.019976842360255986,8398
32.4_-97.4,32.39999999999994,-97.40000000000052,wspd_error_0h,0.6788975489915364,0.37635697285307107,0.07128831513956801,8398
32.4_-97.5,32.39999999999994,-97.50000000000051,temp_error_1h,-1.808003264641202,0.3370431470763655,8.343503199448321e-08,8398
32.4_-97.5,32.39999999999994,-97.50000000000051,wspd_error_1h,0.03588851069052159,0.381254996140038,0.9250061090779491,8398
32.4_-97.5,32.39999999999994,-97.50000000000051,temp_error_0h,0.5653447777434507,0.27058016301129867,0.03670370212459906,8398
32.4_-97.5,32.39999999999994,-97.50000000000051,wspd_error_0h,0.7105169340395239,0.36637131095246084,0.052494100903603735,8398
32.4_-97.6,32.39999999999994,-97.6000000000005,temp_error_1h,-1.5336373580614548,0.3407624530505097,6.867733230553341e-06,8398
32.4_-97.6,32.39999999999994,-97.6000000000005,wspd_error_1h,-0.023939128002648608,0.3878478583054151,0.9507849107365516,8398
32.4_-97.6,32.39999999999994,-97.6000000000005,temp_error_0h,0.5033931325391923,0.2729222943675608,0.06515210196527121,8398
32.4_-97.6,32.39999999999994,-97.6000000000005,wspd_error_0h,0.6703241781246911,0.37054056403517643,0.07048009470529015,8398
32.4_-97.7,32.39999999999994,-97.7000000000005,temp_error_1h,-1.4806689971692732,0.3226915972653761,4.52961802799301e-06,8398
32.4_-97.7,32.39999999999994,-97.7000000000005,wspd_error_1h,1.0908681006740344,0.37896633130052515,0.004005397352325302,8398
32.4_-97.7,32.39999999999994,-97.7000000000005,temp_error_0h,0.46570287931155646,0.2677762953559746,0.08204538149031082,8398
32.4_-97.7,32.39999999999994,-97.7000000000005,wspd_error_0h,0.36941779805688396,0.3658301423994204,0.3126170583090613,8398
32.4_-98.4,32.39999999999994,-98.40000000000046,temp_error_1h,-0.6946809171880782,0.3324964533164318,0.03671196098433804,8398
32.4_-98.4,32.39999999999994,-98.40000000000046,wspd_error_1h,0.32477345418906506,0.3565416356311569,0.36237481678754646,8398
32.4_-98.4,32.39999999999994,-98.40000000000046,temp_error_0h,-0.07109649419216268,0.2752810148622811,0.7962058332350241,8398
32.4_-98.4,32.39999999999994,-98.40000000000046,wspd_error_0h,0.08053285270948743,0.38402691422926044,0.8339020421057057,8398
32.4_-98.5,32.39999999999994,-98.50000000000045,temp_error_1h,-0.4804988046778288,0.32864606268010266,0.1437635901142753,8398
32.4_-98.5,32.39999999999994,-98.50000000000045,wspd_error_1h,0.6831689655714739,0.37003826470255125,0.06489682005326558,8398
32.4_-98.5,32.39999999999994,-98.50000000000045,temp_error_0h,-0.187782820990633,0.2691344022714235,0.4853662330854984,8398
32.4_-98.5,32.39999999999994,-98.50000000000045,wspd_error_0h,0.03241433171763627,0.3824965140089807,0.9324668470211348,8398
32.4_-98.6,32.39999999999994,-98.60000000000045,temp_error_1h,-0.4215904971679011,0.3313623326111107,0.2033038796982356,8398
32.4_-98.6,32.39999999999994,-98.60000000000045,wspd_error_1h,0.8102614074908081,0.402944129028461,0.04437304816525467,8398
32.4_-98.6,32.39999999999994,-98.60000000000045,temp_error_0h,-0.2307706863164652,0.27035244234085165,0.3933555519749967,8398
32.4_-98.6,32.39999999999994,-98.60000000000045,wspd_error_0h,-0.01685388116789032,0.3853745706208755,0.9651176688177583,8398
32.4_-98.7,32.39999999999994,-98.70000000000044,temp_error_1h,-0.3603077985834838,0.31473832799771917,0.25233091160573906,8398
32.4_-98.7,32.39999999999994,-98.70000000000044,wspd_error_1h,1.259759565117859,0.3706954661706558,0.0006810584080836346,8398
32.4_-98.7,32.39999999999994,-98.70000000000044,temp_error_0h,-0.23432450858218398,0.2675062442064293,0.3810774896243707,8398
32.4_-98.7,32.39999999999994,-98.70000000000044,wspd_error_0h,-0.07424838685871472,0.37630998020176865,0.8435925299957867,8398
32.4_-98.8,32.39999999999994,-98.80000000000044,temp_error_1h,-0.15948728530362932,0.31987638388622847,0.618081112848818,8398
32.4_-98.8,32.39999999999994,-98.80000000000044,wspd_error_1h,1.1904214691067012,0.3644404097888751,0.0010934940880915622,8398
32.4_-98.8,32.39999999999994,-98.80000000000044,temp_error_0h,-0.2857115275142885,0.2667693121722448,0.2841976757685578,8398
32.4_-98.8,32.39999999999994,-98.80000000000044,wspd_error_0h,-0.1347815222690184,0.37071461287313545,0.7161866972295328,8398
32.4_-98.9,32.39999999999994,-98.90000000000043,temp_error_1h,-0.17470306310186298,0.3277047376551573,0.5939707903977465,8398
32.4_-98.9,32.39999999999994,-98.90000000000043,wspd_error_1h,1.413474262923215,0.3678556374718085,0.0001227042627178765,8398
32.4_-98.9,32.39999999999994,-98.90000000000043,temp_error_0h,-0.3547029058799346,0.269947274407883,0.18889201451868676,8398
32.4_-98.9,32.39999999999994,-98.90000000000043,wspd_error_0h,-0.40167701544976453,0.3674929391385649,0.27441666804957254,8398
32.4_-99.0,32.39999999999994,-99.00000000000043,temp_error_1h,-0.32809213915983226,0.3330432445018221,0.3245869023181913,8398
32.4_-99.0,32.39999999999994,-99.00000000000043,wspd_error_1h,0.9389851472697499,0.38325225278060554,0.014304217048323187,8398
32.4_-99.0,32.39999999999994,-99.00000000000043,temp_error_0h,-0.40313007679189916,0.2687573116564263,0.13365786039000116,8398
32.4_-99.0,32.39999999999994,-99.00000000000043,wspd_error_0h,-0.3480641851851447,0.35697408965856653,0.329568409696553,8398
32.4_-99.1,32.39999999999994,-99.10000000000042,temp_error_1h,-0.1182746143809947,0.3371096557104283,0.7257104148797777,8398
32.4_-99.1,32.39999999999994,-99.10000000000042,wspd_error_1h,0.6386401815516707,0.37552238083488154,0.0890419137137688,8398
32.4_-99.1,32.39999999999994,-99.10000000000042,temp_error_0h,-0.4940108058171999,0.2746251900794111,0.07207774408979661,8398
32.4_-99.1,32.39999999999994,-99.10000000000042,wspd_error_0h,-0.29443810101180884,0.3613214091185507,0.4151570792974606,8398
32.4_-99.2,32.39999999999994,-99.20000000000041,temp_error_1h,-0.03620052003560947,0.33148478907592455,0.9130407854638092,8398
32.4_-99.2,32.39999999999994,-99.20000000000041,wspd_error_1h,1.2027962780882984,0.3744306608129106,0.001321604379177277,8398
32.4_-99.2,32.39999999999994,-99.20000000000041,temp_error_0h,-0.574390505294832,0.27530396502873833,0.036973863172092836,8398
32.4_-99.2,32.39999999999994,-99.20000000000041,wspd_error_0h,-0.38684644709630034,0.35503812336693946,0.27592464242744974,8398
32.4_-99.3,32.39999999999994,-99.30000000000041,temp_error_1h,-0.17786075651692101,0.3283871924733239,0.5880954119062656,8398
32.4_-99.3,32.39999999999994,-99.30000000000041,wspd_error_1h,1.7057540110752063,0.3569659575670622,1.7963972223089542e-06,8398
32.4_-99.3,32.39999999999994,-99.30000000000041,temp_error_0h,-0.5985932584915029,0.2777307927990185,0.031166814342732163,8398
32.4_-99.3,32.39999999999994,-99.30000000000041,wspd_error_0h,-0.4848034770938638,0.35393404426549985,0.1707997139168007,8398
32.4_-99.4,32.39999999999994,-99.4000000000004,temp_error_1h,-0.0009859112535965833,0.33815145833055327,0.9976737680744618,8398
32.4_-99.4,32.39999999999994,-99.4000000000004,wspd_error_1h,1.2134807043263458,0.3579072915244785,0.0007009116028522389,8398
32.4_-99.4,32.39999999999994,-99.4000000000004,temp_error_0h,-0.5590096285542808,0.2806041634069285,0.046385506088577166,8398
32.4_-99.4,32.39999999999994,-99.4000000000004,wspd_error_0h,-0.42851489843853574,0.36208853758438214,0.23666318514418183,8398
32.4_-99.5,32.39999999999994,-99.5000000000004,temp_error_1h,-0.005149053197347497,0.34666881415221634,0.9881498539783957,8398
32.4_-99.5,32.39999999999994,-99.5000000000004,wspd_error_1h,0.6875320464677163,0.3881631256022227,0.07655639096642819,8398
32.4_-99.5,32.39999999999994,-99.5000000000004,temp_error_0h,-0.48383920006861664,0.2766296448850226,0.08031901612483683,8398
32.4_-99.5,32.39999999999994,-99.5000000000004,wspd_error_0h,-0.22201642889446943,0.35925015263633797,0.5365924848473307,8398
32.4_-99.7,32.39999999999994,-99.70000000000039,temp_error_1h,0.03336854245792219,0.3337105725905038,0.9203527070061202,8398
32.4_-99.7,32.39999999999994,-99.70000000000039,wspd_error_1h,1.5099892762255682,0.3771319229849635,6.285247594561838e-05,8398
32.4_-99.7,32.39999999999994,-99.70000000000039,temp_error_0h,-0.48053775962786627,0.27595938085315236,0.08166165645387347,8398
32.4_-99.7,32.39999999999994,-99.70000000000039,wspd_error_0h,-0.6140378227104532,0.34789994705702726,0.07760298584660785,8398
32.4_-99.8,32.39999999999994,-99.80000000000038,temp_error_1h,0.20619486094718942,0.3290663583830823,0.5309348385360528,8398
32.4_-99.8,32.39999999999994,-99.80000000000038,wspd_error_1h,1.9580652926323874,0.3951825282815298,7.381186084565172e-07,8398
32.4_-99.8,32.39999999999994,-99.80000000000038,temp_error_0h,-0.5479342102169125,0.27399309606381006,0.045553066922004115,8398
32.4_-99.8,32.39999999999994,-99.80000000000038,wspd_error_0h,-0.7009290600616547,0.3410908405698028,0.0399135977290721,8398
32.4_-99.9,32.39999999999994,-99.90000000000038,temp_error_1h,0.4009245206132673,0.3318456815955625,0.22701778049489363,8398
32.4_-99.9,32.39999999999994,-99.90000000000038,wspd_error_1h,1.8195682859692175,0.3601992288773253,4.474896357908875e-07,8398
32.4_-99.9,32.39999999999994,-99.90000000000038,temp_error_0h,-0.5902603864564556,0.27609556274315705,0.032555058137274884,8398
32.4_-99.9,32.39999999999994,-99.90000000000038,wspd_error_0h,-0.6643704252914039,0.33762264114558554,0.04912523547284309,8398
32.5_-100.6,32.49999999999994,-100.60000000000034,temp_error_1h,1.4489206185214198,0.3378538404903452,1.8182357058416088e-05,8398
32.5_-100.6,32.49999999999994,-100.60000000000034,wspd_error_1h,1.0394885170856603,0.3719689773845626,0.005208933211648947,8398
32.5_-100.6,32.49999999999994,-100.60000000000034,temp_error_0h,-0.6761802425142059,0.27066043253871674,0.012499510139444947,8398
32.5_-100.6,32.49999999999994,-100.60000000000034,wspd_error_0h,-0.056264769616455344,0.3059821705902439,0.8541100875044318,8398
32.5_-100.7,32.49999999999994,-100.70000000000033,temp_error_1h,1.4560774045603333,0.33929524268789746,1.7949073493728207e-05,8398
32.5_-100.7,32.49999999999994,-100.70000000000033,wspd_error_1h,0.5658150755696014,0.3594219598842743,0.11547070185344777,8398
32.5_-100.7,32.49999999999994,-100.70000000000033,temp_error_0h,-0.6920641406515324,0.2714978695484321,0.010819112787007867,8398
32.5_-100.7,32.49999999999994,-100.70000000000033,wspd_error_0h,0.015635594310588283,0.2991148424736687,0.9583125117931717,8398
32.5_-101.3,32.49999999999994,-101.3000000000003,temp_error_1h,1.5159760869645509,0.3226205080280231,2.656887245100492e-06,8398
32.5_-101.3,32.49999999999994,-101.3000000000003,wspd_error_1h,1.1309921201009003,0.36212652300256803,0.001795099841283454,8398
32.5_-101.3,32.49999999999994,-101.3000000000003,temp_error_0h,-0.6125962964831008,0.26534007234543394,0.020983330926891863,8398
32.5_-101.3,32.49999999999994,-101.3000000000003,wspd_error_0h,0.17414879624710192,0.29069158461974687,0.5491328388374854,8398
32.5_-102.7,32.49999999999994,-102.70000000000022,temp_error_1h,0.5785713359836152,0.308814185767507,0.06103069352048962,8398
32.5_-102.7,32.49999999999994,-102.70000000000022,wspd_error_1h,0.6928986421940615,0.37528823059440725,0.06488246040275158,8398
32.5_-102.7,32.49999999999994,-102.70000000000022,temp_error_0h,-0.26297025497155774,0.26629295746118115,0.32341521067435597,8398
32.5_-102.7,32.49999999999994,-102.70000000000022,wspd_error_0h,0.03308794208456046,0.2897134487100012,0.9090747006069639,8398
32.5_-95.7,32.49999999999994,-95.70000000000061,temp_error_1h,-1.684400464182481,0.3185116183034965,1.2654959058444604e-07,8398
32.5_-95.7,32.49999999999994,-95.70000000000061,wspd_error_1h,0.6121759529006463,0.4098634716046662,0.13531548623736245,8398
32.5_-95.7,32.49999999999994,-95.70000000000061,temp_error_0h,0.8099451797185974,0.2668055254498437,0.002407061119875209,8398
32.5_-95.7,32.49999999999994,-95.70000000000061,wspd_error_0h,1.1898039819438169,0.4088737429209557,0.0036243538210325443,8398
32.5_-96.4,32.49999999999994,-96.40000000000057,temp_error_1h,-0.8088131742864394,0.34879212204703897,0.020424595840391246,8398
32.5_-96.4,32.49999999999994,-96.40000000000057,wspd_error_1h,0.4323776156654406,0.40472501784835946,0.28540506309117486,8398
32.5_-96.4,32.49999999999994,-96.40000000000057,temp_error_0h,0.8158335016903151,0.2776047414906119,0.003303536102492899,8398
32.5_-96.4,32.49999999999994,-96.40000000000057,wspd_error_0h,1.7809839103259262,0.3875438630674369,4.3790419965716865e-06,8398
32.5_-96.9,32.49999999999994,-96.90000000000055,temp_error_1h,-1.2143512572152735,0.3578723394257907,0.0006938872129287343,8398
32.5_-96.9,32.49999999999994,-96.90000000000055,wspd_error_1h,0.3835829222989985,0.38465425686030136,0.31868912908260905,8398
32.5_-96.9,32.49999999999994,-96.90000000000055,temp_error_0h,1.0110606847247512,0.2816762084645327,0.0003332841628689298,8398
32.5_-96.9,32.49999999999994,-96.90000000000055,wspd_error_0h,0.9845491784799087,0.3738488239826924,0.008465329776160768,8398
32.5_-97.0,32.49999999999994,-97.00000000000054,temp_error_1h,-1.2765420870951636,0.35941382579834136,0.0003848102301566847,8398
32.5_-97.0,32.49999999999994,-97.00000000000054,wspd_error_1h,-0.09758057787952079,0.39248805950221427,0.803660458997038,8398
32.5_-97.0,32.49999999999994,-97.00000000000054,temp_error_0h,1.1296182850166163,0.28181757099441673,6.168069320922065e-05,8398
32.5_-97.0,32.49999999999994,-97.00000000000054,wspd_error_0h,0.810657070410859,0.3642213337056274,0.026059083671398753,8398
32.5_-97.1,32.49999999999994,-97.10000000000053,temp_error_1h,-1.1094143033021544,0.35940943719949703,0.0020300642450177264,8398
32.5_-97.1,32.49999999999994,-97.10000000000053,wspd_error_1h,1.0415897295936898,0.3735233480817517,0.005306379269515604,8398
32.5_-97.1,32.49999999999994,-97.10000000000053,temp_error_0h,0.9251458282885896,0.2878791168027534,0.0013155200593397698,8398
32.5_-97.1,32.49999999999994,-97.10000000000053,wspd_error_0h,0.37196665486178804,0.36738906544441674,0.31134758004483265,8398
32.5_-97.2,32.49999999999994,-97.20000000000053,temp_error_1h,-1.2609001529663468,0.35674372450929165,0.00041080286462613635,8398
32.5_-97.2,32.49999999999994,-97.20000000000053,wspd_error_1h,0.8067524806128772,0.38240914976017226,0.03491749147155088,8398
32.5_-97.2,32.49999999999994,-97.20000000000053,temp_error_0h,0.8372299747927316,0.28817529592879504,0.003678871984905463,8398
32.5_-97.2,32.49999999999994,-97.20000000000053,wspd_error_0h,0.39085760680781,0.35965988327667364,0.2771820638304048,8398
32.5_-97.3,32.49999999999994,-97.30000000000052,temp_error_1h,-1.5925788135632166,0.3484904387496356,4.948784178893106e-06,8398
32.5_-97.3,32.49999999999994,-97.30000000000052,wspd_error_1h,0.05780599539260727,0.387837266765966,0.881520114217345,8398
32.5_-97.3,32.49999999999994,-97.30000000000052,temp_error_0h,0.7447072119851484,0.28549531917303594,0.009110873537556019,8398
32.5_-97.3,32.49999999999994,-97.30000000000052,wspd_error_0h,0.6186159416318048,0.36053448440920927,0.086230200836801,8398
32.5_-97.4,32.49999999999994,-97.40000000000052,temp_error_1h,-1.9737287332402775,0.34223274737274034,8.346221491706274e-09,8398
32.5_-97.4,32.49999999999994,-97.40000000000052,wspd_error_1h,-0.49744219031534126,0.37521912341621916,0.18496278976459002,8398
32.5_-97.4,32.49999999999994,-97.40000000000052,temp_error_0h,0.6501478648667176,0.27986021817656676,0.020196782540185865,8398
32.5_-97.4,32.49999999999994,-97.40000000000052,wspd_error_0h,0.8300245767839928,0.3621872198954773,0.02194769709213773,8398
32.5_-97.5,32.49999999999994,-97.50000000000051,temp_error_1h,-1.7109735381002662,0.34532064735495804,7.384938407462016e-07,8398
32.5_-97.5,32.49999999999994,-97.50000000000051,wspd_error_1h,-0.39715454253413274,0.3805196165861758,0.29664683987201856,8398
32.5_-97.5,32.49999999999994,-97.50000000000051,temp_error_0h,0.5104486112898988,0.26869343786721384,0.05750118524482617,8398
32.5_-97.5,32.49999999999994,-97.50000000000051,wspd_error_0h,0.8033569494477173,0.3504750708652626,0.02191917828969392,8398
32.5_-98.0,32.49999999999994,-98.00000000000048,temp_error_1h,-1.2058026889859979,0.3163896197008174,0.0001393248835237504,8398
32.5_-98.0,32.49999999999994,-98.00000000000048,wspd_error_1h,0.411741057955706,0.38466098850808433,0.2844702912757595,8398
32.5_-98.0,32.49999999999994,-98.00000000000048,temp_error_0h,0.06911130443245636,0.25735207090662493,0.7882843998057583,8398
32.5_-98.0,32.49999999999994,-98.00000000000048,wspd_error_0h,0.6280127784457198,0.3489857765258991,0.07196985592860083,8398
32.5_-98.1,32.49999999999994,-98.10000000000048,temp_error_1h,-1.276092209906272,0.3230851225120295,7.888935969946331e-05,8398
32.5_-98.1,32.49999999999994,-98.10000000000048,wspd_error_1h,0.20880576173040338,0.37414044661048,0.5767947421336959,8398
32.5_-98.1,32.49999999999994,-98.10000000000048,temp_error_0h,0.03973663928584772,0.262073601590352,0.8794871888741951,8398
32.5_-98.1,32.49999999999994,-98.10000000000048,wspd_error_0h,0.4718687626155245,0.35708833727902495,0.1863927886460377,8398
32.5_-98.2,32.49999999999994,-98.20000000000047,temp_error_1h,-1.0716428560349895,0.31816115841969916,0.0007599180523749638,8398
32.5_-98.2,32.49999999999994,-98.20000000000047,wspd_error_1h,0.5716783486545807,0.3695152944204962,0.12187619708336461,8398
32.5_-98.2,32.49999999999994,-98.20000000000047,temp_error_0h,-0.026948719710416857,0.25965509580448154,0.917341190998318,8398
32.5_-98.2,32.49999999999994,-98.20000000000047,wspd_error_0h,0.19579734024651596,0.3520228649047371,0.5780847164898395,8398
32.5_-98.3,32.49999999999994,-98.30000000000047,temp_error_1h,-0.4210651633038268,0.29990386523035073,0.16035587835583942,8398
32.5_-98.3,32.49999999999994,-98.30000000000047,wspd_error_1h,1.2708638173664528,0.3585156145467218,0.00039506910213815694,8398
32.5_-98.3,32.49999999999994,-98.30000000000047,temp_error_0h,-0.1172169191163772,0.26140517301479366,0.6538683303787804,8398
32.5_-98.3,32.49999999999994,-98.30000000000047,wspd_error_0h,-0.06681082421786212,0.3530030886346719,0.8498904001398353,8398
32.5_-98.4,32.49999999999994,-98.40000000000046,temp_error_1h,-0.2664609268500005,0.3032606822255031,0.3796146809091294,8398
32.5_-98.4,32.49999999999994,-98.40000000000046,wspd_error_1h,1.281390021998956,0.3471669190525092,0.00022480328756335766,8398
32.5_-98.4,32.49999999999994,-98.40000000000046,temp_error_0h,-0.2507921044687142,0.2639573271965806,0.34207689629831095,8398
32.5_-98.4,32.49999999999994,-98.40000000000046,wspd_error_0h,-0.08899645490595764,0.3688033999906276,0.8093197176591009,8398
32.5_-98.5,32.49999999999994,-98.50000000000045,temp_error_1h,-0.2154950919640896,0.3047676430181645,0.4795365082697365,8398
32.5_-98.5,32.49999999999994,-98.50000000000045,wspd_error_1h,1.5193868286436707,0.34458753292087235,1.0500681298264425e-05,8398
32.5_-98.5,32.49999999999994,-98.50000000000045,temp_error_0h,-0.32362252150116155,0.26101033827263376,0.21505314976033163,8398
32.5_-98.5,32.49999999999994,-98.50000000000045,wspd_error_0h,-0.08691516274521269,0.3712376857760643,0.8148954731027391,8398
32.5_-98.6,32.49999999999994,-98.60000000000045,temp_error_1h,-0.07154070489943344,0.3289814916299619,0.8278542628555496,8398
32.5_-98.6,32.49999999999994,-98.60000000000045,wspd_error_1h,1.502385184176092,0.3899720337864831,0.00011777028066917161,8398
32.5_-98.6,32.49999999999994,-98.60000000000045,temp_error_0h,-0.38701879363761615,0.26614048953525155,0.14593124192874796,8398
32.5_-98.6,32.49999999999994,-98.60000000000045,wspd_error_0h,-0.16888746365988913,0.37432956489256336,0.651876439227957,8398
32.5_-98.7,32.49999999999994,-98.70000000000044,temp_error_1h,-0.12780344522124318,0.3312783297835418,0.6996629657299986,8398
32.5_-98.7,32.49999999999994,-98.70000000000044,wspd_error_1h,1.290457107265715,0.38880574444231086,0.0009071788899068789,8398
32.5_-98.7,32.49999999999994,-98.70000000000044,temp_error_0h,-0.3685939836420154,0.2637642840340497,0.16231928466739465,8398
32.5_-98.7,32.49999999999994,-98.70000000000044,wspd_error_0h,-0.10846637092574571,0.36207408429491567,0.764512963584699,8398
32.5_-99.7,32.49999999999994,-99.70000000000039,temp_error_1h,0.21111928709068958,0.324612266969183,0.5154687302876892,8398
32.5_-99.7,32.49999999999994,-99.70000000000039,wspd_error_1h,1.3539006889986633,0.37981847598854734,0.0003664468561093148,8398
32.5_-99.7,32.49999999999994,-99.70000000000039,temp_error_0h,-0.5409535940354245,0.26823908875271757,0.04376038264363613,8398
32.5_-99.7,32.49999999999994,-99.70000000000039,wspd_error_0h,-0.5421050446819908,0.33365344797079427,0.10425252824933717,8398
32.6_-100.7,32.599999999999945,-100.70000000000033,temp_error_1h,1.5498256447770682,0.3387717652611037,4.834609506509935e-06,8398
32.6_-100.7,32.599999999999945,-100.70000000000033,wspd_error_1h,0.7893410290663219,0.37400020819931473,0.03484181986032575,8398
32.6_-100.7,32.599999999999945,-100.70000000000033,temp_error_0h,-0.7105523123829351,0.27276173319288183,0.0092029170078205,8398
32.6_-100.7,32.599999999999945,-100.70000000000033,wspd_error_0h,-0.026621152839945036,0.3086641090720878,0.9312726522515016,8398
32.6_-100.8,32.599999999999945,-100.80000000000032,temp_error_1h,1.5843955566109493,0.3324369718422558,1.9108961444302963e-06,8398
32.6_-100.8,32.599999999999945,-100.80000000000032,wspd_error_1h,0.266349876643613,0.35755993160178196,0.45634723487483386,8398
32.6_-100.8,32.599999999999945,-100.80000000000032,temp_error_0h,-0.7341343397585306,0.27201890271074214,0.006972241619316977,8398
32.6_-100.8,32.599999999999945,-100.80000000000032,wspd_error_0h,0.0026680114068722595,0.30485545235919165,0.9930174309575985,8398
32.6_-101.0,32.599999999999945,-101.00000000000031,temp_error_1h,1.1591681703106849,0.31137257317635797,0.0001983447095734725,8398
32.6_-101.0,32.599999999999945,-101.00000000000031,wspd_error_1h,0.29319041679686364,0.33313010660977704,0.3788262059337004,8398
32.6_-101.0,32.599999999999945,-101.00000000000031,temp_error_0h,-0.6425264581651329,0.26377292955169157,0.014875238157397552,8398
32.6_-101.0,32.599999999999945,-101.00000000000031,wspd_error_0h,-0.14393575291832442,0.29652937531331414,0.6274044157758272,8398
32.6_-96.6,32.599999999999945,-96.60000000000056,temp_error_1h,-0.6090677512564779,0.33610536875784647,0.07000147142750857,8398
32.6_-96.6,32.599999999999945,-96.60000000000056,wspd_error_1h,0.4764091306615322,0.4035251042869707,0.23778798750735541,8398
32.6_-96.6,32.599999999999945,-96.60000000000056,temp_error_0h,0.8888988787571086,0.2828378754060795,0.0016793347771701939,8398
32.6_-96.6,32.599999999999945,-96.60000000000056,wspd_error_0h,1.6545287669222932,0.4094904639819039,5.3825014763475565e-05,8398
32.6_-96.8,32.599999999999945,-96.80000000000055,temp_error_1h,-0.8221987685932365,0.37126789184693926,0.02681646751760236,8398
32.6_-96.8,32.599999999999945,-96.80000000000055,wspd_error_1h,0.7978658494013497,0.41089398242899666,0.05219726679092518,8398
32.6_-96.8,32.599999999999945,-96.80000000000055,temp_error_0h,0.9027813398800185,0.2871292356195199,0.0016714565320341546,8398
32.6_-96.8,32.599999999999945,-96.80000000000055,wspd_error_0h,1.3648786526864167,0.4149106930407977,0.0010075517990082439,8398
32.6_-96.9,32.599999999999945,-96.90000000000055,temp_error_1h,-1.002612307467209,0.35837938150994203,0.005159711698223379,8398
32.6_-96.9,32.599999999999945,-96.90000000000055,wspd_error_1h,0.3484913449714281,0.41476331808809525,0.4008105600245697,8398
32.6_-96.9,32.599999999999945,-96.90000000000055,temp_error_0h,0.9824233335817744,0.29000747596871773,0.0007083780952032992,8398
32.6_-96.9,32.599999999999945,-96.90000000000055,wspd_error_0h,1.1583977689756346,0.41438423724339607,0.0051942936245712445,8398
32.6_-97.0,32.599999999999945,-97.00000000000054,temp_error_1h,-0.9913707915190768,0.3568947111585193,0.0054855715149380035,8398
32.6_-97.0,32.599999999999945,-97.00000000000054,wspd_error_1h,-0.28530803330978843,0.4190950272210884,0.49603482406472477,8398
32.6_-97.0,32.599999999999945,-97.00000000000054,temp_error_0h,1.0818093228795849,0.2907213351924678,0.0001996414605176522,8398
32.6_-97.0,32.599999999999945,-97.00000000000054,wspd_error_0h,0.9716391052465084,0.40467449945131295,0.016370327397400297,8398
32.6_-97.1,32.599999999999945,-97.10000000000053,temp_error_1h,-1.311042139482684,0.34836729332776195,0.00016877274501836403,8398
32.6_-97.1,32.599999999999945,-97.10000000000053,wspd_error_1h,0.8033747006882451,0.39739411444957384,0.04324878697751511,8398
32.6_-97.1,32.599999999999945,-97.10000000000053,temp_error_0h,0.8074337382649006,0.29075576145306486,0.005498251804042731,8398
32.6_-97.1,32.599999999999945,-97.10000000000053,wspd_error_0h,0.6251360343114996,0.40724111028600946,0.12480906450614593,8398
32.6_-97.2,32.599999999999945,-97.20000000000053,temp_error_1h,-1.211938120844823,0.348786569878125,0.00051396833564743,8398
32.6_-97.2,32.599999999999945,-97.20000000000053,wspd_error_1h,0.5759183083499968,0.3962680300732916,0.1461626372283551,8398
32.6_-97.2,32.599999999999945,-97.20000000000053,temp_error_0h,0.6447133765362449,0.2925611469338123,0.027573496775088246,8398
32.6_-97.2,32.599999999999945,-97.20000000000053,wspd_error_0h,0.6298858610281399,0.4015652391023211,0.11678447933395941,8398
32.6_-97.3,32.599999999999945,-97.30000000000052,temp_error_1h,-1.5114808953004433,0.33864393333881443,8.175205743032876e-06,8398
32.6_-97.3,32.599999999999945,-97.30000000000052,wspd_error_1h,0.42343122555307783,0.39861678531307765,0.2881522843125517,8398
32.6_-97.3,32.599999999999945,-97.30000000000052,temp_error_0h,0.4889478271126838,0.28900544328106187,0.09071584381780684,8398
32.6_-97.3,32.599999999999945,-97.30000000000052,wspd_error_0h,0.6896937594658495,0.3919540280215574,0.07850728278543495,8398
32.6_-97.4,32.599999999999945,-97.40000000000052,temp_error_1h,-1.5291985101653744,0.3286160054728169,3.314503540075009e-06,8398
32.6_-97.4,32.599999999999945,-97.40000000000052,wspd_error_1h,-0.4005116199831224,0.39465801856313726,0.3102152594471195,8398
32.6_-97.4,32.599999999999945,-97.40000000000052,temp_error_0h,0.4392454663167853,0.2846506297691297,0.12284346255274059,8398
32.6_-97.4,32.599999999999945,-97.40000000000052,wspd_error_0h,0.8522964483427842,0.3790111362291694,0.024555164843286015,8398
32.6_-97.5,32.599999999999945,-97.50000000000051,temp_error_1h,-0.9648301626723802,0.341311671316739,0.004712293053708683,8398
32.6_-97.5,32.599999999999945,-97.50000000000051,wspd_error_1h,0.47295585276204605,0.3760484140780529,0.20853564748111886,8398
32.6_-97.5,32.599999999999945,-97.50000000000051,temp_error_0h,0.3313769299019023,0.27449352687815654,0.22737759795356993,8398
32.6_-97.5,32.599999999999945,-97.50000000000051,wspd_error_0h,0.5912713118469506,0.35491202599586397,0.0957577010821542,8398
32.6_-97.6,32.599999999999945,-97.6000000000005,temp_error_1h,-1.5074514865828719,0.3370867913136551,7.851558897931099e-06,8398
32.6_-97.6,32.599999999999945,-97.6000000000005,wspd_error_1h,0.2508462786874235,0.35432726505737244,0.4789955433244557,8398
32.6_-97.6,32.599999999999945,-97.6000000000005,temp_error_0h,0.3148880664950295,0.2735389100511036,0.24969783019102376,8398
32.6_-97.6,32.599999999999945,-97.6000000000005,wspd_error_0h,0.5676052902681339,0.35980408186596874,0.11470920583070332,8398
32.6_-97.7,32.599999999999945,-97.7000000000005,temp_error_1h,-1.5309325348991707,0.3444853338414102,8.939219688253175e-06,8398
32.6_-97.7,32.599999999999945,-97.7000000000005,wspd_error_1h,-0.5970970987157025,0.38089635016419454,0.1170099374085325,8398
32.6_-97.7,32.599999999999945,-97.7000000000005,temp_error_0h,0.25952783477013036,0.2695068861634864,0.33558897601417526,8398
32.6_-97.7,32.599999999999945,-97.7000000000005,wspd_error_0h,0.7029410936128491,0.35897810617883685,0.050242987073618295,8398
32.6_-97.8,32.599999999999945,-97.8000000000005,temp_error_1h,-1.5371661829064132,0.3185349716807342,1.4195775352998652e-06,8398
32.6_-97.8,32.599999999999945,-97.8000000000005,wspd_error_1h,0.015368228887641238,0.3745129825919876,0.967268785072037,8398
32.6_-97.8,32.599999999999945,-97.8000000000005,temp_error_0h,0.13618162563090577,0.26459188475275247,0.6067863698402709,8398
32.6_-97.8,32.599999999999945,-97.8000000000005,wspd_error_0h,0.5716317268896388,0.36182533010775364,0.11417781927913384,8398
32.6_-97.9,32.599999999999945,-97.90000000000049,temp_error_1h,-1.3623301606210019,0.3066630218536943,9.009220590439071e-06,8398
32.6_-97.9,32.599999999999945,-97.90000000000049,wspd_error_1h,0.652774285429302,0.37110277072978526,0.07861203953283713,8398
32.6_-97.9,32.599999999999945,-97.90000000000049,temp_error_0h,-0.011684757249113978,0.2613658715458763,0.964342308961702,8398
32.6_-97.9,32.599999999999945,-97.90000000000049,wspd_error_0h,0.40835484418278195,0.36691474368437327,0.26576533736309793,8398
32.6_-98.0,32.599999999999945,-98.00000000000048,temp_error_1h,-1.193358090967375,0.3029691286398948,8.252978132494704e-05,8398
32.6_-98.0,32.599999999999945,-98.00000000000048,wspd_error_1h,0.9504699800030955,0.3611968782907828,0.008517861112465885,8398
32.6_-98.0,32.599999999999945,-98.00000000000048,temp_error_0h,-0.04777236198817298,0.258891130038263,0.8536046518035054,8398
32.6_-98.0,32.599999999999945,-98.00000000000048,wspd_error_0h,0.325078275756851,0.3602505985191476,0.36688791966201384,8398
32.6_-98.1,32.599999999999945,-98.10000000000048,temp_error_1h,-0.992358998017991,0.3072047997375677,0.001241455495633037,8398
32.6_-98.1,32.599999999999945,-98.10000000000048,wspd_error_1h,1.0555500361659722,0.3605128579798556,0.0034216723136586413,8398
32.6_-98.1,32.599999999999945,-98.10000000000048,temp_error_0h,-0.10412726052648699,0.2617142578537138,0.6907389707640879,8398
32.6_-98.1,32.599999999999945,-98.10000000000048,wspd_error_0h,0.1364497121685228,0.3691494531212406,0.7116655435880914,8398
32.6_-98.2,32.599999999999945,-98.20000000000047,temp_error_1h,-0.7062802983701101,0.29965294657710134,0.01844646731202637,8398
32.6_-98.2,32.599999999999945,-98.20000000000047,wspd_error_1h,1.2628963059550777,0.33870157080328217,0.00019378843644912713,8398
32.6_-98.2,32.599999999999945,-98.20000000000047,temp_error_0h,-0.12399184413446902,0.2615082782488816,0.6354116222432218,8398
32.6_-98.2,32.599999999999945,-98.20000000000047,wspd_error_0h,-0.03354984957685509,0.36276544994263604,0.9263160491225695,8398
32.6_-98.3,32.599999999999945,-98.30000000000047,temp_error_1h,-0.5626036013890965,0.311198515704699,0.07066410780034738,8398
32.6_-98.3,32.599999999999945,-98.30000000000047,wspd_error_1h,1.0114054533060497,0.38139433534011474,0.008020020491946278,8398
32.6_-98.3,32.599999999999945,-98.30000000000047,temp_error_0h,-0.21570926592947617,0.2641713640875531,0.4142086165930583,8398
32.6_-98.3,32.599999999999945,-98.30000000000047,wspd_error_0h,-0.10576717982135302,0.3720980596265089,0.776229331520379,8398
32.6_-98.4,32.599999999999945,-98.40000000000046,temp_error_1h,-0.7015730404086578,0.30416306979568986,0.021103215077555193,8398
32.6_-98.4,32.599999999999945,-98.40000000000046,wspd_error_1h,1.1944115513112679,0.3446846171448672,0.000532438722551154,8398
32.6_-98.4,32.599999999999945,-98.40000000000046,temp_error_0h,-0.33156906214180865,0.2638359005090237,0.20888851215195325,8398
32.6_-98.4,32.599999999999945,-98.40000000000046,wspd_error_0h,-0.17811165018197261,0.3791266997150372,0.638514081270281,8398
32.6_-99.5,32.599999999999945,-99.5000000000004,temp_error_1h,-0.599832169871774,0.34060307073294804,0.07825998639250598,8398
32.6_-99.5,32.599999999999945,-99.5000000000004,wspd_error_1h,0.01372414621827793,0.3920074012518638,0.9720726700800371,8398
32.6_-99.5,32.599999999999945,-99.5000000000004,temp_error_0h,-0.463689169655678,0.2729172736559823,0.08935452872391325,8398
32.6_-99.5,32.599999999999945,-99.5000000000004,wspd_error_0h,-0.42431725317273533,0.3510417811901449,0.2267980347263261,8398
32.6_-99.7,32.599999999999945,-99.70000000000039,temp_error_1h,0.02881243491729129,0.3259949861925559,0.9295743415679092,8398
32.6_-99.7,32.599999999999945,-99.70000000000039,wspd_error_1h,1.4287053654496857,0.3629461646903711,8.338032031174336e-05,8398
32.6_-99.7,32.599999999999945,-99.70000000000039,temp_error_0h,-0.48788899978022454,0.2693903434474626,0.07016348027594699,8398
32.6_-99.7,32.599999999999945,-99.70000000000039,wspd_error_0h,-0.5522807821560276,0.3419056078012193,0.10628308340457515,8398
32.7_-100.8,32.699999999999946,-100.80000000000032,temp_error_1h,1.6338979355358498,0.32825409518397236,6.568435129139516e-07,8398
32.7_-100.8,32.699999999999946,-100.80000000000032,wspd_error_1h,0.5681873781777775,0.37053281082625733,0.12520696938944464,8398
32.7_-100.8,32.699999999999946,-100.80000000000032,temp_error_0h,-0.7738223825829289,0.2672969124834796,0.0038015047706791982,8398
32.7_-100.8,32.699999999999946,-100.80000000000032,wspd_error_0h,-0.10069650712823246,0.30613283875709285,0.7422162674654134,8398
32.7_-100.9,32.699999999999946,-100.90000000000032,temp_error_1h,1.3526187049570946,0.31815835938443926,2.1474858267200858e-05,8398
32.7_-100.9,32.699999999999946,-100.90000000000032,wspd_error_1h,0.359505851511723,0.3481507451852023,0.3018137625962205,8398
32.7_-100.9,32.699999999999946,-100.90000000000032,temp_error_0h,-0.6294268194006334,0.2641176881693072,0.01718833834411293,8398
32.7_-100.9,32.699999999999946,-100.90000000000032,wspd_error_0h,-0.16171148238586847,0.30315475121377633,0.59375095682954,8398
32.7_-101.0,32.699999999999946,-101.00000000000031,temp_error_1h,1.4884965769811982,0.31811266417440937,2.925980921331117e-06,8398
32.7_-101.0,32.699999999999946,-101.00000000000031,wspd_error_1h,0.5169146436575526,0.34766505044305956,0.13710062474442042,8398
32.7_-101.0,32.699999999999946,-101.00000000000031,temp_error_0h,-0.6495562585089797,0.26181541782538076,0.013122059469382386,8398
32.7_-101.0,32.699999999999946,-101.00000000000031,wspd_error_0h,-0.18966069593267723,0.2929437002734863,0.517371126352034,8398
32.7_-101.1,32.699999999999946,-101.1000000000003,temp_error_1h,1.1057038230880776,0.31421678313782475,0.0004356118970483269,8398
32.7_-101.1,32.699999999999946,-101.1000000000003,wspd_error_1h,0.03659010048406256,0.3302798677923595,0.9117893922110727,8398
32.7_-101.1,32.699999999999946,-101.1000000000003,temp_error_0h,-0.5315697702280111,0.26187485927539444,0.04240220965218566,8398
32.7_-101.1,32.699999999999946,-101.1000000000003,wspd_error_0h,0.02591890310234113,0.2969587000526089,0.9304501116023403,8398
32.7_-101.6,32.699999999999946,-101.60000000000028,temp_error_1h,1.1657004398872644,0.3113017928810182,0.00018189581067029614,8398
32.7_-101.6,32.699999999999946,-101.60000000000028,wspd_error_1h,0.9923895971454825,0.32503562106889405,0.0022714835971240355,8398
32.7_-101.6,32.699999999999946,-101.60000000000028,temp_error_0h,-0.5767899411565297,0.2680577197197558,0.0314465725980988,8398
32.7_-101.6,32.699999999999946,-101.60000000000028,wspd_error_0h,0.24194668540052047,0.2993083328122741,0.4189106115459458,8398
32.7_-101.7,32.699999999999946,-101.70000000000027,temp_error_1h,1.421482153753293,0.32401454716120515,1.1628485217407558e-05,8398
32.7_-101.7,32.699999999999946,-101.70000000000027,wspd_error_1h,1.318559848567031,0.3649911866727648,0.00030494508131240217,8398
32.7_-101.7,32.699999999999946,-101.70000000000027,temp_error_0h,-0.6739823938689138,0.27176354027690525,0.013156596708909563,8398
32.7_-101.7,32.699999999999946,-101.70000000000027,wspd_error_0h,0.13598415213423024,0.30428241590202726,0.6549580384111235,8398
32.7_-101.9,32.699999999999946,-101.90000000000026,temp_error_1h,0.9812269940218876,0.31787674227160556,0.0020297515933238586,8398
32.7_-101.9,32.699999999999946,-101.90000000000026,wspd_error_1h,0.062264773378068246,0.3851668093801504,0.8715801576538298,8398
32.7_-101.9,32.699999999999946,-101.90000000000026,temp_error_0h,-0.35945879341312603,0.27439603223958314,0.190231857758842,8398
32.7_-101.9,32.699999999999946,-101.90000000000026,wspd_error_0h,0.46994217777899977,0.3157664208347828,0.13672037241290158,8398
32.7_-96.7,32.699999999999946,-96.70000000000056,temp_error_1h,-0.41950849247085176,0.36096877839917,0.24519802698212168,8398
32.7_-96.7,32.699999999999946,-96.70000000000056,wspd_error_1h,0.6822576348676015,0.44183229246560074,0.12258860584960463,8398
32.7_-96.7,32.699999999999946,-96.70000000000056,temp_error_0h,0.9684603434731405,0.28265852299289423,0.0006149110652491352,8398
32.7_-96.7,32.699999999999946,-96.70000000000056,wspd_error_0h,1.6252943510665334,0.4367305886100738,0.00019934001472221574,8398
32.7_-96.8,32.699999999999946,-96.80000000000055,temp_error_1h,-0.5092415520663391,0.3719970527895206,0.17105490584913996,8398
32.7_-96.8,32.699999999999946,-96.80000000000055,wspd_error_1h,1.2244120967702616,0.4681818233132353,0.00893226000357994,8398
32.7_-96.8,32.699999999999946,-96.80000000000055,temp_error_0h,0.8233932513082333,0.2816297475042801,0.0034685677442418683,8398
32.7_-96.8,32.699999999999946,-96.80000000000055,wspd_error_0h,1.4460479008288043,0.4419648474269137,0.0010727529368905753,8398
32.7_-96.9,32.699999999999946,-96.90000000000055,temp_error_1h,-0.9530024598940732,0.3410224782911755,0.005209136203119913,8398
32.7_-96.9,32.699999999999946,-96.90000000000055,wspd_error_1h,-0.2241792133569457,0.47097192858292536,0.6340920024885977,8398
32.7_-96.9,32.699999999999946,-96.90000000000055,temp_error_0h,0.8756755638568815,0.2841149599978896,0.0020620312319856726,8398
32.7_-96.9,32.699999999999946,-96.90000000000055,wspd_error_0h,1.481787557050931,0.44132996325309104,0.0007898760105420344,8398
32.7_-97.0,32.699999999999946,-97.00000000000054,temp_error_1h,-1.4313693004326749,0.3472471902816131,3.7915076047001506e-05,8398
32.7_-97.0,32.699999999999946,-97.00000000000054,wspd_error_1h,0.19139733195405262,0.4402291898118223,0.6637424450849814,8398
32.7_-97.0,32.699999999999946,-97.00000000000054,temp_error_0h,0.8086125967122954,0.2774187544038733,0.0035689279533015483,8398
32.7_-97.0,32.699999999999946,-97.00000000000054,wspd_error_0h,1.146500893928048,0.4302669818646474,0.007722187108006429,8398
32.7_-97.1,32.699999999999946,-97.10000000000053,temp_error_1h,-1.5459621240974473,0.3271784845590418,2.337195966317651e-06,8398
32.7_-97.1,32.699999999999946,-97.10000000000053,wspd_error_1h,0.16415473914063727,0.47589702713038834,0.7301500262995919,8398
32.7_-97.1,32.699999999999946,-97.10000000000053,temp_error_0h,0.6116353723062367,0.2803732957156523,0.029173957659848426,8398
32.7_-97.1,32.699999999999946,-97.10000000000053,wspd_error_0h,1.1039583559952577,0.4372536852835503,0.011596258944612803,8398
32.7_-97.2,32.699999999999946,-97.20000000000053,temp_error_1h,-1.1735060772398336,0.3305410592583097,0.00038696998808296357,8398
32.7_-97.2,32.699999999999946,-97.20000000000053,wspd_error_1h,0.5351591271525533,0.4584581262660367,0.2431217051478458,8398
32.7_-97.2,32.699999999999946,-97.20000000000053,temp_error_0h,0.3645863468342009,0.2786997660830175,0.19085203552813934,8398
32.7_-97.2,32.699999999999946,-97.20000000000053,wspd_error_0h,0.9262605437724382,0.43072364065795665,0.03154623740734741,8398
32.7_-97.3,32.699999999999946,-97.30000000000052,temp_error_1h,-1.2798207865028572,0.3233523910291733,7.621394973056361e-05,8398
32.7_-97.3,32.699999999999946,-97.30000000000052,wspd_error_1h,0.4193183179469456,0.47010324070356174,0.37243432022922507,8398
32.7_-97.3,32.699999999999946,-97.30000000000052,temp_error_0h,0.26439134797538516,0.28032564456824216,0.3456274082981481,8398
32.7_-97.3,32.699999999999946,-97.30000000000052,wspd_error_0h,0.886049417034727,0.4122100964341822,0.03162267718688594,8398
32.7_-97.4,32.699999999999946,-97.40000000000052,temp_error_1h,-1.0741207921783926,0.33728434851818073,0.0014547893269880596,8398
32.7_-97.4,32.699999999999946,-97.40000000000052,wspd_error_1h,0.7364347476042886,0.4607267453775574,0.10998739254575995,8398
32.7_-97.4,32.699999999999946,-97.40000000000052,temp_error_0h,0.20142854649510197,0.280701551727762,0.47303036085316763,8398
32.7_-97.4,32.699999999999946,-97.40000000000052,wspd_error_0h,0.7232037552001203,0.3822577672973713,0.0585352626122182,8398
32.7_-97.5,32.699999999999946,-97.50000000000051,temp_error_1h,-0.8511457202901134,0.3428098796244842,0.01305305058131534,8398
32.7_-97.5,32.699999999999946,-97.50000000000051,wspd_error_1h,0.6717728248295366,0.3952335739649608,0.08922729254740802,8398
32.7_-97.5,32.699999999999946,-97.50000000000051,temp_error_0h,0.12043565654946192,0.2710839484295433,0.6568557180068952,8398
32.7_-97.5,32.699999999999946,-97.50000000000051,wspd_error_0h,0.6479384441509173,0.34598701445432734,0.06114129469956131,8398
32.7_-97.6,32.699999999999946,-97.6000000000005,temp_error_1h,-1.2601896905268004,0.33927084433800975,0.0002050087204665818,8398
32.7_-97.6,32.699999999999946,-97.6000000000005,wspd_error_1h,0.5002791324645071,0.3801445493911076,0.1882022808503352,8398
32.7_-97.6,32.699999999999946,-97.6000000000005,temp_error_0h,0.12203770364379928,0.2702940466267879,0.6516410983538776,8398
32.7_-97.6,32.699999999999946,-97.6000000000005,wspd_error_0h,0.5169649023256274,0.3552920418507744,0.1456951522100023,8398
32.7_-97.7,32.699999999999946,-97.7000000000005,temp_error_1h,-1.500754693420611,0.336992541832096,8.562896463004677e-06,8398
32.7_-97.7,32.699999999999946,-97.7000000000005,wspd_error_1h,0.12124569392676975,0.3740177486709812,0.7458167177442394,8398
32.7_-97.7,32.699999999999946,-97.7000000000005,temp_error_0h,0.15397678096910505,0.2673118150215638,0.5646176080592895,8398
32.7_-97.7,32.699999999999946,-97.7000000000005,wspd_error_0h,0.4613939323868653,0.35551927160113433,0.1943909052831998,8398
32.7_-97.8,32.699999999999946,-97.8000000000005,temp_error_1h,-1.5139403076967095,0.32933756209095444,4.3506722413599874e-06,8398
32.7_-97.8,32.699999999999946,-97.8000000000005,wspd_error_1h,-0.12220995537392168,0.37628522509124296,0.7453556323489474,8398
32.7_-97.8,32.699999999999946,-97.8000000000005,temp_error_0h,0.07067364548497027,0.2628633518769441,0.7880434576686248,8398
32.7_-97.8,32.699999999999946,-97.8000000000005,wspd_error_0h,0.45258311235546433,0.35841008463403456,0.20671349526191451,8398
32.7_-97.9,32.699999999999946,-97.90000000000049,temp_error_1h,-1.5788578863919744,0.316193964317321,6.055060839393889e-07,8398
32.7_-97.9,32.699999999999946,-97.90000000000049,wspd_error_1h,0.5110975514853036,0.37124384851092285,0.16863678347861688,8398
32.7_-97.9,32.699999999999946,-97.90000000000049,temp_error_0h,-0.0567214335340381,0.2593110753816697,0.8268587444237454,8398
32.7_-97.9,32.699999999999946,-97.90000000000049,wspd_error_0h,0.2879539115699292,0.363076372202041,0.4277452246052089,8398
32.7_-98.0,32.699999999999946,-98.00000000000048,temp_error_1h,-1.16542022973713,0.30506427088707844,0.00013428507235713205,8398
32.7_-98.0,32.699999999999946,-98.00000000000048,wspd_error_1h,0.7263279003699679,0.37782484000572314,0.054590259514402995,8398
32.7_-98.0,32.699999999999946,-98.00000000000048,temp_error_0h,-0.16313827986715396,0.2531925937571634,0.5193824911227718,8398
32.7_-98.0,32.699999999999946,-98.00000000000048,wspd_error_0h,0.2772184996658254,0.35522059983779875,0.4351703788008887,8398
32.7_-98.1,32.699999999999946,-98.10000000000048,temp_error_1h,-1.054244726473754,0.30662218356374193,0.0005883360660319248,8398
32.7_-98.1,32.699999999999946,-98.10000000000048,wspd_error_1h,1.032282801437853,0.35690656029980294,0.0038341310829357322,8398
32.7_-98.1,32.699999999999946,-98.10000000000048,temp_error_0h,-0.17590101119786458,0.2562747068626066,0.49249458033014415,8398
32.7_-98.1,32.699999999999946,-98.10000000000048,wspd_error_0h,0.02808356417969163,0.3677063857238035,0.9391226109340862,8398
32.7_-98.2,32.699999999999946,-98.20000000000047,temp_error_1h,-0.7706985425135774,0.3112255766495128,0.013293579247475762,8398
32.7_-98.2,32.699999999999946,-98.20000000000047,wspd_error_1h,0.9941924389292202,0.3758697860255279,0.00818329039520882,8398
32.7_-98.2,32.699999999999946,-98.20000000000047,temp_error_0h,-0.25973859019261597,0.25615884436827574,0.3106241781404244,8398
32.7_-98.2,32.699999999999946,-98.20000000000047,wspd_error_0h,-0.05084999375122551,0.3687335153969338,0.8903192538451696,8398
32.7_-98.3,32.699999999999946,-98.30000000000047,temp_error_1h,-0.13516902840276948,0.3137451615171778,0.6666072676860295,8398
32.7_-98.3,32.699999999999946,-98.30000000000047,wspd_error_1h,1.524511028311432,0.37922449804836533,5.8690873752764716e-05,8398
32.7_-98.3,32.699999999999946,-98.30000000000047,temp_error_0h,-0.4209330082032621,0.25886142083254304,0.10396736513275129,8398
32.7_-98.3,32.699999999999946,-98.30000000000047,wspd_error_0h,-0.2598255662337543,0.36945894115329375,0.481913544063282,8398
32.7_-98.4,32.699999999999946,-98.40000000000046,temp_error_1h,-0.2476520129834358,0.31965461470715545,0.4385100605128329,8398
32.7_-98.4,32.699999999999946,-98.40000000000046,wspd_error_1h,1.1829040243408844,0.38555084820614427,0.002161227077783101,8398
32.7_-98.4,32.699999999999946,-98.40000000000046,temp_error_0h,-0.4537242758474544,0.2633958355404111,0.0849988414095697,8398
32.7_-98.4,32.699999999999946,-98.40000000000046,wspd_error_0h,-0.399501891129407,0.38243955771583443,0.2962314130964203,8398
32.7_-98.5,32.699999999999946,-98.50000000000045,temp_error_1h,-0.12166858906016052,0.31563331980166254,0.6998957244716411,8398
32.7_-98.5,32.699999999999946,-98.50000000000045,wspd_error_1h,1.2020781760788772,0.4068233886928609,0.003137536881687719,8398
32.7_-98.5,32.699999999999946,-98.50000000000045,temp_error_0h,-0.5856515950343216,0.2630417163141216,0.02601000906129669,8398
32.7_-98.5,32.699999999999946,-98.50000000000045,wspd_error_0h,-0.5480081728411401,0.3857738347621516,0.1554870823568073,8398
32.7_-98.6,32.699999999999946,-98.60000000000045,temp_error_1h,-0.09302355879191997,0.32342652016485246,0.773645658527947,8398
32.7_-98.6,32.699999999999946,-98.60000000000045,wspd_error_1h,0.7266374073083861,0.40715965102725105,0.07435439921301734,8398
32.7_-98.6,32.699999999999946,-98.60000000000045,temp_error_0h,-0.5927868872474915,0.26893844825498897,0.02753933732544578,8398
32.7_-98.6,32.699999999999946,-98.60000000000045,wspd_error_0h,-0.5522858213359794,0.37862484442884164,0.14469563789092743,8398
32.7_-99.7,32.699999999999946,-99.70000000000039,temp_error_1h,0.017760165291716937,0.32812579166931555,0.9568360018809239,8398
32.7_-99.7,32.699999999999946,-99.70000000000039,wspd_error_1h,1.5366171483604985,0.37094677829762046,3.47046607989121e-05,8398
32.7_-99.7,32.699999999999946,-99.70000000000039,temp_error_0h,-0.48800005112819306,0.26640642860361335,0.06701861569281609,8398
32.7_-99.7,32.699999999999946,-99.70000000000039,wspd_error_0h,-0.5224869826716465,0.33755108171910375,0.12169019227647371,8398
32.8_-100.9,32.79999999999995,-100.90000000000032,temp_error_1h,1.3509486384689893,0.33157707844637097,4.657729124724064e-05,8398
32.8_-100.9,32.79999999999995,-100.90000000000032,wspd_error_1h,0.926804890902117,0.36939655291973156,0.012127150647221363,8398
32.8_-100.9,32.79999999999995,-100.90000000000032,temp_error_0h,-0.5999762677139929,0.2640657751958076,0.02310750542456974,8398
32.8_-100.9,32.79999999999995,-100.90000000000032,wspd_error_0h,-0.25981113464318506,0.30373045284629574,0.3923540777470753,8398
32.8_-101.1,32.79999999999995,-101.1000000000003,temp_error_1h,1.4734593361271027,0.3273340813509516,6.842393561967697e-06,8398
32.8_-101.1,32.79999999999995,-101.1000000000003,wspd_error_1h,0.4640489191006895,0.35226734152675276,0.1877674043076567,8398
32.8_-101.1,32.79999999999995,-101.1000000000003,temp_error_0h,-0.5824678544926167,0.2648888573994858,0.027911333176666497,8398
32.8_-101.1,32.79999999999995,-101.1000000000003,wspd_error_0h,-0.06957570588568117,0.29762030274986007,0.8151666388911551,8398
32.8_-101.2,32.79999999999995,-101.2000000000003,temp_error_1h,1.1491279417946627,0.3231999195548073,0.0003793888322960459,8398
32.8_-101.2,32.79999999999995,-101.2000000000003,wspd_error_1h,0.1186548172569114,0.33033690956254774,0.719459535809033,8398
32.8_-101.2,32.79999999999995,-101.2000000000003,temp_error_0h,-0.491471137181714,0.26340400465570185,0.062098016684698054,8398
32.8_-101.2,32.79999999999995,-101.2000000000003,wspd_error_0h,0.12103126955994026,0.2954138651764574,0.6820360132396908,8398
32.8_-101.3,32.79999999999995,-101.3000000000003,temp_error_1h,1.2644426802899815,0.32617853832184274,0.0001067656146249707,8398
32.8_-101.3,32.79999999999995,-101.3000000000003,wspd_error_1h,0.21649531169177957,0.3389316495124158,0.522997864538358,8398
32.8_-101.3,32.79999999999995,-101.3000000000003,temp_error_0h,-0.502820686896882,0.2645182833651407,0.05735053547153135,8398
32.8_-101.3,32.79999999999995,-101.3000000000003,wspd_error_0h,0.22680420088446815,0.2964531050073197,0.4442578486976121,8398
32.8_-101.4,32.79999999999995,-101.40000000000029,temp_error_1h,1.1822026368090812,0.3248569911817184,0.0002751920728594204,8398
32.8_-101.4,32.79999999999995,-101.40000000000029,wspd_error_1h,1.092852308455235,0.34819963876004667,0.001703595880993447,8398
32.8_-101.4,32.79999999999995,-101.40000000000029,temp_error_0h,-0.5129390277482119,0.26504873949045077,0.052991725962388436,8398
32.8_-101.4,32.79999999999995,-101.40000000000029,wspd_error_0h,0.17618164527000116,0.2965105910379621,0.5524055984096141,8398
32.8_-101.5,32.79999999999995,-101.50000000000028,temp_error_1h,1.520979532144746,0.33249965378141944,4.845165728184497e-06,8398
32.8_-101.5,32.79999999999995,-101.50000000000028,wspd_error_1h,1.0317043182308514,0.3545043012749173,0.003620665028988279,8398
32.8_-101.5,32.79999999999995,-101.50000000000028,temp_error_0h,-0.6485990359036231,0.26915149507839076,0.01598310598308461,8398
32.8_-101.5,32.79999999999995,-101.50000000000028,wspd_error_0h,0.4136855676364668,0.28835794174092966,0.1514313553775879,8398
32.8_-96.5,32.79999999999995,-96.50000000000057,temp_error_1h,-0.9708051224758569,0.3876844481339103,0.012294836471407056,8398
32.8_-96.5,32.79999999999995,-96.50000000000057,wspd_error_1h,0.2075260906788873,0.40708425376729956,0.6102144500250188,8398
32.8_-96.5,32.79999999999995,-96.50000000000057,temp_error_0h,0.8985757196695711,0.27411957961296424,0.001049566352732123,8398
32.8_-96.5,32.79999999999995,-96.50000000000057,wspd_error_0h,1.3771366122321764,0.3926689147911517,0.0004553662093693678,8398
32.8_-96.6,32.79999999999995,-96.60000000000056,temp_error_1h,-1.0412133899085154,0.37906694568905874,0.006031245645635508,8398
32.8_-96.6,32.79999999999995,-96.60000000000056,wspd_error_1h,0.32061116180608323,0.4634090406058625,0.48904856420933007,8398
32.8_-96.6,32.79999999999995,-96.60000000000056,temp_error_0h,0.9039166552662671,0.28150416153968016,0.0013276350286617333,8398
32.8_-96.6,32.79999999999995,-96.60000000000056,wspd_error_0h,1.4617072388044443,0.4201401760766419,0.0005056767231952364,8398
32.8_-96.7,32.79999999999995,-96.70000000000056,temp_error_1h,-0.5100278193443438,0.3729736636574839,0.17151689356733146,8398
32.8_-96.7,32.79999999999995,-96.70000000000056,wspd_error_1h,0.5406998690250719,0.49697103157744205,0.2766305852834412,8398
32.8_-96.7,32.79999999999995,-96.70000000000056,temp_error_0h,0.8732714491956486,0.2805456268375753,0.0018597185564368512,8398
32.8_-96.7,32.79999999999995,-96.70000000000056,wspd_error_0h,1.5201030073366009,0.4427322911371166,0.0005988253024686863,8398
32.8_-96.8,32.79999999999995,-96.80000000000055,temp_error_1h,-0.8758185896383678,0.36797401036139515,0.01732977176101458,8398
32.8_-96.8,32.79999999999995,-96.80000000000055,wspd_error_1h,0.3443528960925469,0.5090455352991136,0.49876242853611275,8398
32.8_-96.8,32.79999999999995,-96.80000000000055,temp_error_0h,0.7901646055250449,0.27667958406170773,0.004302309408241944,8398
32.8_-96.8,32.79999999999995,-96.80000000000055,wspd_error_0h,1.5205625675380952,0.44991407802282285,0.0007290415417231522,8398
32.8_-96.9,32.79999999999995,-96.90000000000055,temp_error_1h,-0.8864690101788498,0.35976688692562586,0.013759236681784026,8398
32.8_-96.9,32.79999999999995,-96.90000000000055,wspd_error_1h,0.30164602310841415,0.4785398182239035,0.5284849743323523,8398
32.8_-96.9,32.79999999999995,-96.90000000000055,temp_error_0h,0.7077257985703925,0.2766435804824047,0.010537261626055061,8398
32.8_-96.9,32.79999999999995,-96.90000000000055,wspd_error_0h,1.2973406566662116,0.4447637828042427,0.0035444679177092375,8398
32.8_-97.0,32.79999999999995,-97.00000000000054,temp_error_1h,-1.2811229603379468,0.3349548350456398,0.00013185033748053243,8398
32.8_-97.0,32.79999999999995,-97.00000000000054,wspd_error_1h,0.11248653431826092,0.45516703066294406,0.8048118078908773,8398
32.8_-97.0,32.79999999999995,-97.00000000000054,temp_error_0h,0.6611505553789446,0.27189348283184467,0.01505097874226613,8398
32.8_-97.0,32.79999999999995,-97.00000000000054,wspd_error_0h,1.1265065488241879,0.43396530534647165,0.009452379460724414,8398
32.8_-97.1,32.79999999999995,-97.10000000000053,temp_error_1h,-1.3190740221606216,0.33913447996083423,0.00010121702383814046,8398
32.8_-97.1,32.79999999999995,-97.10000000000053,wspd_error_1h,0.2636060143053101,0.46226871483411813,0.5685274706917323,8398
32.8_-97.1,32.79999999999995,-97.10000000000053,temp_error_0h,0.4892777176656001,0.27741104553174417,0.07781426868606856,8398
32.8_-97.1,32.79999999999995,-97.10000000000053,wspd_error_0h,0.9948899382615326,0.4396821177358883,0.023676771914121097,8398
32.8_-97.2,32.79999999999995,-97.20000000000053,temp_error_1h,-1.083929499110612,0.3323031144894045,0.0011112398289470082,8398
32.8_-97.2,32.79999999999995,-97.20000000000053,wspd_error_1h,0.7263063047432969,0.45634870265727645,0.11152144869289748,8398
32.8_-97.2,32.79999999999995,-97.20000000000053,temp_error_0h,0.23144894372356647,0.275543507562385,0.4009478889473985,8398
32.8_-97.2,32.79999999999995,-97.20000000000053,wspd_error_0h,0.8347960901864991,0.42959970661543945,0.05202611473412411,8398
32.8_-97.3,32.79999999999995,-97.30000000000052,temp_error_1h,-0.9685529872372791,0.336174401500082,0.003972951205921227,8398
32.8_-97.3,32.79999999999995,-97.30000000000052,wspd_error_1h,1.0624885579809242,0.4514290638134085,0.01861507336892365,8398
32.8_-97.3,32.79999999999995,-97.30000000000052,temp_error_0h,0.09386866793250802,0.27782441421768433,0.7354692824918949,8398
32.8_-97.3,32.79999999999995,-97.30000000000052,wspd_error_0h,0.6692387006376854,0.4106193717360408,0.1031756741550447,8398
32.8_-97.4,32.79999999999995,-97.40000000000052,temp_error_1h,-0.9964811195333982,0.3432240112557742,0.0037022312276016045,8398
32.8_-97.4,32.79999999999995,-97.40000000000052,wspd_error_1h,1.1094264364221236,0.4215863280964847,0.008515194233128964,8398
32.8_-97.4,32.79999999999995,-97.40000000000052,temp_error_0h,0.06892726054288853,0.279059932852891,0.8049157975254455,8398
32.8_-97.4,32.79999999999995,-97.40000000000052,wspd_error_0h,0.5461653972613238,0.38143869850386164,0.15222235813382734,8398
32.8_-97.5,32.79999999999995,-97.50000000000051,temp_error_1h,-0.5770054139045322,0.34437269330803594,0.09386848153115435,8398
32.8_-97.5,32.79999999999995,-97.50000000000051,wspd_error_1h,1.5181114553147883,0.4070873094265301,0.0001933564680463018,8398
32.8_-97.5,32.79999999999995,-97.50000000000051,temp_error_0h,0.01251148920554237,0.2693030902159523,0.9629457089010574,8398
32.8_-97.5,32.79999999999995,-97.50000000000051,wspd_error_0h,0.3855124919196174,0.34923162897415994,0.2696736522725445,8398
32.8_-97.8,32.79999999999995,-97.8000000000005,temp_error_1h,-1.4697265142513039,0.3288950268616802,7.974040622027445e-06,8398
32.8_-97.8,32.79999999999995,-97.8000000000005,wspd_error_1h,0.5186927958593941,0.376220505461512,0.16802615586331604,8398
32.8_-97.8,32.79999999999995,-97.8000000000005,temp_error_0h,0.0020729702339726563,0.2610380085736608,0.99366404883522,8398
32.8_-97.8,32.79999999999995,-97.8000000000005,wspd_error_0h,0.12580791107143516,0.362189473965597,0.7283342419837451,8398
32.8_-97.9,32.79999999999995,-97.90000000000049,temp_error_1h,-1.576824153516738,0.32974318712918355,1.765491802752095e-06,8398
32.8_-97.9,32.79999999999995,-97.90000000000049,wspd_error_1h,-0.12599384356459856,0.3883009669074544,0.7455867881253262,8398
32.8_-97.9,32.79999999999995,-97.90000000000049,temp_error_0h,-0.03324322594487122,0.2611504524825578,0.8987097408466491,8398
32.8_-97.9,32.79999999999995,-97.90000000000049,wspd_error_0h,0.21522530556009256,0.36734907745895656,0.5579668082330336,8398
32.8_-98.0,32.79999999999995,-98.00000000000048,temp_error_1h,-1.3074127609374404,0.3120860499508275,2.8273094659247988e-05,8398
32.8_-98.0,32.79999999999995,-98.00000000000048,wspd_error_1h,0.7095685080391453,0.3851926609266117,0.0654939960061729,8398
32.8_-98.0,32.79999999999995,-98.00000000000048,temp_error_0h,-0.12128800384293989,0.253359760919894,0.6321514311112353,8398
32.8_-98.0,32.79999999999995,-98.00000000000048,wspd_error_0h,0.03782279863122277,0.355817151706435,0.9153481421975478,8398
32.8_-98.1,32.79999999999995,-98.10000000000048,temp_error_1h,-0.8827636429295241,0.3033499165340579,0.0036232391599826386,8398
32.8_-98.1,32.79999999999995,-98.10000000000048,wspd_error_1h,0.8734933556951994,0.3883020661803171,0.024505340347295457,8398
32.8_-98.1,32.79999999999995,-98.10000000000048,temp_error_0h,-0.26016211519266513,0.2543692805126949,0.30644464090586987,8398
32.8_-98.1,32.79999999999995,-98.10000000000048,wspd_error_0h,-0.09465418139038029,0.36816071353128405,0.7971077779346125,8398
32.8_-98.6,32.79999999999995,-98.60000000000045,temp_error_1h,-0.11406734908742103,0.31484725728650786,0.7171413210846214,8398
32.8_-98.6,32.79999999999995,-98.60000000000045,wspd_error_1h,0.8769344548786582,0.4027539834718963,0.02948270606167891,8398
32.8_-98.6,32.79999999999995,-98.60000000000045,temp_error_0h,-0.6450711087735878,0.26557214979544647,0.015162051040869873,8398
32.8_-98.6,32.79999999999995,-98.60000000000045,wspd_error_0h,-0.7491597312159558,0.37472643120113763,0.0456171254950819,8398
32.8_-98.7,32.79999999999995,-98.70000000000044,temp_error_1h,-0.32309374795978935,0.3165044526140127,0.30736977034201285,8398
32.8_-98.7,32.79999999999995,-98.70000000000044,wspd_error_1h,0.5859901522477289,0.3804574203527906,0.12354330552870008,8398
32.8_-98.7,32.79999999999995,-98.70000000000044,temp_error_0h,-0.6652136506092662,0.2614109588260021,0.010954854370257339,8398
32.8_-98.7,32.79999999999995,-98.70000000000044,wspd_error_0h,-0.6310970472023734,0.356244144264066,0.07650911465770016,8398
32.8_-99.4,32.79999999999995,-99.4000000000004,temp_error_1h,-0.0007224060719779198,0.32124216817196016,0.9982057806291391,8398
32.8_-99.4,32.79999999999995,-99.4000000000004,wspd_error_1h,1.0019823427746128,0.35553202210176116,0.004839787587556987,8398
32.8_-99.4,32.79999999999995,-99.4000000000004,temp_error_0h,-0.45732287236220487,0.270384983563846,0.09080216111464368,8398
32.8_-99.4,32.79999999999995,-99.4000000000004,wspd_error_0h,-0.568836617217689,0.34765807849746594,0.10183631841408358,8398
32.8_-99.7,32.79999999999995,-99.70000000000039,temp_error_1h,0.23780042316442448,0.32302880438282977,0.4616548659075219,8398
32.8_-99.7,32.79999999999995,-99.70000000000039,wspd_error_1h,1.412093035802787,0.3757430257886882,0.00017235025172324114,8398
32.8_-99.7,32.79999999999995,-99.70000000000039,temp_error_0h,-0.5368127592005084,0.26530508582631274,0.04306585125031126,8398
32.8_-99.7,32.79999999999995,-99.70000000000039,wspd_error_0h,-0.5080690271140514,0.3340006482254009,0.12825707701556022,8398
32.8_-99.8,32.79999999999995,-99.80000000000038,temp_error_1h,0.3631587497146131,0.32529750553418596,0.2642875074971127,8398
32.8_-99.8,32.79999999999995,-99.80000000000038,wspd_error_1h,1.4860391242736612,0.37142192322385703,6.363422832489363e-05,8398
32.8_-99.8,32.79999999999995,-99.80000000000038,temp_error_0h,-0.5427784473901889,0.2655555343741157,0.040991181450651615,8398
32.8_-99.8,32.79999999999995,-99.80000000000038,wspd_error_0h,-0.4487282296685962,0.3314359380204797,0.17580767838674372,8398
32.8_-99.9,32.79999999999995,-99.90000000000038,temp_error_1h,0.40510914907697215,0.3236573949136869,0.21072866724906936,8398
32.8_-99.9,32.79999999999995,-99.90000000000038,wspd_error_1h,1.5550581436219921,0.36629281820098003,2.2056844957374366e-05,8398
32.8_-99.9,32.79999999999995,-99.90000000000038,temp_error_0h,-0.553250929889372,0.2667416634402952,0.03809986381001251,8398
32.8_-99.9,32.79999999999995,-99.90000000000038,wspd_error_0h,-0.4278481954943014,0.33148574519824414,0.19684391177635452,8398
32.9_-100.7,32.89999999999995,-100.70000000000033,temp_error_1h,1.4540586270350533,0.3304745441355402,1.0963894257809415e-05,8398
32.9_-100.7,32.89999999999995,-100.70000000000033,wspd_error_1h,1.803764318878628,0.3553390686096927,3.934096053370695e-07,8398
32.9_-100.7,32.89999999999995,-100.70000000000033,temp_error_0h,-0.7587975607970708,0.26131406342287683,0.0036965712331531453,8398
32.9_-100.7,32.89999999999995,-100.70000000000033,wspd_error_0h,-0.3419213906745923,0.3039231605391812,0.26061042410772894,8398
32.9_-101.0,32.89999999999995,-101.00000000000031,temp_error_1h,1.2767940601477044,0.33572926273121084,0.0001439453668286017,8398
32.9_-101.0,32.89999999999995,-101.00000000000031,wspd_error_1h,0.6898241666361793,0.38179580703462895,0.07083126341666968,8398
32.9_-101.0,32.89999999999995,-101.00000000000031,temp_error_0h,-0.49907570930485756,0.26482006600991737,0.059520675995120564,8398
32.9_-101.0,32.89999999999995,-101.00000000000031,wspd_error_0h,-0.24666087810815543,0.29392857461339383,0.4013886946930689,8398
32.9_-101.1,32.89999999999995,-101.1000000000003,temp_error_1h,1.4003606552511223,0.33035953804198814,2.270349961208673e-05,8398
32.9_-101.1,32.89999999999995,-101.1000000000003,wspd_error_1h,0.8570638295939021,0.3704572050044644,0.02071767109598821,8398
32.9_-101.1,32.89999999999995,-101.1000000000003,temp_error_0h,-0.564405332506966,0.2679179887640275,0.035178990903262486,8398
32.9_-101.1,32.89999999999995,-101.1000000000003,wspd_error_0h,-0.14873889912558597,0.29759856615045177,0.6172311158973436,8398
32.9_-101.2,32.89999999999995,-101.2000000000003,temp_error_1h,1.3429854915582489,0.3293294686477085,4.585831818393338e-05,8398
32.9_-101.2,32.89999999999995,-101.2000000000003,wspd_error_1h,0.3340860846682196,0.360798090864106,0.35449137142762543,8398
32.9_-101.2,32.89999999999995,-101.2000000000003,temp_error_0h,-0.5477793553642376,0.2680599094295584,0.041034658009352354,8398
32.9_-101.2,32.89999999999995,-101.2000000000003,wspd_error_0h,0.11688036914615926,0.2964757763851339,0.6934194967842999,8398
32.9_-101.3,32.89999999999995,-101.3000000000003,temp_error_1h,1.4815420280111813,0.32875817718136674,6.6808641809856795e-06,8398
32.9_-101.3,32.89999999999995,-101.3000000000003,wspd_error_1h,0.2497706055498974,0.3559484541843398,0.48288305537535536,8398
32.9_-101.3,32.89999999999995,-101.3000000000003,temp_error_0h,-0.599521094438404,0.2676598592511117,0.025126085313142532,8398
32.9_-101.3,32.89999999999995,-101.3000000000003,wspd_error_0h,0.26982015755514255,0.29790825127561954,0.365112505213125,8398
32.9_-101.4,32.89999999999995,-101.40000000000029,temp_error_1h,1.216131612677173,0.32631017821916863,0.00019511386097659233,8398
32.9_-101.4,32.89999999999995,-101.40000000000029,wspd_error_1h,0.5560596663937176,0.35057467178361307,0.11274593928315069,8398
32.9_-101.4,32.89999999999995,-101.40000000000029,temp_error_0h,-0.5195062074454677,0.26587432050895726,0.05073996428546357,8398
32.9_-101.4,32.89999999999995,-101.40000000000029,wspd_error_0h,0.25568198124117003,0.2990481511369168,0.3925834134082873,8398
32.9_-101.5,32.89999999999995,-101.50000000000028,temp_error_1h,1.5008087148925389,0.3327436190681099,6.558691117763971e-06,8398
32.9_-101.5,32.89999999999995,-101.50000000000028,wspd_error_1h,1.6154871887891198,0.35539050749544343,5.553154376336522e-06,8398
32.9_-101.5,32.89999999999995,-101.50000000000028,temp_error_0h,-0.6184663909534791,0.2681411551420711,0.021107301813975576,8398
32.9_-101.5,32.89999999999995,-101.50000000000028,wspd_error_0h,0.15188409781699963,0.2937196680792733,0.6050961014148097,8398
32.9_-101.6,32.89999999999995,-101.60000000000028,temp_error_1h,1.1018827960662971,0.3350007868951405,0.0010089023729287216,8398
32.9_-101.6,32.89999999999995,-101.60000000000028,wspd_error_1h,0.55060805503588,0.38145596707808777,0.14893460094781696,8398
32.9_-101.6,32.89999999999995,-101.60000000000028,temp_error_0h,-0.5233764898164506,0.27540179826963973,0.05741364372167945,8398
32.9_-101.6,32.89999999999995,-101.60000000000028,wspd_error_0h,0.22895130373422895,0.30882745209096724,0.4584980194405355,8398
32.9_-101.7,32.89999999999995,-101.70000000000027,temp_error_1h,1.0914532233735208,0.32739342481579536,0.0008605120834226376,8398
32.9_-101.7,32.89999999999995,-101.70000000000027,wspd_error_1h,0.3057230977287517,0.3833210160234241,0.425146129100632,8398
32.9_-101.7,32.89999999999995,-101.70000000000027,temp_error_0h,-0.4748999150050599,0.2713231934866081,0.08010139818500206,8398
32.9_-101.7,32.89999999999995,-101.70000000000027,wspd_error_0h,0.14706396069558864,0.31456140241539926,0.6401395918349775,8398
32.9_-101.8,32.89999999999995,-101.80000000000027,temp_error_1h,1.233947495923875,0.32268892401074184,0.0001322835241062137,8398
32.9_-101.8,32.89999999999995,-101.80000000000027,wspd_error_1h,0.3721016460499052,0.36581993451024897,0.30910125617790296,8398
32.9_-101.8,32.89999999999995,-101.80000000000027,temp_error_0h,-0.43178092829029524,0.2716862956564069,0.11203890127641647,8398
32.9_-101.8,32.89999999999995,-101.80000000000027,wspd_error_0h,0.08323728211560669,0.3197567803893358,0.7946277095863084,8398
32.9_-96.6,32.89999999999995,-96.60000000000056,temp_error_1h,-1.3942621674866102,0.38117542056437526,0.00025595739575634546,8398
32.9_-96.6,32.89999999999995,-96.60000000000056,wspd_error_1h,0.9621169784236634,0.4669913299859176,0.03940592944398058,8398
32.9_-96.6,32.89999999999995,-96.60000000000056,temp_error_0h,0.853794372795473,0.2808059302488466,0.0023690620205438773,8398
32.9_-96.6,32.89999999999995,-96.60000000000056,wspd_error_0h,1.1054946600865616,0.4090932473052955,0.006899969259350325,8398
32.9_-96.7,32.89999999999995,-96.70000000000056,temp_error_1h,-0.9587130245728038,0.3715249975675131,0.009883193987757055,8398
32.9_-96.7,32.89999999999995,-96.70000000000056,wspd_error_1h,1.0771414076838282,0.5124279977274574,0.035580092080343295,8398
32.9_-96.7,32.89999999999995,-96.70000000000056,temp_error_0h,0.7976372837334055,0.28049027995219245,0.004469773058897175,8398
32.9_-96.7,32.89999999999995,-96.70000000000056,wspd_error_0h,1.1640310152620899,0.43023731241971913,0.006832854687305323,8398
32.9_-96.8,32.89999999999995,-96.80000000000055,temp_error_1h,-1.169468671884781,0.33356669577224957,0.000457365219233008,8398
32.9_-96.8,32.89999999999995,-96.80000000000055,wspd_error_1h,-0.3420651964191127,0.48566166224142016,0.4812480468087761,8398
32.9_-96.8,32.89999999999995,-96.80000000000055,temp_error_0h,0.7535248971081515,0.2770293577263911,0.0065413309888739946,8398
32.9_-96.8,32.89999999999995,-96.80000000000055,wspd_error_0h,1.4207117844450092,0.44030113247082764,0.001257171756842368,8398
32.9_-97.0,32.89999999999995,-97.00000000000054,temp_error_1h,-0.7431260206369171,0.3540984352544192,0.03587836565823688,8398
32.9_-97.0,32.89999999999995,-97.00000000000054,wspd_error_1h,0.3313820591856651,0.47218607085000774,0.48282096856026224,8398
32.9_-97.0,32.89999999999995,-97.00000000000054,temp_error_0h,0.5329334282529259,0.2724411554617869,0.05048176477693134,8398
32.9_-97.0,32.89999999999995,-97.00000000000054,wspd_error_0h,0.6687419662731073,0.4285196834426292,0.1186592528147501,8398
32.9_-97.1,32.89999999999995,-97.10000000000053,temp_error_1h,-0.9110455804315817,0.3460681736422164,0.008489968930948777,8398
32.9_-97.1,32.89999999999995,-97.10000000000053,wspd_error_1h,0.5917804885151845,0.4686482423114649,0.2067181717736004,8398
32.9_-97.1,32.89999999999995,-97.10000000000053,temp_error_0h,0.30911361630478323,0.27727031498378313,0.2649486149545881,8398
32.9_-97.1,32.89999999999995,-97.10000000000053,wspd_error_0h,0.5277936708733958,0.42819956542814025,0.21776417260312453,8398
32.9_-97.2,32.89999999999995,-97.20000000000053,temp_error_1h,-1.1099175603679068,0.34178722593177135,0.001169269250224314,8398
32.9_-97.2,32.89999999999995,-97.20000000000053,wspd_error_1h,0.3215073682528696,0.4363205434436145,0.46122788237264123,8398
32.9_-97.2,32.89999999999995,-97.20000000000053,temp_error_0h,0.08781209208224709,0.278333396577334,0.7523956426356304,8398
32.9_-97.2,32.89999999999995,-97.20000000000053,wspd_error_0h,0.5303686994956508,0.41070985067778126,0.19661929793566002,8398
32.9_-97.3,32.89999999999995,-97.30000000000052,temp_error_1h,-0.8270858375895783,0.34549595204672984,0.016691802449637638,8398
32.9_-97.3,32.89999999999995,-97.30000000000052,wspd_error_1h,0.6887667375098327,0.4107651624274898,0.09362104431969165,8398
32.9_-97.3,32.89999999999995,-97.30000000000052,temp_error_0h,-0.06730368900854007,0.27881386911158884,0.8092565364494704,8398
32.9_-97.3,32.89999999999995,-97.30000000000052,wspd_error_0h,0.34916624033964544,0.3939853391758186,0.37551279662232595,8398
32.9_-97.4,32.89999999999995,-97.40000000000052,temp_error_1h,-0.8357448992487059,0.34182226923087133,0.014506961108867955,8398
32.9_-97.4,32.89999999999995,-97.40000000000052,wspd_error_1h,0.40244003306191817,0.3997418293450147,0.31408414391993533,8398
32.9_-97.4,32.89999999999995,-97.40000000000052,temp_error_0h,-0.09126052329900446,0.27855403920338595,0.7432054439213749,8398
32.9_-97.4,32.89999999999995,-97.40000000000052,wspd_error_0h,0.338068251706243,0.3806368807732784,0.37447771352913994,8398
32.9_-97.5,32.89999999999995,-97.50000000000051,temp_error_1h,-1.0291087689993141,0.3382117359000205,0.0023512042895958984,8398
32.9_-97.5,32.89999999999995,-97.50000000000051,wspd_error_1h,0.5780737917398939,0.3915033240094499,0.1398342886530739,8398
32.9_-97.5,32.89999999999995,-97.50000000000051,temp_error_0h,-0.04323942183510533,0.2697081916195975,0.872633450991593,8398
32.9_-97.5,32.89999999999995,-97.50000000000051,wspd_error_0h,0.32705461001244696,0.36178795485965276,0.36602395541720023,8398
32.9_-97.6,32.89999999999995,-97.6000000000005,temp_error_1h,-0.8987565886172983,0.3264568690374294,0.00591678959679931,8398
32.9_-97.6,32.89999999999995,-97.6000000000005,wspd_error_1h,0.8941568786776956,0.3669164091578508,0.01483246158704965,8398
32.9_-97.6,32.89999999999995,-97.6000000000005,temp_error_0h,-0.05306306657769925,0.26943137907018,0.843875648113571,8398
32.9_-97.6,32.89999999999995,-97.6000000000005,wspd_error_0h,0.03463061664838234,0.36621302992577226,0.924663309446077,8398
32.9_-97.7,32.89999999999995,-97.7000000000005,temp_error_1h,-1.1362833834262427,0.3299451022625564,0.0005762960463455702,8398
32.9_-97.7,32.89999999999995,-97.7000000000005,wspd_error_1h,0.34341601841850367,0.3752858502872557,0.3601768187348249,8398
32.9_-97.7,32.89999999999995,-97.7000000000005,temp_error_0h,0.0074086322974370395,0.2664961444812869,0.9778222116849982,8398
32.9_-97.7,32.89999999999995,-97.7000000000005,wspd_error_0h,0.02287975583682668,0.3680325446612974,0.9504307301311892,8398
32.9_-97.8,32.89999999999995,-97.8000000000005,temp_error_1h,-1.490736529402117,0.3211908345963809,3.515348974136856e-06,8398
32.9_-97.8,32.89999999999995,-97.8000000000005,wspd_error_1h,0.41854970935970426,0.37117824565834184,0.2595108833682085,8398
32.9_-97.8,32.89999999999995,-97.8000000000005,temp_error_0h,-0.020804937475886125,0.2639221932293884,0.9371698770526233,8398
32.9_-97.8,32.89999999999995,-97.8000000000005,wspd_error_0h,-0.07064159701986808,0.3684976382695552,0.8479805889483469,8398
32.9_-97.9,32.89999999999995,-97.90000000000049,temp_error_1h,-1.4003237060705633,0.31996275690427856,1.2205457775138484e-05,8398
32.9_-97.9,32.89999999999995,-97.90000000000049,wspd_error_1h,-0.033638509306910744,0.381098933957462,0.9296664782891733,8398
32.9_-97.9,32.89999999999995,-97.90000000000049,temp_error_0h,-0.061615205304144355,0.26379104465193803,0.8153200356174437,8398
32.9_-97.9,32.89999999999995,-97.90000000000049,wspd_error_0h,-0.05883361083898424,0.37189012972610297,0.8743017715977002,8398
32.9_-98.0,32.89999999999995,-98.00000000000048,temp_error_1h,-0.9585983611811782,0.3106605976401038,0.0020375306101949597,8398
32.9_-98.0,32.89999999999995,-98.00000000000048,wspd_error_1h,0.6664819266749695,0.37534344487762067,0.07582554317489265,8398
32.9_-98.0,32.89999999999995,-98.00000000000048,temp_error_0h,-0.11139666780058237,0.257192056683335,0.664934129113032,8398
32.9_-98.0,32.89999999999995,-98.00000000000048,wspd_error_0h,-0.30878481305562777,0.36389456337434584,0.39615286251885906,8398
32.9_-98.7,32.89999999999995,-98.70000000000044,temp_error_1h,-0.10404819874705536,0.316703705241399,0.7425155444813898,8398
32.9_-98.7,32.89999999999995,-98.70000000000044,wspd_error_1h,0.9625511196776779,0.37479010520925665,0.01023883927496283,8398
32.9_-98.7,32.89999999999995,-98.70000000000044,temp_error_0h,-0.6518124567593244,0.2604601887293278,0.012349461232341374,8398
32.9_-98.7,32.89999999999995,-98.70000000000044,wspd_error_0h,-0.7146579474044369,0.3560862653002775,0.04478396209218327,8398
32.9_-98.8,32.89999999999995,-98.80000000000044,temp_error_1h,-0.4039285029793269,0.3132686663106671,0.19729487843412397,8398
32.9_-98.8,32.89999999999995,-98.80000000000044,wspd_error_1h,1.1618062903900104,0.3690403327251064,0.00164867335577501,8398
32.9_-98.8,32.89999999999995,-98.80000000000044,temp_error_0h,-0.6010967340886773,0.26090592917114125,0.021253630428711867,8398
32.9_-98.8,32.89999999999995,-98.80000000000044,wspd_error_0h,-0.7307209721055088,0.3513345607902108,0.03757028069195223,8398
32.9_-98.9,32.89999999999995,-98.90000000000043,temp_error_1h,-0.42933969841832703,0.30248857327126866,0.15583185468772331,8398
32.9_-98.9,32.89999999999995,-98.90000000000043,wspd_error_1h,1.2406834652878507,0.3558458568240606,0.0004917615412980414,8398
32.9_-98.9,32.89999999999995,-98.90000000000043,temp_error_0h,-0.5262907693419361,0.2604590803702272,0.04335017988778889,8398
32.9_-98.9,32.89999999999995,-98.90000000000043,wspd_error_0h,-0.7311179984323148,0.35107803360809614,0.03732768753626248,8398
32.9_-99.8,32.89999999999995,-99.80000000000038,temp_error_1h,0.43011719611810845,0.3150315847031756,0.17219097214304635,8398
32.9_-99.8,32.89999999999995,-99.80000000000038,wspd_error_1h,1.4789959370783763,0.36232929501881384,4.508293694538423e-05,8398
32.9_-99.8,32.89999999999995,-99.80000000000038,temp_error_0h,-0.6084800020931467,0.26613016649826404,0.022255774390658845,8398
32.9_-99.8,32.89999999999995,-99.80000000000038,wspd_error_0h,-0.4055011458840863,0.3270979799954177,0.21512370237377398,8398
33.0_-100.0,32.99999999999995,-100.00000000000037,temp_error_1h,0.9814454456621203,0.32568973018551883,0.0025908107670205016,8398
33.0_-100.0,32.99999999999995,-100.00000000000037,wspd_error_1h,1.1977612252999157,0.3447350383659405,0.0005145176055196821,8398
33.0_-100.0,32.99999999999995,-100.00000000000037,temp_error_0h,-0.7386205138865877,0.26113801291967764,0.004688273133571785,8398
33.0_-100.0,32.99999999999995,-100.00000000000037,wspd_error_0h,-0.042977334799376016,0.30642891844709397,0.8884640977620939,8398
33.0_-100.1,32.99999999999995,-100.10000000000036,temp_error_1h,0.9562271180664692,0.3265460376496409,0.0034173335652363246,8398
33.0_-100.1,32.99999999999995,-100.10000000000036,wspd_error_1h,0.9888002987748994,0.34186182125145625,0.0038330085605542408,8398
33.0_-100.1,32.99999999999995,-100.10000000000036,temp_error_0h,-0.707003436460021,0.2625492647452844,0.00709873531971672,8398
33.0_-100.1,32.99999999999995,-100.10000000000036,wspd_error_0h,0.026850450540948607,0.30973380368944686,0.9309209594401007,8398
33.0_-100.2,32.99999999999995,-100.20000000000036,temp_error_1h,1.1838116298766161,0.31905557887843994,0.00020830635568103162,8398
33.0_-100.2,32.99999999999995,-100.20000000000036,wspd_error_1h,1.0115847737174368,0.33976058923811464,0.002915898931723282,8398
33.0_-100.2,32.99999999999995,-100.20000000000036,temp_error_0h,-0.7214008102387889,0.26060646657115094,0.005649766665950295,8398
33.0_-100.2,32.99999999999995,-100.20000000000036,wspd_error_0h,0.11068237933522633,0.30519121177886477,0.7168638101049547,8398
33.0_-100.3,32.99999999999995,-100.30000000000035,temp_error_1h,1.2517126897935196,0.3137893660393045,6.691243694900706e-05,8398
33.0_-100.3,32.99999999999995,-100.30000000000035,wspd_error_1h,1.1260182500529643,0.3321851021695688,0.0007028486103382026,8398
33.0_-100.3,32.99999999999995,-100.30000000000035,temp_error_0h,-0.6892404504505815,0.25975760987237734,0.007983650452382696,8398
33.0_-100.3,32.99999999999995,-100.30000000000035,wspd_error_0h,0.13803080616711047,0.3032324121812015,0.648978581723487,8398
33.0_-100.4,32.99999999999995,-100.40000000000035,temp_error_1h,1.246693802888759,0.3178676171120495,8.850010765448779e-05,8398
33.0_-100.4,32.99999999999995,-100.40000000000035,wspd_error_1h,1.3164388357645698,0.34154668993353104,0.00011690917322626504,8398
33.0_-100.4,32.99999999999995,-100.40000000000035,temp_error_0h,-0.6533649681839657,0.2587306895072573,0.011579270131538255,8398
33.0_-100.4,32.99999999999995,-100.40000000000035,wspd_error_0h,0.10279248765509356,0.3033412917996367,0.7347181070788413,8398
33.0_-100.5,32.99999999999995,-100.50000000000034,temp_error_1h,1.478388684310453,0.3207215587193049,4.0949023996095235e-06,8398
33.0_-100.5,32.99999999999995,-100.50000000000034,wspd_error_1h,1.3672713483265981,0.33579092373642005,4.708294572575156e-05,8398
33.0_-100.5,32.99999999999995,-100.50000000000034,temp_error_0h,-0.6753324748437344,0.2566877505939543,0.008530300761290688,8398
33.0_-100.5,32.99999999999995,-100.50000000000034,wspd_error_0h,0.16985160600964969,0.2946031363575909,0.5642632161552201,8398
33.0_-100.6,32.99999999999995,-100.60000000000034,temp_error_1h,1.4523690389499684,0.326924807897207,9.005740144063523e-06,8398
33.0_-100.6,32.99999999999995,-100.60000000000034,wspd_error_1h,1.0539019568143229,0.33799351811704464,0.00182631417137058,8398
33.0_-100.6,32.99999999999995,-100.60000000000034,temp_error_0h,-0.6702173918857603,0.2583390063250606,0.009494014455484479,8398
33.0_-100.6,32.99999999999995,-100.60000000000034,wspd_error_0h,0.07061151944945812,0.29611581303165224,0.8115308572489257,8398
33.0_-100.7,32.99999999999995,-100.70000000000033,temp_error_1h,1.5734112436209042,0.31999086552383715,8.953217605078834e-07,8398
33.0_-100.7,32.99999999999995,-100.70000000000033,wspd_error_1h,1.1164825610112667,0.3204420980482158,0.0004961512170518212,8398
33.0_-100.7,32.99999999999995,-100.70000000000033,temp_error_0h,-0.6580189699010079,0.2540646366791952,0.009615178773389133,8398
33.0_-100.7,32.99999999999995,-100.70000000000033,wspd_error_0h,-0.1153371709888416,0.2893007278806497,0.6901423600618735,8398
33.0_-100.8,32.99999999999995,-100.80000000000032,temp_error_1h,1.593318146083785,0.32337255729050934,8.502296391377229e-07,8398
33.0_-100.8,32.99999999999995,-100.80000000000032,wspd_error_1h,1.53363868365863,0.3432726972460718,8.010628081311921e-06,8398
33.0_-100.8,32.99999999999995,-100.80000000000032,temp_error_0h,-0.6941915111225938,0.25453816055935896,0.006399620165721931,8398
33.0_-100.8,32.99999999999995,-100.80000000000032,wspd_error_0h,-0.3527445034175292,0.2858927035724795,0.21729899293302846,8398
33.0_-100.9,32.99999999999995,-100.90000000000032,temp_error_1h,1.2682634225617986,0.3258775427105435,0.00010025981820338536,8398
33.0_-100.9,32.99999999999995,-100.90000000000032,wspd_error_1h,1.017471267389109,0.3517382960927314,0.003829396501367155,8398
33.0_-100.9,32.99999999999995,-100.90000000000032,temp_error_0h,-0.5716652727266542,0.25844541317095004,0.02699789002538222,8398
33.0_-100.9,32.99999999999995,-100.90000000000032,wspd_error_0h,-0.35427920936265517,0.28424373494120886,0.21265533774309886,8398
33.0_-101.0,32.99999999999995,-101.00000000000031,temp_error_1h,1.0594585936487675,0.3303104708887328,0.0013441615585358946,8398
33.0_-101.0,32.99999999999995,-101.00000000000031,wspd_error_1h,0.8266559071026868,0.3506483872355465,0.018421050714996445,8398
33.0_-101.0,32.99999999999995,-101.00000000000031,temp_error_0h,-0.4048888944732686,0.25393965866941176,0.110877679278792,8398
33.0_-101.0,32.99999999999995,-101.00000000000031,wspd_error_0h,-0.34720342113390507,0.2727660591172704,0.20308958761102547,8398
33.0_-101.1,32.99999999999995,-101.1000000000003,temp_error_1h,1.2384100951553914,0.3180038079454039,9.923981093074019e-05,8398
33.0_-101.1,32.99999999999995,-101.1000000000003,wspd_error_1h,1.237678874614466,0.3456284126568341,0.00034428839424660573,8398
33.0_-101.1,32.99999999999995,-101.1000000000003,temp_error_0h,-0.4716701335504231,0.25681461501358044,0.06630192975299387,8398
33.0_-101.1,32.99999999999995,-101.1000000000003,wspd_error_0h,-0.2835500619117851,0.2781730200993968,0.3080759099591299,8398
33.0_-101.2,32.99999999999995,-101.2000000000003,temp_error_1h,1.272782230374888,0.31581874445785213,5.624695151107417e-05,8398
33.0_-101.2,32.99999999999995,-101.2000000000003,wspd_error_1h,1.317779901539891,0.34088079528915066,0.00011156067194595387,8398
33.0_-101.2,32.99999999999995,-101.2000000000003,temp_error_0h,-0.5222217385603708,0.2576745165597896,0.042727657956999066,8398
33.0_-101.2,32.99999999999995,-101.2000000000003,wspd_error_0h,-0.09985923738749586,0.27479138522053315,0.7163151642092651,8398
33.0_-101.3,32.99999999999995,-101.3000000000003,temp_error_1h,1.2276898468066737,0.3161221121203873,0.00010371733217340307,8398
33.0_-101.3,32.99999999999995,-101.3000000000003,wspd_error_1h,1.0057728095319467,0.34036162936051606,0.003135291536773055,8398
33.0_-101.3,32.99999999999995,-101.3000000000003,temp_error_0h,-0.5628733617061291,0.25996329798742146,0.03040033728721747,8398
33.0_-101.3,32.99999999999995,-101.3000000000003,wspd_error_0h,0.10642037303755984,0.2769523056700131,0.7007990616494313,8398
33.0_-101.6,32.99999999999995,-101.60000000000028,temp_error_1h,1.0831850208900142,0.3261096334611585,0.0008990739921017621,8398
33.0_-101.6,32.99999999999995,-101.60000000000028,wspd_error_1h,1.0831967386315615,0.3935565228172124,0.005930084544196745,8398
33.0_-101.6,32.99999999999995,-101.60000000000028,temp_error_0h,-0.5380582926694768,0.26552878998535806,0.04275907862438366,8398
33.0_-101.6,32.99999999999995,-101.60000000000028,wspd_error_0h,-0.04291920533658715,0.30249640178305265,0.8871755600463058,8398
33.0_-101.7,32.99999999999995,-101.70000000000027,temp_error_1h,1.0639909999012964,0.3148566248196097,0.0007300643664933659,8398
33.0_-101.7,32.99999999999995,-101.70000000000027,wspd_error_1h,0.8979390970498358,0.40297159982855824,0.02588743905059898,8398
33.0_-101.7,32.99999999999995,-101.70000000000027,temp_error_0h,-0.5210979539618376,0.2649126076182488,0.049209781708416056,8398
33.0_-101.7,32.99999999999995,-101.70000000000027,wspd_error_0h,-0.15736094000657752,0.31333482178294597,0.6155306653562427,8398
33.0_-96.1,32.99999999999995,-96.10000000000059,temp_error_1h,-0.8031752345443695,0.3329787607217898,0.0158827122278542,8398
33.0_-96.1,32.99999999999995,-96.10000000000059,wspd_error_1h,0.05041298606693181,0.39555922788717324,0.8985893871948938,8398
33.0_-96.1,32.99999999999995,-96.10000000000059,temp_error_0h,1.028487173827609,0.2711922211175361,0.00015021013410643214,8398
33.0_-96.1,32.99999999999995,-96.10000000000059,wspd_error_0h,1.3624913998599697,0.37970075068125214,0.00033470828946469133,8398
33.0_-96.4,32.99999999999995,-96.40000000000057,temp_error_1h,-0.24129647198184098,0.3725418092609205,0.5171948157413735,8398
33.0_-96.4,32.99999999999995,-96.40000000000057,wspd_error_1h,0.33602317176995367,0.39812477295596393,0.39868533762283853,8398
33.0_-96.4,32.99999999999995,-96.40000000000057,temp_error_0h,0.8130620964447868,0.27569645731499354,0.0031956256891410018,8398
33.0_-96.4,32.99999999999995,-96.40000000000057,wspd_error_0h,1.114769385910211,0.37131442785461083,0.002688067139996697,8398
33.0_-96.5,32.99999999999995,-96.50000000000057,temp_error_1h,-0.6511205756564578,0.38571051481255203,0.0914280295487937,8398
33.0_-96.5,32.99999999999995,-96.50000000000057,wspd_error_1h,0.9314215655088897,0.4040217302692621,0.021169961213374444,8398
33.0_-96.5,32.99999999999995,-96.50000000000057,temp_error_0h,0.6984316881297893,0.27071246781796,0.009897631370879845,8398
33.0_-96.5,32.99999999999995,-96.50000000000057,wspd_error_0h,0.9631412548294769,0.3619796572503032,0.007811332234059387,8398
33.0_-96.6,32.99999999999995,-96.60000000000056,temp_error_1h,-0.9796831950748651,0.37106217770947447,0.00830079282499585,8398
33.0_-96.6,32.99999999999995,-96.60000000000056,wspd_error_1h,1.1009093826563348,0.4063434291961171,0.00675612405264947,8398
33.0_-96.6,32.99999999999995,-96.60000000000056,temp_error_0h,0.7030017467609606,0.2734559548729361,0.010163415475700655,8398
33.0_-96.6,32.99999999999995,-96.60000000000056,wspd_error_0h,0.8607362367547405,0.38506902119140274,0.025425431091251616,8398
33.0_-96.8,32.99999999999995,-96.80000000000055,temp_error_1h,-1.103410392537521,0.3193479936061141,0.0005526221017628785,8398
33.0_-96.8,32.99999999999995,-96.80000000000055,wspd_error_1h,-0.9765726246862082,0.4796915775044917,0.04179846328763159,8398
33.0_-96.8,32.99999999999995,-96.80000000000055,temp_error_0h,0.6360719967352813,0.2686331168366251,0.01791639426493674,8398
33.0_-96.8,32.99999999999995,-96.80000000000055,wspd_error_0h,1.2560834793579108,0.41938806022407676,0.0027521438480970772,8398
33.0_-96.9,32.99999999999995,-96.90000000000055,temp_error_1h,-0.8494583338695629,0.37535402935078144,0.023655956644415443,8398
33.0_-96.9,32.99999999999995,-96.90000000000055,wspd_error_1h,0.06950034429859406,0.4788517917270385,0.8846041753846667,8398
33.0_-96.9,32.99999999999995,-96.90000000000055,temp_error_0h,0.49579759561639275,0.26707508886758646,0.06343205797459861,8398
33.0_-96.9,32.99999999999995,-96.90000000000055,wspd_error_0h,0.6834467940871305,0.4163409328183136,0.10071976600334342,8398
33.0_-97.0,32.99999999999995,-97.00000000000054,temp_error_1h,-0.2220184165326388,0.3608924646762887,0.5384442089132084,8398
33.0_-97.0,32.99999999999995,-97.00000000000054,wspd_error_1h,1.0034291788900294,0.4623856209648543,0.030026343408464884,8398
33.0_-97.0,32.99999999999995,-97.00000000000054,temp_error_0h,0.3764337786473453,0.25944936076094904,0.14684663966461864,8398
33.0_-97.0,32.99999999999995,-97.00000000000054,wspd_error_0h,0.26969908727380765,0.40488927295092086,0.5053618750968161,8398
33.0_-97.4,32.99999999999995,-97.40000000000052,temp_error_1h,-0.4459901325701305,0.3486352341297039,0.20084606027328267,8398
33.0_-97.4,32.99999999999995,-97.40000000000052,wspd_error_1h,0.2231402930432708,0.39724427024255893,0.5743214565158203,8398
33.0_-97.4,32.99999999999995,-97.40000000000052,temp_error_0h,-0.23044339111140227,0.2721823910667695,0.3972141342862059,8398
33.0_-97.4,32.99999999999995,-97.40000000000052,wspd_error_0h,0.19596644330368074,0.36359834823265774,0.5899260096177619,8398
33.0_-98.0,32.99999999999995,-98.00000000000048,temp_error_1h,-0.9856846385508561,0.31832979051942756,0.001965173404591569,8398
33.0_-98.0,32.99999999999995,-98.00000000000048,wspd_error_1h,0.20068206879460748,0.3808041128609593,0.5982106759685071,8398
33.0_-98.0,32.99999999999995,-98.00000000000048,temp_error_0h,-0.17405875173182722,0.2529384642871162,0.4913795511811694,8398
33.0_-98.0,32.99999999999995,-98.00000000000048,wspd_error_0h,-0.2232281535683198,0.3503928237799015,0.5240903867213764,8398
33.0_-98.1,32.99999999999995,-98.10000000000048,temp_error_1h,-1.045492194031812,0.3149328591083163,0.0009049022218063918,8398
33.0_-98.1,32.99999999999995,-98.10000000000048,wspd_error_1h,0.4303952338076484,0.3605326042963574,0.2325994225504322,8398
33.0_-98.1,32.99999999999995,-98.10000000000048,temp_error_0h,-0.19098172251100987,0.25307451494179994,0.4504825588361965,8398
33.0_-98.1,32.99999999999995,-98.10000000000048,wspd_error_0h,-0.2994503291502226,0.35990616681627696,0.4054195499258251,8398
33.0_-98.2,32.99999999999995,-98.20000000000047,temp_error_1h,-0.9114188058757895,0.3130768694795846,0.003610341403972761,8398
33.0_-98.2,32.99999999999995,-98.20000000000047,wspd_error_1h,0.4938851700652147,0.3478573938592884,0.15570552895159406,8398
33.0_-98.2,32.99999999999995,-98.20000000000047,temp_error_0h,-0.14660211989873467,0.25064940342990155,0.5586380377876561,8398
33.0_-98.2,32.99999999999995,-98.20000000000047,wspd_error_0h,-0.3095247825380631,0.35504834223785586,0.38335231922660307,8398
33.0_-98.9,32.99999999999995,-98.90000000000043,temp_error_1h,-0.47830941497740515,0.3072828690448966,0.11960884354571633,8398
33.0_-98.9,32.99999999999995,-98.90000000000043,wspd_error_1h,0.8794297407853087,0.3718110457607103,0.018040133541605163,8398
33.0_-98.9,32.99999999999995,-98.90000000000043,temp_error_0h,-0.45455193746069067,0.25525636705231963,0.07498695602892136,8398
33.0_-98.9,32.99999999999995,-98.90000000000043,wspd_error_0h,-0.5658797548530727,0.34553775776117845,0.10152643221182722,8398
33.0_-99.0,32.99999999999995,-99.00000000000043,temp_error_1h,-0.265364712115217,0.2973085658290942,0.3721203912394755,8398
33.0_-99.0,32.99999999999995,-99.00000000000043,wspd_error_1h,0.8132853940809528,0.3504109580569015,0.020313627298973458,8398
33.0_-99.0,32.99999999999995,-99.00000000000043,temp_error_0h,-0.40481555288023935,0.2502114424683452,0.10572322043371685,8398
33.0_-99.0,32.99999999999995,-99.00000000000043,wspd_error_0h,-0.45854650622310633,0.3370902611698323,0.17376924052725995,8398
33.0_-99.6,32.99999999999995,-99.60000000000039,temp_error_1h,-0.05056398310228699,0.32455312915123136,0.8761978206825856,8398
33.0_-99.6,32.99999999999995,-99.60000000000039,wspd_error_1h,0.9691468501430879,0.36515508196987656,0.007967812691659137,8398
33.0_-99.6,32.99999999999995,-99.60000000000039,temp_error_0h,-0.6343013004182184,0.2615455729170224,0.01532084773309439,8398
33.0_-99.6,32.99999999999995,-99.60000000000039,wspd_error_0h,-0.3207799272051912,0.32696884976985185,0.32658572549778686,8398
33.0_-99.8,32.99999999999995,-99.80000000000038,temp_error_1h,0.5457835792961048,0.31149134571198595,0.07978247886865963,8398
33.0_-99.8,32.99999999999995,-99.80000000000038,wspd_error_1h,1.4665402040665898,0.36234550591723697,5.2267186715804215e-05,8398
33.0_-99.8,32.99999999999995,-99.80000000000038,temp_error_0h,-0.6599749146967357,0.26186098603660296,0.011743109971777965,8398
33.0_-99.8,32.99999999999995,-99.80000000000038,wspd_error_0h,-0.3058949185419315,0.31717732683799904,0.3348589460218845,8398
33.0_-99.9,32.99999999999995,-99.90000000000038,temp_error_1h,0.9135000862358934,0.3094832856052296,0.0031691394296959885,8398
33.0_-99.9,32.99999999999995,-99.90000000000038,wspd_error_1h,1.377561515553956,0.3478774581109658,7.560203813694599e-05,8398
33.0_-99.9,32.99999999999995,-99.90000000000038,temp_error_0h,-0.7169451335363327,0.26228340221812324,0.006280178580792661,8398
33.0_-99.9,32.99999999999995,-99.90000000000038,wspd_error_0h,-0.2245861516526213,0.31432297566529027,0.4749333242355549,8398
33.1_-101.7,33.09999999999995,-101.70000000000027,temp_error_1h,1.1428416456078074,0.3135027645718326,0.00026860185656651936,8398
33.1_-101.7,33.09999999999995,-101.70000000000027,wspd_error_1h,0.7427997722666538,0.39384753311561893,0.059328468440422055,8398
33.1_-101.7,33.09999999999995,-101.70000000000027,temp_error_0h,-0.47992352228378676,0.26726614782218494,0.07258210882476357,8398
33.1_-101.7,33.09999999999995,-101.70000000000027,wspd_error_0h,-0.2591386536345393,0.32446949943391734,0.42451414036095936,8398
33.1_-96.5,33.09999999999995,-96.50000000000057,temp_error_1h,-2.636312316302014,0.40463257606519704,7.672906754407904e-11,8398
33.1_-96.5,33.09999999999995,-96.50000000000057,wspd_error_1h,-0.047707274821395265,0.3658688124507813,0.8962574696785528,8398
33.1_-96.5,33.09999999999995,-96.50000000000057,temp_error_0h,0.6420040780552865,0.27082043246940934,0.017782304171624297,8398
33.1_-96.5,33.09999999999995,-96.50000000000057,wspd_error_0h,1.0380231788761998,0.36452479615395544,0.004415681831593021,8398
33.1_-96.6,33.09999999999995,-96.60000000000056,temp_error_1h,-1.0374797421986064,0.3543746849675372,0.0034247217830050136,8398
33.1_-96.6,33.09999999999995,-96.60000000000056,wspd_error_1h,0.5977029000326666,0.40125984753728816,0.13637621145520162,8398
33.1_-96.6,33.09999999999995,-96.60000000000056,temp_error_0h,0.5688027213171408,0.27676719324441745,0.03989392062833441,8398
33.1_-96.6,33.09999999999995,-96.60000000000056,wspd_error_0h,0.7785689901739479,0.38572626192013504,0.043576352002013596,8398
33.1_-96.7,33.09999999999995,-96.70000000000056,temp_error_1h,-0.9566290308077253,0.3226480358535806,0.0030360656233137107,8398
33.1_-96.7,33.09999999999995,-96.70000000000056,wspd_error_1h,0.08076035502471189,0.4226943107393237,0.8484825231671791,8398
33.1_-96.7,33.09999999999995,-96.70000000000056,temp_error_0h,0.5477524226068076,0.2749504953211613,0.046383179775669525,8398
33.1_-96.7,33.09999999999995,-96.70000000000056,wspd_error_0h,0.8733625593858453,0.3960550030277466,0.027470375696985183,8398
33.1_-96.8,33.09999999999995,-96.80000000000055,temp_error_1h,-1.079986486995928,0.31471639882543395,0.0006028979054757411,8398
33.1_-96.8,33.09999999999995,-96.80000000000055,wspd_error_1h,-0.892364672236359,0.43213440182405094,0.03895221369518853,8398
33.1_-96.8,33.09999999999995,-96.80000000000055,temp_error_0h,0.5727095549488478,0.27580602926253706,0.03787878109806697,8398
33.1_-96.8,33.09999999999995,-96.80000000000055,wspd_error_0h,0.9522052087765022,0.40403258974443956,0.018458427466319316,8398
33.1_-97.0,33.09999999999995,-97.00000000000054,temp_error_1h,-1.4857429234170798,0.3866322667739248,0.00012254938056699416,8398
33.1_-97.0,33.09999999999995,-97.00000000000054,wspd_error_1h,0.2114974414033075,0.3820658602255097,0.5798929124340566,8398
33.1_-97.0,33.09999999999995,-97.00000000000054,temp_error_0h,0.5014078021637367,0.2689200868625447,0.06228326891864766,8398
33.1_-97.0,33.09999999999995,-97.00000000000054,wspd_error_0h,0.17424547872187596,0.3943119975744732,0.6585748286907154,8398
33.1_-97.9,33.09999999999995,-97.90000000000049,temp_error_1h,-0.8357176630877633,0.305591862496203,0.006255909598249509,8398
33.1_-97.9,33.09999999999995,-97.90000000000049,wspd_error_1h,1.0048180874424644,0.3540309463037306,0.004547511391289172,8398
33.1_-97.9,33.09999999999995,-97.90000000000049,temp_error_0h,-0.15939427674456455,0.25981169186737224,0.5395629811700928,8398
33.1_-97.9,33.09999999999995,-97.90000000000049,wspd_error_0h,-0.4937414465323381,0.3692372612250763,0.1811960758562825,8398
33.1_-98.0,33.09999999999995,-98.00000000000048,temp_error_1h,-0.7374186662703924,0.31203441836343365,0.018137688477358305,8398
33.1_-98.0,33.09999999999995,-98.00000000000048,wspd_error_1h,0.5458744174242116,0.35573215533029795,0.1249421861298401,8398
33.1_-98.0,33.09999999999995,-98.00000000000048,temp_error_0h,-0.1680489127773315,0.25751118178778043,0.5140393608815201,8398
33.1_-98.0,33.09999999999995,-98.00000000000048,wspd_error_0h,-0.4621848567606353,0.36496872916397916,0.20541652795244425,8398
33.1_-98.2,33.09999999999995,-98.20000000000047,temp_error_1h,-0.2858305750671102,0.3134262411139514,0.3618188036346792,8398
33.1_-98.2,33.09999999999995,-98.20000000000047,wspd_error_1h,0.1348356653249981,0.37213407018720246,0.7171139474845045,8398
33.1_-98.2,33.09999999999995,-98.20000000000047,temp_error_0h,-0.0833330288577649,0.2584250754893262,0.7471085546856053,8398
33.1_-98.2,33.09999999999995,-98.20000000000047,wspd_error_0h,-0.5039416562411596,0.3662534557008741,0.16887803568992732,8398
33.1_-98.3,33.09999999999995,-98.30000000000047,temp_error_1h,-0.1325514745972483,0.315443531819132,0.6743452907318686,8398
33.1_-98.3,33.09999999999995,-98.30000000000047,wspd_error_1h,0.32063447651102644,0.38480526197889187,0.4047341703498697,8398
33.1_-98.3,33.09999999999995,-98.30000000000047,temp_error_0h,-0.18523733117818153,0.26048062121670634,0.4770193750387739,8398
33.1_-98.3,33.09999999999995,-98.30000000000047,wspd_error_0h,-0.6515835340701451,0.3640940721332401,0.0735540933271861,8398
33.1_-98.6,33.09999999999995,-98.60000000000045,temp_error_1h,-0.34924593468928256,0.30859758024565065,0.2577848090411461,8398
33.1_-98.6,33.09999999999995,-98.60000000000045,wspd_error_1h,0.5379425850471364,0.37695935279235154,0.15360075254248984,8398
33.1_-98.6,33.09999999999995,-98.60000000000045,temp_error_0h,-0.446720951802344,0.25819731478382396,0.08363980170627583,8398
33.1_-98.6,33.09999999999995,-98.60000000000045,wspd_error_0h,-0.8371269808120587,0.3592719097446219,0.019826393702188527,8398
33.1_-98.9,33.09999999999995,-98.90000000000043,temp_error_1h,-0.39879223334935193,0.3084374047772794,0.19606623991725458,8398
33.1_-98.9,33.09999999999995,-98.90000000000043,wspd_error_1h,0.5840079095196702,0.3847558867566991,0.12908599333299953,8398
33.1_-98.9,33.09999999999995,-98.90000000000043,temp_error_0h,-0.4377037890208373,0.2598618536552375,0.0921473243598343,8398
33.1_-98.9,33.09999999999995,-98.90000000000043,wspd_error_0h,-0.504913364150265,0.353126382179662,0.15280103358058605,8398
33.1_-99.0,33.09999999999995,-99.00000000000043,temp_error_1h,-0.17467768312954018,0.3118244311657549,0.5753719617676989,8398
33.1_-99.0,33.09999999999995,-99.00000000000043,wspd_error_1h,0.4136824774227772,0.38122944129888015,0.2778965791293808,8398
33.1_-99.0,33.09999999999995,-99.00000000000043,temp_error_0h,-0.39697616311500233,0.2562990343981536,0.12144870786769002,8398
33.1_-99.0,33.09999999999995,-99.00000000000043,wspd_error_0h,-0.3473002688357833,0.3478751045194606,0.31813975192458965,8398
33.1_-99.1,33.09999999999995,-99.10000000000042,temp_error_1h,0.16792619934138264,0.31185543873152166,0.5902638531675233,8398
33.1_-99.1,33.09999999999995,-99.10000000000042,wspd_error_1h,0.8768410007518157,0.37995560471576284,0.021037582383834463,8398
33.1_-99.1,33.09999999999995,-99.10000000000042,temp_error_0h,-0.5154026958540799,0.25994775113091356,0.0474317995964566,8398
33.1_-99.1,33.09999999999995,-99.10000000000042,wspd_error_0h,-0.4066015189441211,0.34778841709008107,0.24239428326224854,8398
33.1_-99.2,33.09999999999995,-99.20000000000041,temp_error_1h,-0.19066974668378042,0.3208578481065537,0.5523610647552841,8398
33.1_-99.2,33.09999999999995,-99.20000000000041,wspd_error_1h,0.7071513038634029,0.3713182409389413,0.05688791432284024,8398
33.1_-99.2,33.09999999999995,-99.20000000000041,temp_error_0h,-0.49737932852858335,0.259541169882109,0.05535090853424762,8398
33.1_-99.2,33.09999999999995,-99.20000000000041,wspd_error_0h,-0.2855378372349481,0.3414368181692345,0.4030195776919059,8398
33.1_-99.8,33.09999999999995,-99.80000000000038,temp_error_1h,0.7822557681743383,0.3088896041980035,0.011344137158615819,8398
33.1_-99.8,33.09999999999995,-99.80000000000038,wspd_error_1h,1.1092345812049995,0.34364678402793636,0.0012521293592762106,8398
33.1_-99.8,33.09999999999995,-99.80000000000038,temp_error_0h,-0.6711953964816927,0.266607728212858,0.01183633073582846,8398
33.1_-99.8,33.09999999999995,-99.80000000000038,wspd_error_0h,-0.27400172558962327,0.3236400635780624,0.3972284945500535,8398
33.1_-99.9,33.09999999999995,-99.90000000000038,temp_error_1h,1.055720909399808,0.31363054498074794,0.0007657468992985361,8398
33.1_-99.9,33.09999999999995,-99.90000000000038,wspd_error_1h,0.9270746255115736,0.3476211255223721,0.007669942338668134,8398
33.1_-99.9,33.09999999999995,-99.90000000000038,temp_error_0h,-0.6887047735841546,0.26682989339649316,0.009866546846956092,8398
33.1_-99.9,33.09999999999995,-99.90000000000038,wspd_error_0h,-0.11260495439570901,0.3211821899303622,0.7259008483675169,8398
33.2_-101.7,33.19999999999995,-101.70000000000027,temp_error_1h,1.0735411508845756,0.31330565917172126,0.0006143636926629892,8398
33.2_-101.7,33.19999999999995,-101.70000000000027,wspd_error_1h,0.8360788422970462,0.39426262679485685,0.03398367623742016,8398
33.2_-101.7,33.19999999999995,-101.70000000000027,temp_error_0h,-0.37555486289776774,0.26436107869505293,0.15546652369327796,8398
33.2_-101.7,33.19999999999995,-101.70000000000027,wspd_error_0h,-0.27670596288190175,0.32876306094462504,0.40000366608202187,8398
33.2_-101.8,33.19999999999995,-101.80000000000027,temp_error_1h,1.1806165787471983,0.3177788388995307,0.00020435539655805357,8398
33.2_-101.8,33.19999999999995,-101.80000000000027,wspd_error_1h,0.9899915028659088,0.3912975941524233,0.011423755817120407,8398
33.2_-101.8,33.19999999999995,-101.80000000000027,temp_error_0h,-0.33798635588733283,0.2661010666204608,0.2040691317240324,8398
33.2_-101.8,33.19999999999995,-101.80000000000027,wspd_error_0h,-0.2305249467187201,0.33098742121520436,0.4861498685161214,8398
33.2_-95.3,33.19999999999995,-95.30000000000064,temp_error_1h,-0.5394074849040782,0.33542727616719287,0.107846565937876,8398
33.2_-95.3,33.19999999999995,-95.30000000000064,wspd_error_1h,1.248455583379705,0.42277921570783716,0.0031560572254791808,8398
33.2_-95.3,33.19999999999995,-95.30000000000064,temp_error_0h,0.4356071298683436,0.27322619213182076,0.11090453797919575,8398
33.2_-95.3,33.19999999999995,-95.30000000000064,wspd_error_0h,0.6006080559196115,0.4090609685305749,0.14207112091655527,8398
33.2_-95.5,33.19999999999995,-95.50000000000063,temp_error_1h,-0.822513515679531,0.3271113450889191,0.011939582182894704,8398
33.2_-95.5,33.19999999999995,-95.50000000000063,wspd_error_1h,1.0184694512134498,0.40734325796874243,0.012428763274894505,8398
33.2_-95.5,33.19999999999995,-95.50000000000063,temp_error_0h,0.5541932108846168,0.2658606751110263,0.037142735488725265,8398
33.2_-95.5,33.19999999999995,-95.50000000000063,wspd_error_0h,0.773178564956506,0.3855341935025595,0.044944647356650824,8398
33.2_-96.1,33.19999999999995,-96.10000000000059,temp_error_1h,-0.7128128439567715,0.33216204666788357,0.03190335467802363,8398
33.2_-96.1,33.19999999999995,-96.10000000000059,wspd_error_1h,0.5925548721291235,0.390254246905619,0.12895605660996257,8398
33.2_-96.1,33.19999999999995,-96.10000000000059,temp_error_0h,0.8150028247037249,0.2742097245629357,0.0029652851635710853,8398
33.2_-96.1,33.19999999999995,-96.10000000000059,wspd_error_0h,0.7813365334587558,0.36620458127803485,0.0329040323613794,8398
33.2_-96.2,33.19999999999995,-96.20000000000059,temp_error_1h,-0.7039816977417658,0.34298493573337,0.04015072585803603,8398
33.2_-96.2,33.19999999999995,-96.20000000000059,wspd_error_1h,0.39826089298349415,0.39594679404773997,0.31451951759302377,8398
33.2_-96.2,33.19999999999995,-96.20000000000059,temp_error_0h,0.740180766309065,0.2757377870271435,0.007281112345623786,8398
33.2_-96.2,33.19999999999995,-96.20000000000059,wspd_error_0h,0.906272431414041,0.36497042807680763,0.013042482647279696,8398
33.2_-96.4,33.19999999999995,-96.40000000000057,temp_error_1h,-1.125587931495138,0.3592934153766104,0.0017375654241640337,8398
33.2_-96.4,33.19999999999995,-96.40000000000057,wspd_error_1h,0.4402680658073662,0.4036054896576536,0.27537577773494526,8398
33.2_-96.4,33.19999999999995,-96.40000000000057,temp_error_0h,0.5547124507527372,0.27493463138504004,0.043663197529433706,8398
33.2_-96.4,33.19999999999995,-96.40000000000057,wspd_error_0h,0.8481242427355485,0.3705548492783793,0.0221160788254553,8398
33.2_-96.5,33.19999999999995,-96.50000000000057,temp_error_1h,-1.2073944667276266,0.34603927151026037,0.00048699562601228763,8398
33.2_-96.5,33.19999999999995,-96.50000000000057,wspd_error_1h,0.7232664939708281,0.3892578907197147,0.06319491819850209,8398
33.2_-96.5,33.19999999999995,-96.50000000000057,temp_error_0h,0.36536885153959314,0.2715973649134945,0.17857805289038398,8398
33.2_-96.5,33.19999999999995,-96.50000000000057,wspd_error_0h,0.7165953579742524,0.3657684338770968,0.05012838478183146,8398
33.2_-96.7,33.19999999999995,-96.70000000000056,temp_error_1h,-1.0244976940141404,0.3154332128368263,0.0011671637767678433,8398
33.2_-96.7,33.19999999999995,-96.70000000000056,wspd_error_1h,-0.2877924420064111,0.3888952933896344,0.4593052997452576,8398
33.2_-96.7,33.19999999999995,-96.70000000000056,temp_error_0h,0.36248449329562243,0.2738380076709475,0.18563269575394759,8398
33.2_-96.7,33.19999999999995,-96.70000000000056,wspd_error_0h,0.8078549536595904,0.37664115614582405,0.03199015365067681,8398
33.2_-96.8,33.19999999999995,-96.80000000000055,temp_error_1h,-1.139491194634357,0.31156575223872224,0.00025644718871697947,8398
33.2_-96.8,33.19999999999995,-96.80000000000055,wspd_error_1h,-1.023740389416084,0.36835726325193313,0.0054613864776069665,8398
33.2_-96.8,33.19999999999995,-96.80000000000055,temp_error_0h,0.3747643787000124,0.2739068742744989,0.17128056509694978,8398
33.2_-96.8,33.19999999999995,-96.80000000000055,wspd_error_0h,0.8323973829153443,0.3773662556376938,0.02742458735832276,8398
33.2_-96.9,33.19999999999995,-96.90000000000055,temp_error_1h,-0.8692914318036896,0.33033230872140523,0.008514837048346102,8398
33.2_-96.9,33.19999999999995,-96.90000000000055,wspd_error_1h,0.11210541265803903,0.37167118030803814,0.7629452631880751,8398
33.2_-96.9,33.19999999999995,-96.90000000000055,temp_error_0h,0.28374974671098174,0.27187952541024135,0.2966729804005408,8398
33.2_-96.9,33.19999999999995,-96.90000000000055,wspd_error_0h,0.28009539815509304,0.37818225188213983,0.45893497200397104,8398
33.2_-97.0,33.19999999999995,-97.00000000000054,temp_error_1h,-0.64616170046691,0.3534069551660643,0.06752838729344623,8398
33.2_-97.0,33.19999999999995,-97.00000000000054,wspd_error_1h,0.29351649640848665,0.3920721851212317,0.45410209050166506,8398
33.2_-97.0,33.19999999999995,-97.00000000000054,temp_error_0h,0.2737819999220232,0.2724436348956054,0.31496810894676996,8398
33.2_-97.0,33.19999999999995,-97.00000000000054,wspd_error_0h,0.04914943563430701,0.3712794875256052,0.8946880770726675,8398
33.2_-97.1,33.19999999999995,-97.10000000000053,temp_error_1h,-0.8442154871818682,0.3236031778093874,0.009102254716774949,8398
33.2_-97.1,33.19999999999995,-97.10000000000053,wspd_error_1h,0.05830093563458694,0.4165326398206098,0.8886892255460044,8398
33.2_-97.1,33.19999999999995,-97.10000000000053,temp_error_0h,0.13715601996435983,0.27478922482093476,0.617699728823387,8398
33.2_-97.1,33.19999999999995,-97.10000000000053,wspd_error_0h,-0.09672223739955868,0.37489668625915146,0.7964155410876934,8398
33.2_-97.2,33.19999999999995,-97.20000000000053,temp_error_1h,-0.8232388672920843,0.3294184969316561,0.012471120460502139,8398
33.2_-97.2,33.19999999999995,-97.20000000000053,wspd_error_1h,0.15644985145536774,0.3952492556265078,0.6922436506723615,8398
33.2_-97.2,33.19999999999995,-97.20000000000053,temp_error_0h,-0.18422295232171607,0.27086457517402945,0.49644139288031663,8398
33.2_-97.2,33.19999999999995,-97.20000000000053,wspd_error_0h,-0.159642570425412,0.3701745514171864,0.6662883092304217,8398
33.2_-97.3,33.19999999999995,-97.30000000000052,temp_error_1h,-0.9656630810948129,0.3392315584423755,0.0044293841656504185,8398
33.2_-97.3,33.19999999999995,-97.30000000000052,wspd_error_1h,0.010002208149397854,0.3807206807138828,0.9790411945976429,8398
33.2_-97.3,33.19999999999995,-97.30000000000052,temp_error_0h,-0.27150334632576284,0.2709379619486263,0.3163307057558271,8398
33.2_-97.3,33.19999999999995,-97.30000000000052,wspd_error_0h,-0.11625471928391769,0.3669460611406028,0.7513904426774047,8398
33.2_-97.4,33.19999999999995,-97.40000000000052,temp_error_1h,-0.33588073598183277,0.34016907667257806,0.3234783580769669,8398
33.2_-97.4,33.19999999999995,-97.40000000000052,wspd_error_1h,0.4437548037004507,0.379652236850465,0.24249923332781553,8398
33.2_-97.4,33.19999999999995,-97.40000000000052,temp_error_0h,-0.3200068057927803,0.27460219024164373,0.24391187420951121,8398
33.2_-97.4,33.19999999999995,-97.40000000000052,wspd_error_0h,-0.11261376845294635,0.3700104869639455,0.7608666183767998,8398
33.2_-97.8,33.19999999999995,-97.8000000000005,temp_error_1h,-0.858515053751868,0.3022281997869391,0.004513499881215077,8398
33.2_-97.8,33.19999999999995,-97.8000000000005,wspd_error_1h,0.692094880427524,0.36398260809827376,0.057277405518008306,8398
33.2_-97.8,33.19999999999995,-97.8000000000005,temp_error_0h,-0.34332064465483414,0.2588304160908731,0.18473328197365024,8398
33.2_-97.8,33.19999999999995,-97.8000000000005,wspd_error_0h,-0.2630105248391584,0.3672718468725786,0.47393758680184783,8398
33.2_-98.3,33.19999999999995,-98.30000000000047,temp_error_1h,-0.3270385773228356,0.3123509477370579,0.2951193272759356,8398
33.2_-98.3,33.19999999999995,-98.30000000000047,wspd_error_1h,0.20036187087216645,0.37777268732207137,0.5958647984078909,8398
33.2_-98.3,33.19999999999995,-98.30000000000047,temp_error_0h,-0.25695770950427615,0.2613954691099589,0.3256246718519229,8398
33.2_-98.3,33.19999999999995,-98.30000000000047,wspd_error_0h,-0.7519217081983326,0.3609182134616072,0.037248960327641356,8398
33.2_-98.4,33.19999999999995,-98.40000000000046,temp_error_1h,-0.4127213475134775,0.31912255220385016,0.19594290927632607,8398
33.2_-98.4,33.19999999999995,-98.40000000000046,wspd_error_1h,-0.2887982810502834,0.380408586757531,0.44776679036834466,8398
33.2_-98.4,33.19999999999995,-98.40000000000046,temp_error_0h,-0.2590797051632464,0.26174447924136723,0.3222911700474729,8398
33.2_-98.4,33.19999999999995,-98.40000000000046,wspd_error_0h,-0.6925402553843552,0.3593996383826225,0.05402142062336801,8398
33.2_-98.9,33.19999999999995,-98.90000000000043,temp_error_1h,-0.5095163716558613,0.2996717381589037,0.0891214386000827,8398
33.2_-98.9,33.19999999999995,-98.90000000000043,wspd_error_1h,0.7983510190238993,0.3755127254734731,0.03353006494821131,8398
33.2_-98.9,33.19999999999995,-98.90000000000043,temp_error_0h,-0.4120858878071737,0.25553384966402265,0.10685899184924574,8398
33.2_-98.9,33.19999999999995,-98.90000000000043,wspd_error_0h,-0.4180894057467255,0.3482381213451709,0.22994632167797135,8398
33.2_-99.0,33.19999999999995,-99.00000000000043,temp_error_1h,-0.17175719287559268,0.30569162427335067,0.5742235877101236,8398
33.2_-99.0,33.19999999999995,-99.00000000000043,wspd_error_1h,0.48193032860445356,0.38178882656753627,0.2068776937846739,8398
33.2_-99.0,33.19999999999995,-99.00000000000043,temp_error_0h,-0.3929829611173572,0.25224189458910107,0.11928043315927206,8398
33.2_-99.0,33.19999999999995,-99.00000000000043,wspd_error_0h,-0.19726885272208283,0.34111928225467136,0.5630780265461737,8398
33.2_-99.1,33.19999999999995,-99.10000000000042,temp_error_1h,0.10637071774640322,0.30572177630619735,0.7278992091862251,8398
33.2_-99.1,33.19999999999995,-99.10000000000042,wspd_error_1h,0.980375532370279,0.3791582672910899,0.009735957758931324,8398
33.2_-99.1,33.19999999999995,-99.10000000000042,temp_error_0h,-0.48831381632135,0.2571432196030324,0.057599478160063056,8398
33.2_-99.1,33.19999999999995,-99.10000000000042,wspd_error_0h,-0.2797810028863488,0.3430312926338664,0.414744390404052,8398
33.2_-99.2,33.19999999999995,-99.20000000000041,temp_error_1h,0.0831270051038722,0.3137257683908899,0.7910413470315565,8398
33.2_-99.2,33.19999999999995,-99.20000000000041,wspd_error_1h,1.4733164436715267,0.3761762017002657,9.053669804037767e-05,8398
33.2_-99.2,33.19999999999995,-99.20000000000041,temp_error_0h,-0.5640525949142681,0.25766881104580264,0.028620020121519207,8398
33.2_-99.2,33.19999999999995,-99.20000000000041,wspd_error_0h,-0.3294717480698482,0.3369089616363178,0.32813965423793645,8398
33.2_-99.3,33.19999999999995,-99.30000000000041,temp_error_1h,-0.1490225754586993,0.31942369785739666,0.6408442244447632,8398
33.2_-99.3,33.19999999999995,-99.30000000000041,wspd_error_1h,1.0262941991398775,0.3834431053129545,0.007453570261956255,8398
33.2_-99.3,33.19999999999995,-99.30000000000041,temp_error_0h,-0.5576926569367648,0.2608289438606957,0.03253310337791282,8398
33.2_-99.3,33.19999999999995,-99.30000000000041,wspd_error_0h,-0.2686004243436338,0.3353311560420634,0.4231541297215424,8398
33.2_-99.4,33.19999999999995,-99.4000000000004,temp_error_1h,-0.3006356240548954,0.32883565032707834,0.36061566126284306,8398
33.2_-99.4,33.19999999999995,-99.4000000000004,wspd_error_1h,0.42457818521207913,0.3887922865958223,0.2748453579155934,8398
33.2_-99.4,33.19999999999995,-99.4000000000004,temp_error_0h,-0.5311887125863914,0.2646185202997138,0.04474184526006253,8398
33.2_-99.4,33.19999999999995,-99.4000000000004,wspd_error_0h,-0.2784815414243203,0.335819744842255,0.4069815607295606,8398
33.2_-99.6,33.19999999999995,-99.60000000000039,temp_error_1h,-0.0807639130171564,0.31515738742422844,0.7977522719759551,8398
33.2_-99.6,33.19999999999995,-99.60000000000039,wspd_error_1h,1.4331799263439655,0.36156961332856474,7.438892870537117e-05,8398
33.2_-99.6,33.19999999999995,-99.60000000000039,temp_error_0h,-0.5863905099665048,0.2651643414623011,0.02703352832051964,8398
33.2_-99.6,33.19999999999995,-99.60000000000039,wspd_error_0h,-0.4739413595964964,0.32976167793146133,0.15069183145060738,8398
33.2_-99.8,33.19999999999995,-99.80000000000038,temp_error_1h,0.9973898553256242,0.31873955496827533,0.001759049657584777,8398
33.2_-99.8,33.19999999999995,-99.80000000000038,wspd_error_1h,1.173443215936069,0.376217025012493,0.001820465052860376,8398
33.2_-99.8,33.19999999999995,-99.80000000000038,temp_error_0h,-0.6887507936034291,0.2673147362448272,0.009996071176034294,8398
33.2_-99.8,33.19999999999995,-99.80000000000038,wspd_error_0h,-0.24102219674346398,0.3247496784601584,0.4580001146639796,8398
33.2_-99.9,33.19999999999995,-99.90000000000038,temp_error_1h,1.112931802885224,0.3201964344744081,0.0005119609422548077,8398
33.2_-99.9,33.19999999999995,-99.90000000000038,wspd_error_1h,0.46867915602354754,0.3661187006902855,0.20053531697496685,8398
33.2_-99.9,33.19999999999995,-99.90000000000038,temp_error_0h,-0.6360876359416122,0.2661312254098984,0.016864530669146616,8398
33.2_-99.9,33.19999999999995,-99.90000000000038,wspd_error_0h,0.05369379861913859,0.3221076304076644,0.8676139091924857,8398
33.3_-101.0,33.299999999999955,-101.00000000000031,temp_error_1h,1.040249276749498,0.32322469332294823,0.0012942384667045115,8398
33.3_-101.0,33.299999999999955,-101.00000000000031,wspd_error_1h,0.7151724990786813,0.3408842441691812,0.03593578484676918,8398
33.3_-101.0,33.299999999999955,-101.00000000000031,temp_error_0h,-0.4382469927099287,0.2553451840672716,0.08614560676711958,8398
33.3_-101.0,33.299999999999955,-101.00000000000031,wspd_error_0h,-0.011273985410190215,0.31547324051690656,0.9714931279943775,8398
33.3_-101.7,33.299999999999955,-101.70000000000027,temp_error_1h,1.0338290075023207,0.3119478545245809,0.0009232704184798379,8398
33.3_-101.7,33.299999999999955,-101.70000000000027,wspd_error_1h,1.0435246802386484,0.3928718267665433,0.007918963839007587,8398
33.3_-101.7,33.299999999999955,-101.70000000000027,temp_error_0h,-0.3098602187832985,0.26363243526113045,0.23988845589432795,8398
33.3_-101.7,33.299999999999955,-101.70000000000027,wspd_error_0h,-0.28164679752538646,0.33568160600482166,0.4014767115262743,8398
33.3_-101.8,33.299999999999955,-101.80000000000027,temp_error_1h,1.0795429855034602,0.31189355639564204,0.0005403532315997328,8398
33.3_-101.8,33.299999999999955,-101.80000000000027,wspd_error_1h,1.132400004985127,0.3874482067405173,0.0034792636743905536,8398
33.3_-101.8,33.299999999999955,-101.80000000000027,temp_error_0h,-0.24450372834132458,0.26401087303535237,0.3544143460077447,8398
33.3_-101.8,33.299999999999955,-101.80000000000027,wspd_error_0h,-0.24792445727290083,0.3364513417120273,0.4612156675983823,8398
33.3_-95.2,33.299999999999955,-95.20000000000064,temp_error_1h,-0.6021373037794164,0.32082366938096746,0.06057372887911083,8398
33.3_-95.2,33.299999999999955,-95.20000000000064,wspd_error_1h,1.2303357059758016,0.44129114222347005,0.005314846162286724,8398
33.3_-95.2,33.299999999999955,-95.20000000000064,temp_error_0h,0.45887487401447247,0.2744167386631892,0.09452577499947257,8398
33.3_-95.2,33.299999999999955,-95.20000000000064,wspd_error_0h,0.4670799206313044,0.42713670806887233,0.2741997589732674,8398
33.3_-96.4,33.299999999999955,-96.40000000000057,temp_error_1h,-1.1733977065877355,0.3287772278664303,0.0003603906001397039,8398
33.3_-96.4,33.299999999999955,-96.40000000000057,wspd_error_1h,0.3090591471794897,0.37555499078531246,0.4105657149670243,8398
33.3_-96.4,33.299999999999955,-96.40000000000057,temp_error_0h,0.35006710340126035,0.27171513741537845,0.19765610615763118,8398
33.3_-96.4,33.299999999999955,-96.40000000000057,wspd_error_0h,0.8555996566352243,0.36686080931731957,0.0197128158282045,8398
33.3_-96.5,33.299999999999955,-96.50000000000057,temp_error_1h,-1.2820314640293704,0.3254243254441161,8.229262639303236e-05,8398
33.3_-96.5,33.299999999999955,-96.50000000000057,wspd_error_1h,0.28515200908379007,0.3792657056028692,0.45216071981532235,8398
33.3_-96.5,33.299999999999955,-96.50000000000057,temp_error_0h,0.18932580469556007,0.2694755591699707,0.4823424995000314,8398
33.3_-96.5,33.299999999999955,-96.50000000000057,wspd_error_0h,0.7924973125133812,0.3635957816452615,0.029314144211362247,8398
33.3_-96.6,33.299999999999955,-96.60000000000056,temp_error_1h,-1.2435043507691306,0.3173057597923105,8.964639174746658e-05,8398
33.3_-96.6,33.299999999999955,-96.60000000000056,wspd_error_1h,-0.2155469993786116,0.37781725548765666,0.5683499150602693,8398
33.3_-96.6,33.299999999999955,-96.60000000000056,temp_error_0h,0.166996677973063,0.2731164275948364,0.5409192203294066,8398
33.3_-96.6,33.299999999999955,-96.60000000000056,wspd_error_0h,0.8119170937150229,0.3680613388191512,0.02741610333978728,8398
33.3_-96.7,33.299999999999955,-96.70000000000056,temp_error_1h,-1.1981220847031682,0.3183380010647283,0.00016857827262684033,8398
33.3_-96.7,33.299999999999955,-96.70000000000056,wspd_error_1h,-0.4913328747192866,0.365113140709991,0.1784356907263165,8398
33.3_-96.7,33.299999999999955,-96.70000000000056,temp_error_0h,0.1735947497292386,0.272737091114118,0.5244737700376807,8398
33.3_-96.7,33.299999999999955,-96.70000000000056,wspd_error_0h,0.7519200111892054,0.36432496151438903,0.039060676988516674,8398
33.3_-96.8,33.299999999999955,-96.80000000000055,temp_error_1h,-1.2350023705601705,0.30954124513835496,6.669856407337527e-05,8398
33.3_-96.8,33.299999999999955,-96.80000000000055,wspd_error_1h,-0.8701358163328418,0.36351132880450565,0.016701461690614705,8398
33.3_-96.8,33.299999999999955,-96.80000000000055,temp_error_0h,0.18093627529340073,0.2728471338003938,0.5072581849233524,8398
33.3_-96.8,33.299999999999955,-96.80000000000055,wspd_error_0h,0.6756197445057801,0.36518475606556244,0.06433780078404805,8398
33.3_-97.0,33.299999999999955,-97.00000000000054,temp_error_1h,-0.36617131648958684,0.3328793149141736,0.27135848364686455,8398
33.3_-97.0,33.299999999999955,-97.00000000000054,wspd_error_1h,-0.0017578759185155907,0.38646426452923976,0.9963708539591711,8398
33.3_-97.0,33.299999999999955,-97.00000000000054,temp_error_0h,0.13445882919871313,0.27219395195629914,0.6213320930369894,8398
33.3_-97.0,33.299999999999955,-97.00000000000054,wspd_error_0h,0.0036704936640801445,0.36060905149205863,0.9918790390301706,8398
33.3_-97.1,33.299999999999955,-97.10000000000053,temp_error_1h,-0.549015074451127,0.3217726913291644,0.0880042434077224,8398
33.3_-97.1,33.299999999999955,-97.10000000000053,wspd_error_1h,0.5581874906462755,0.381062401570402,0.1430078964606225,8398
33.3_-97.1,33.299999999999955,-97.10000000000053,temp_error_0h,0.06688074724362107,0.27364931717224517,0.8069246254344051,8398
33.3_-97.1,33.299999999999955,-97.10000000000053,wspd_error_0h,-0.30439771094498347,0.3667531895939943,0.4065739586622841,8398
33.3_-97.2,33.299999999999955,-97.20000000000053,temp_error_1h,-0.5012095950966223,0.3309072403564611,0.12989816356846418,8398
33.3_-97.2,33.299999999999955,-97.20000000000053,wspd_error_1h,0.521676085305946,0.37869396205179623,0.16837408880214166,8398
33.3_-97.2,33.299999999999955,-97.20000000000053,temp_error_0h,-0.25304248563378634,0.269688544550941,0.34812933424868153,8398
33.3_-97.2,33.299999999999955,-97.20000000000053,wspd_error_0h,-0.31903915894464396,0.36591423437053544,0.38329016436552354,8398
33.3_-97.3,33.299999999999955,-97.30000000000052,temp_error_1h,-0.7544006763768394,0.3359416851747128,0.024753757405046928,8398
33.3_-97.3,33.299999999999955,-97.30000000000052,wspd_error_1h,-0.06889882545312818,0.3796926940832985,0.856011364275709,8398
33.3_-97.3,33.299999999999955,-97.30000000000052,temp_error_0h,-0.3221533082181095,0.27027693975073463,0.23331947477175508,8398
33.3_-97.3,33.299999999999955,-97.30000000000052,wspd_error_0h,-0.1742970613804045,0.36490222638304187,0.6329088795325872,8398
33.3_-97.4,33.299999999999955,-97.40000000000052,temp_error_1h,-0.4779200387958359,0.3446520589364914,0.16557819334544654,8398
33.3_-97.4,33.299999999999955,-97.40000000000052,wspd_error_1h,-0.01583371364076759,0.37793306048120284,0.9665829644060855,8398
33.3_-97.4,33.299999999999955,-97.40000000000052,temp_error_0h,-0.38855852262765167,0.2750021151392318,0.15771378399516744,8398
33.3_-97.4,33.299999999999955,-97.40000000000052,wspd_error_0h,-0.149566858619378,0.36632217185147686,0.6830688791209785,8398
33.3_-97.5,33.299999999999955,-97.50000000000051,temp_error_1h,-0.6137041668130518,0.33380605603561203,0.06602346745481835,8398
33.3_-97.5,33.299999999999955,-97.50000000000051,wspd_error_1h,0.30295831142117724,0.3802053894904446,0.4255735529868656,8398
33.3_-97.5,33.299999999999955,-97.50000000000051,temp_error_0h,-0.46929985800964574,0.27167770515764833,0.08413029859707799,8398
33.3_-97.5,33.299999999999955,-97.50000000000051,wspd_error_0h,-0.0916990038505265,0.36085506966566466,0.7994122875211689,8398
33.3_-97.6,33.299999999999955,-97.6000000000005,temp_error_1h,-0.47231605660600545,0.32993265407202665,0.1523092098447667,8398
33.3_-97.6,33.299999999999955,-97.6000000000005,wspd_error_1h,-0.1447775716254208,0.39061203496635283,0.7109129309536275,8398
33.3_-97.6,33.299999999999955,-97.6000000000005,temp_error_0h,-0.4896935688841868,0.2723209396197586,0.07217787766286543,8398
33.3_-97.6,33.299999999999955,-97.6000000000005,wspd_error_0h,0.03554883309958474,0.3743436558220563,0.9243464153534595,8398
33.3_-97.7,33.299999999999955,-97.7000000000005,temp_error_1h,-0.6241735123596491,0.3085975813430011,0.04314484121943907,8398
33.3_-97.7,33.299999999999955,-97.7000000000005,wspd_error_1h,0.7586816350133776,0.3699600744218373,0.04032610575140527,8398
33.3_-97.7,33.299999999999955,-97.7000000000005,temp_error_0h,-0.410308648086498,0.262647198807461,0.11827767914858112,8398
33.3_-97.7,33.299999999999955,-97.7000000000005,wspd_error_0h,-0.17704527136989454,0.37374046505012865,0.6357178080514747,8398
33.3_-97.8,33.299999999999955,-97.8000000000005,temp_error_1h,-0.8321352611437506,0.3141672364251187,0.00809535579403553,8398
33.3_-97.8,33.299999999999955,-97.8000000000005,wspd_error_1h,0.6356542059850421,0.3823185141904767,0.09642404070776389,8398
33.3_-97.8,33.299999999999955,-97.8000000000005,temp_error_0h,-0.36009890167256503,0.26026138703729945,0.1665164604201277,8398
33.3_-97.8,33.299999999999955,-97.8000000000005,wspd_error_0h,-0.2740110133044241,0.37344075610131544,0.4631235683611683,8398
33.3_-97.9,33.299999999999955,-97.90000000000049,temp_error_1h,-0.6078242819349209,0.30069104446110045,0.04326764461227395,8398
33.3_-97.9,33.299999999999955,-97.90000000000049,wspd_error_1h,0.48513468265329057,0.365906473907827,0.18492781727493934,8398
33.3_-97.9,33.299999999999955,-97.90000000000049,temp_error_0h,-0.34510967074751026,0.2621459938254459,0.1880494619635631,8398
33.3_-97.9,33.299999999999955,-97.90000000000049,wspd_error_0h,-0.5009682913345471,0.3724029938693414,0.17858694594827007,8398
33.3_-98.0,33.299999999999955,-98.00000000000048,temp_error_1h,-0.17009993870472895,0.296760543335903,0.5665320197455244,8398
33.3_-98.0,33.299999999999955,-98.00000000000048,wspd_error_1h,0.22002481038895022,0.3571700225138259,0.5378963752986774,8398
33.3_-98.0,33.299999999999955,-98.00000000000048,temp_error_0h,-0.2586832812133842,0.26206871898500644,0.32363108530163465,8398
33.3_-98.0,33.299999999999955,-98.00000000000048,wspd_error_0h,-0.5813938085123114,0.35899180034219286,0.10537351840644105,8398
33.3_-98.1,33.299999999999955,-98.10000000000048,temp_error_1h,-0.09294819019678174,0.29055139143750536,0.7490500484376075,8398
33.3_-98.1,33.299999999999955,-98.10000000000048,wspd_error_1h,0.34947839391559227,0.3578085646731344,0.3287366022039244,8398
33.3_-98.1,33.299999999999955,-98.10000000000048,temp_error_0h,-0.30269295483947145,0.2621135533485943,0.24819876050745826,8398
33.3_-98.1,33.299999999999955,-98.10000000000048,wspd_error_0h,-0.7339634859583214,0.3587140363357107,0.040778124309366115,8398
33.3_-98.2,33.299999999999955,-98.20000000000047,temp_error_1h,0.004244877350452787,0.2916569416376404,0.9883880658928601,8398
33.3_-98.2,33.299999999999955,-98.20000000000047,wspd_error_1h,0.9935207148916602,0.3656468674210365,0.006598059292458824,8398
33.3_-98.2,33.299999999999955,-98.20000000000047,temp_error_0h,-0.240815960951876,0.2552485253751951,0.34547457074497934,8398
33.3_-98.2,33.299999999999955,-98.20000000000047,wspd_error_0h,-0.9106088713409468,0.35277558400658227,0.00986065090306365,8398
33.3_-98.3,33.299999999999955,-98.30000000000047,temp_error_1h,-0.08140518147713305,0.29898897695578763,0.7854225561704089,8398
33.3_-98.3,33.299999999999955,-98.30000000000047,wspd_error_1h,0.6411025076285525,0.3806924240574015,0.09221065942555184,8398
33.3_-98.3,33.299999999999955,-98.30000000000047,temp_error_0h,-0.23156608940746412,0.2572634585191616,0.368086252403528,8398
33.3_-98.3,33.299999999999955,-98.30000000000047,wspd_error_0h,-0.8878131456925089,0.35448658286500645,0.012281209207813504,8398
33.3_-98.4,33.299999999999955,-98.40000000000046,temp_error_1h,-0.4209722407914915,0.308163275149341,0.17195412761614115,8398
33.3_-98.4,33.299999999999955,-98.40000000000046,wspd_error_1h,0.4873912539557496,0.3769378963534128,0.1960371229713287,8398
33.3_-98.4,33.299999999999955,-98.40000000000046,temp_error_0h,-0.28457130306119166,0.25753934656036964,0.2692076821808844,8398
33.3_-98.4,33.299999999999955,-98.40000000000046,wspd_error_0h,-0.84157177739457,0.35532061587668146,0.017883693485952756,8398
33.3_-98.5,33.299999999999955,-98.50000000000045,temp_error_1h,-0.41228934630985437,0.3119213996316725,0.18627986982876488,8398
33.3_-98.5,33.299999999999955,-98.50000000000045,wspd_error_1h,0.21080175801750436,0.3826966445494701,0.581763213669515,8398
33.3_-98.5,33.299999999999955,-98.50000000000045,temp_error_0h,-0.350370085956238,0.2548079088816003,0.16915710349568935,8398
33.3_-98.5,33.299999999999955,-98.50000000000045,wspd_error_0h,-0.6872202267757486,0.34637057233341634,0.04728174259421358,8398
33.3_-98.6,33.299999999999955,-98.60000000000045,temp_error_1h,-0.5664379545464294,0.3136850509041134,0.0709927862848223,8398
33.3_-98.6,33.299999999999955,-98.60000000000045,wspd_error_1h,0.2617059764056358,0.3832118688846411,0.4946715018486647,8398
33.3_-98.6,33.299999999999955,-98.60000000000045,temp_error_0h,-0.3849834923977752,0.25645837456782483,0.13335354127487453,8398
33.3_-98.6,33.299999999999955,-98.60000000000045,wspd_error_0h,-0.6231121354245992,0.3467999438600679,0.07241172253412542,8398
33.3_-98.7,33.299999999999955,-98.70000000000044,temp_error_1h,-0.685177976355427,0.3098006301984211,0.02701616268431306,8398
33.3_-98.7,33.299999999999955,-98.70000000000044,wspd_error_1h,0.6005293753480779,0.3818291724844104,0.11581000069606517,8398
33.3_-98.7,33.299999999999955,-98.70000000000044,temp_error_0h,-0.4308032819942194,0.25502847344311447,0.0912115171354666,8398
33.3_-98.7,33.299999999999955,-98.70000000000044,wspd_error_0h,-0.5590981122974431,0.3417959285305266,0.10192626178614428,8398
33.3_-98.8,33.299999999999955,-98.80000000000044,temp_error_1h,-0.5929578254157963,0.3121686013684973,0.05753587463889209,8398
33.3_-98.8,33.299999999999955,-98.80000000000044,wspd_error_1h,0.5104687144470774,0.3837540113343843,0.18348943564070175,8398
33.3_-98.8,33.299999999999955,-98.80000000000044,temp_error_0h,-0.4418900502931615,0.2557752121960652,0.08408793856197838,8398
33.3_-98.8,33.299999999999955,-98.80000000000044,wspd_error_0h,-0.44682452014114815,0.342212351556531,0.19169267860827177,8398
33.3_-98.9,33.299999999999955,-98.90000000000043,temp_error_1h,-0.5085891847647485,0.3050723748120941,0.09553002332465232,8398
33.3_-98.9,33.299999999999955,-98.90000000000043,wspd_error_1h,0.09205414717304991,0.3751674823963819,0.8061774217716626,8398
33.3_-98.9,33.299999999999955,-98.90000000000043,temp_error_0h,-0.40543876924820715,0.2550661959802711,0.11197561236034659,8398
33.3_-98.9,33.299999999999955,-98.90000000000043,wspd_error_0h,-0.2625392739721354,0.34360228264364395,0.444841765588877,8398
33.3_-99.4,33.299999999999955,-99.4000000000004,temp_error_1h,-0.15433553238869718,0.3304252655434563,0.6404537401383834,8398
33.3_-99.4,33.299999999999955,-99.4000000000004,wspd_error_1h,0.4733995342475797,0.38862288816390345,0.22320277464862692,8398
33.3_-99.4,33.299999999999955,-99.4000000000004,temp_error_0h,-0.5285907342859311,0.26281706240180835,0.04433114221440526,8398
33.3_-99.4,33.299999999999955,-99.4000000000004,wspd_error_0h,-0.23929884215650407,0.33443578689774,0.4743015963144801,8398
33.3_-99.5,33.299999999999955,-99.5000000000004,temp_error_1h,-0.21775704187458744,0.3217259073594534,0.49852605648898063,8398
33.3_-99.5,33.299999999999955,-99.5000000000004,wspd_error_1h,1.2725775091901805,0.37455098330595443,0.0006829494885876031,8398
33.3_-99.5,33.299999999999955,-99.5000000000004,temp_error_0h,-0.5329414930039602,0.2612271260489855,0.041367155927705124,8398
33.3_-99.5,33.299999999999955,-99.5000000000004,wspd_error_0h,-0.4344701112520336,0.32755836181664644,0.184746824163184,8398
33.3_-99.6,33.299999999999955,-99.60000000000039,temp_error_1h,0.1037938518131195,0.31230089301964775,0.7396317540442783,8398
33.3_-99.6,33.299999999999955,-99.60000000000039,wspd_error_1h,1.4086012953011326,0.37129825157275564,0.00014945475085781368,8398
33.3_-99.6,33.299999999999955,-99.60000000000039,temp_error_0h,-0.5921007318634969,0.26524700635282733,0.025624069538566774,8398
33.3_-99.6,33.299999999999955,-99.60000000000039,wspd_error_0h,-0.46442641370311744,0.33036075820554417,0.15981597433440164,8398
33.3_-99.7,33.299999999999955,-99.70000000000039,temp_error_1h,0.3959166973748189,0.30946141594887566,0.20080112722028765,8398
33.3_-99.7,33.299999999999955,-99.70000000000039,wspd_error_1h,1.112871114565676,0.3739705206924574,0.00293037457045231,8398
33.3_-99.7,33.299999999999955,-99.70000000000039,temp_error_0h,-0.6201710441129499,0.2656338894225558,0.01958352441799649,8398
33.3_-99.7,33.299999999999955,-99.70000000000039,wspd_error_0h,-0.3589554463668983,0.3286273486852028,0.2747383758105908,8398
33.3_-99.8,33.299999999999955,-99.80000000000038,temp_error_1h,0.8928736911071948,0.31236279108764076,0.004267680303471355,8398
33.3_-99.8,33.299999999999955,-99.80000000000038,wspd_error_1h,0.9006235739270088,0.3792210597684412,0.017574706484699387,8398
33.3_-99.8,33.299999999999955,-99.80000000000038,temp_error_0h,-0.682658016767487,0.26533035241128605,0.010103279761066508,8398
33.3_-99.8,33.299999999999955,-99.80000000000038,wspd_error_0h,-0.22447641516769704,0.3245705809475123,0.4892011935466263,8398
33.3_-99.9,33.299999999999955,-99.90000000000038,temp_error_1h,1.1956229586424483,0.31418467065019057,0.00014254084646814213,8398
33.3_-99.9,33.299999999999955,-99.90000000000038,wspd_error_1h,0.651275238431423,0.3754436014702219,0.08283402995041689,8398
33.3_-99.9,33.299999999999955,-99.90000000000038,temp_error_0h,-0.7115078729049324,0.2644448418029972,0.0071471504369040595,8398
33.3_-99.9,33.299999999999955,-99.90000000000038,wspd_error_0h,-0.05557176133040119,0.3232842291380282,0.8635222490815104,8398
33.4_-101.8,33.399999999999956,-101.80000000000027,temp_error_1h,0.9056170507659724,0.3037112568226244,0.0028735223202476234,8398
33.4_-101.8,33.399999999999956,-101.80000000000027,wspd_error_1h,1.0986423772378433,0.395232553925994,0.005452465876067514,8398
33.4_-101.8,33.399999999999956,-101.80000000000027,temp_error_0h,-0.1470075013404933,0.2653494094184504,0.5795835386591452,8398
33.4_-101.8,33.399999999999956,-101.80000000000027,wspd_error_0h,-0.21797737819828922,0.3496338393274694,0.5330093215148344,8398
33.4_-101.9,33.399999999999956,-101.90000000000026,temp_error_1h,1.1545383735355608,0.30769145545207544,0.00017643391609900583,8398
33.4_-101.9,33.399999999999956,-101.90000000000026,wspd_error_1h,0.9209200811651757,0.39077322618035826,0.018463013445616072,8398
33.4_-101.9,33.399999999999956,-101.90000000000026,temp_error_0h,-0.15160036966435447,0.2671474977176022,0.5704046080125109,8398
33.4_-101.9,33.399999999999956,-101.90000000000026,wspd_error_0h,-0.19423203296554678,0.3491555001164907,0.5780268921268465,8398
33.4_-95.4,33.399999999999956,-95.40000000000063,temp_error_1h,-1.0179321262905128,0.3210291164772183,0.0015254784179237202,8398
33.4_-95.4,33.399999999999956,-95.40000000000063,wspd_error_1h,0.9674217973723103,0.41333276325632956,0.019279281733355136,8398
33.4_-95.4,33.399999999999956,-95.40000000000063,temp_error_0h,0.31478635608710076,0.27002922021731024,0.24374912222546707,8398
33.4_-95.4,33.399999999999956,-95.40000000000063,wspd_error_0h,0.6674156865011578,0.4077620810766357,0.10171468443868892,8398
33.4_-96.1,33.399999999999956,-96.10000000000059,temp_error_1h,-0.7725647028745984,0.32799089031190226,0.018523487786166415,8398
33.4_-96.1,33.399999999999956,-96.10000000000059,wspd_error_1h,0.3299649260369976,0.37464916760883477,0.3784890675964845,8398
33.4_-96.1,33.399999999999956,-96.10000000000059,temp_error_0h,0.615437650627502,0.2728052544003232,0.024098903311416953,8398
33.4_-96.1,33.399999999999956,-96.10000000000059,wspd_error_0h,0.7841356869896505,0.35555521704661874,0.027454309667306998,8398
33.4_-96.4,33.399999999999956,-96.40000000000057,temp_error_1h,-1.3896766561821507,0.3270324493073779,2.1671576840853746e-05,8398
33.4_-96.4,33.399999999999956,-96.40000000000057,wspd_error_1h,-0.06291850752476956,0.373066753602565,0.8660743456633349,8398
33.4_-96.4,33.399999999999956,-96.40000000000057,temp_error_0h,0.22016519199230472,0.27183646509039827,0.41801048360158255,8398
33.4_-96.4,33.399999999999956,-96.40000000000057,wspd_error_0h,1.0273332765650711,0.36310975292906983,0.004676641732967779,8398
33.4_-96.5,33.399999999999956,-96.50000000000057,temp_error_1h,-1.409869977797161,0.31976761253570773,1.0512575977283944e-05,8398
33.4_-96.5,33.399999999999956,-96.50000000000057,wspd_error_1h,0.13955145109054123,0.36750650143613817,0.7041591199783985,8398
33.4_-96.5,33.399999999999956,-96.50000000000057,temp_error_0h,0.04893445893129435,0.2688206444994543,0.8555605708204768,8398
33.4_-96.5,33.399999999999956,-96.50000000000057,wspd_error_0h,0.9512979163860771,0.3603896078415707,0.008314889378362667,8398
33.4_-96.8,33.399999999999956,-96.80000000000055,temp_error_1h,-0.7601012463563152,0.3358840575392543,0.023662044481240763,8398
33.4_-96.8,33.399999999999956,-96.80000000000055,wspd_error_1h,-0.3395481326705953,0.3628230351791485,0.34937719158434954,8398
33.4_-96.8,33.399999999999956,-96.80000000000055,temp_error_0h,0.0040040080797201115,0.2762321189423431,0.9884353464029465,8398
33.4_-96.8,33.399999999999956,-96.80000000000055,wspd_error_0h,0.4587114693860024,0.36624509349207257,0.21043323063902686,8398
33.4_-96.9,33.399999999999956,-96.90000000000055,temp_error_1h,-0.6272763877752539,0.32550082807124636,0.0539996004713712,8398
33.4_-96.9,33.399999999999956,-96.90000000000055,wspd_error_1h,0.16027732451602958,0.37444980789906324,0.668637251550809,8398
33.4_-96.9,33.399999999999956,-96.90000000000055,temp_error_0h,-0.08599963444031455,0.27467296945054587,0.7542138095869761,8398
33.4_-96.9,33.399999999999956,-96.90000000000055,wspd_error_0h,0.09668313101301718,0.3690978974264656,0.7933707569438955,8398
33.4_-98.5,33.399999999999956,-98.50000000000045,temp_error_1h,-0.08916876486946741,0.30225639198813586,0.7679933001963741,8398
33.4_-98.5,33.399999999999956,-98.50000000000045,wspd_error_1h,1.0294100421762062,0.3742136136971493,0.005956665950162421,8398
33.4_-98.5,33.399999999999956,-98.50000000000045,temp_error_0h,-0.421291053777755,0.2571049286566397,0.1013351179787656,8398
33.4_-98.5,33.399999999999956,-98.50000000000045,wspd_error_0h,-0.6913696651289664,0.3450625420452089,0.04514442071990077,8398
33.4_-98.6,33.399999999999956,-98.60000000000045,temp_error_1h,-0.22119184044479953,0.31097090832041063,0.4769217260719314,8398
33.4_-98.6,33.399999999999956,-98.60000000000045,wspd_error_1h,0.5595261965708418,0.3827612440221245,0.143829467967018,8398
33.4_-98.6,33.399999999999956,-98.60000000000045,temp_error_0h,-0.41245271395747457,0.2599607392117593,0.11264197261325815,8398
33.4_-98.6,33.399999999999956,-98.60000000000045,wspd_error_0h,-0.5889334467672823,0.34977045722540245,0.09226323301685824,8398
33.4_-98.7,33.399999999999956,-98.70000000000044,temp_error_1h,-0.3716288306346556,0.31580907164623445,0.23932818525704636,8398
33.4_-98.7,33.399999999999956,-98.70000000000044,wspd_error_1h,0.5301933782142764,0.38519542811230645,0.1687263624070927,8398
33.4_-98.7,33.399999999999956,-98.70000000000044,temp_error_0h,-0.42225988988481333,0.25861552036888585,0.10255487217790815,8398
33.4_-98.7,33.399999999999956,-98.70000000000044,wspd_error_0h,-0.5214639402837428,0.3452014486520253,0.13092626293709997,8398
33.4_-99.5,33.399999999999956,-99.5000000000004,temp_error_1h,-0.10356435029320644,0.31999457352963334,0.7462156088623999,8398
33.4_-99.5,33.399999999999956,-99.5000000000004,wspd_error_1h,1.1977850293944161,0.3798614725349112,0.00162054307516879,8398
33.4_-99.5,33.399999999999956,-99.5000000000004,temp_error_0h,-0.463851419258103,0.2630164605657999,0.07783871305532597,8398
33.4_-99.5,33.399999999999956,-99.5000000000004,wspd_error_0h,-0.39769831416292556,0.33093225721050334,0.2294939052122933,8398
33.4_-99.7,33.399999999999956,-99.70000000000039,temp_error_1h,0.6297183316591357,0.31221845442354695,0.04373622323255444,8398
33.4_-99.7,33.399999999999956,-99.70000000000039,wspd_error_1h,0.880581034521309,0.3876760170818279,0.023145951058966663,8398
33.4_-99.7,33.399999999999956,-99.70000000000039,temp_error_0h,-0.6236697627267301,0.2669906718856485,0.019518759402509245,8398
33.4_-99.7,33.399999999999956,-99.70000000000039,wspd_error_0h,-0.29414030169437577,0.33063067164486315,0.37368803045272747,8398
33.4_-99.8,33.399999999999956,-99.80000000000038,temp_error_1h,0.9874556396671829,0.3109422300302997,0.001500246318768328,8398
33.4_-99.8,33.399999999999956,-99.80000000000038,wspd_error_1h,0.8192261196611234,0.3815511746800562,0.03181451093164389,8398
33.4_-99.8,33.399999999999956,-99.80000000000038,temp_error_0h,-0.7253273130917763,0.266410127758639,0.00649054862982168,8398
33.4_-99.8,33.399999999999956,-99.80000000000038,wspd_error_0h,-0.27864208897454873,0.3277173836088817,0.39520981942476086,8398
33.4_-99.9,33.399999999999956,-99.90000000000038,temp_error_1h,1.108537587265272,0.3103473035295854,0.0003563592445363639,8398
33.4_-99.9,33.399999999999956,-99.90000000000038,wspd_error_1h,0.7455489275120963,0.37199444565254164,0.04508152773567553,8398
33.4_-99.9,33.399999999999956,-99.90000000000038,temp_error_0h,-0.7661637526077641,0.265021603910713,0.003850710978440919,8398
33.4_-99.9,33.399999999999956,-99.90000000000038,wspd_error_0h,-0.23054106268074134,0.3256705989013158,0.4790293051285135,8398
33.5_-101.9,33.49999999999996,-101.90000000000026,temp_error_1h,1.134784520030173,0.3055574248910554,0.00020548555433475002,8398
33.5_-101.9,33.49999999999996,-101.90000000000026,wspd_error_1h,1.0041943771045125,0.40857437837367994,0.013999231216353047,8398
33.5_-101.9,33.49999999999996,-101.90000000000026,temp_error_0h,-0.19130020107720583,0.2647951562381563,0.47004053278545355,8398
33.5_-101.9,33.49999999999996,-101.90000000000026,wspd_error_0h,-0.2589062826071321,0.34921076391030537,0.4584693114510443,8398
33.5_-95.4,33.49999999999996,-95.40000000000063,temp_error_1h,-0.8247986393775095,0.32714448370984156,0.011713785976248836,8398
33.5_-95.4,33.49999999999996,-95.40000000000063,wspd_error_1h,0.8522874555140978,0.40224161849595746,0.03413302954407427,8398
33.5_-95.4,33.49999999999996,-95.40000000000063,temp_error_0h,0.22352142087456642,0.2681345784148116,0.404520927161919,8398
33.5_-95.4,33.49999999999996,-95.40000000000063,wspd_error_0h,0.5275357536704187,0.4078399589972753,0.19587837415568665,8398
33.5_-96.1,33.49999999999996,-96.10000000000059,temp_error_1h,-0.9312099630315472,0.31706460527010594,0.0033233830111194518,8398
33.5_-96.1,33.49999999999996,-96.10000000000059,wspd_error_1h,0.05359302553805383,0.3738132606362671,0.8860026605143552,8398
33.5_-96.1,33.49999999999996,-96.10000000000059,temp_error_0h,0.3415404689533016,0.2659672688561754,0.19912691965130636,8398
33.5_-96.1,33.49999999999996,-96.10000000000059,wspd_error_0h,0.8747252923222962,0.34763107910219665,0.011879820065614943,8398
33.5_-96.4,33.49999999999996,-96.40000000000057,temp_error_1h,-1.3168362303577605,0.3317666897385049,7.272932482771388e-05,8398
33.5_-96.4,33.49999999999996,-96.40000000000057,wspd_error_1h,-0.04057582668893773,0.38280083129722925,0.9155870965451913,8398
33.5_-96.4,33.49999999999996,-96.40000000000057,temp_error_0h,0.10605225484032955,0.269012431010758,0.6934227145606775,8398
33.5_-96.4,33.49999999999996,-96.40000000000057,wspd_error_0h,1.0722072961195674,0.3515951278403624,0.0022990129194797593,8398
33.5_-96.5,33.49999999999996,-96.50000000000057,temp_error_1h,-1.3648918640766987,0.3255571533163854,2.7876707321183858e-05,8398
33.5_-96.5,33.49999999999996,-96.50000000000057,wspd_error_1h,0.0007822553305302526,0.38184797619758487,0.9983655004616478,8398
33.5_-96.5,33.49999999999996,-96.50000000000057,temp_error_0h,-0.05226741222314502,0.2665175690277204,0.8445269242312348,8398
33.5_-96.5,33.49999999999996,-96.50000000000057,wspd_error_0h,1.04152550741754,0.3472806902539155,0.002715863736332924,8398
33.5_-96.6,33.49999999999996,-96.60000000000056,temp_error_1h,-1.0754101210298017,0.3233386451868645,0.0008849575225025053,8398
33.5_-96.6,33.49999999999996,-96.60000000000056,wspd_error_1h,-0.21293450348055704,0.3785715034311587,0.5738120241553837,8398
33.5_-96.6,33.49999999999996,-96.60000000000056,temp_error_0h,-0.14702946650447538,0.2720485257792995,0.5888990076670866,8398
33.5_-96.6,33.49999999999996,-96.60000000000056,wspd_error_0h,0.8870935416363079,0.3580032276870256,0.01323570406731589,8398
33.5_-96.7,33.49999999999996,-96.70000000000056,temp_error_1h,-0.9131874975532969,0.32643656202973026,0.00516267844549767,8398
33.5_-96.7,33.49999999999996,-96.70000000000056,wspd_error_1h,-0.5860724679840438,0.37519744892867135,0.11831703502274715,8398
33.5_-96.7,33.49999999999996,-96.70000000000056,temp_error_0h,-0.09495801826386954,0.2731709527578018,0.7281389267294069,8398
33.5_-96.7,33.49999999999996,-96.70000000000056,wspd_error_0h,0.7160038445420897,0.3567390643568,0.0447732921286037,8398
33.5_-96.9,33.49999999999996,-96.90000000000055,temp_error_1h,-0.37459000044162505,0.31736794151744413,0.23791374060989323,8398
33.5_-96.9,33.49999999999996,-96.90000000000055,wspd_error_1h,0.13303962807002997,0.37691050002682286,0.7241167937499944,8398
33.5_-96.9,33.49999999999996,-96.90000000000055,temp_error_0h,-0.201315855531851,0.2726273500684039,0.4602747275681045,8398
33.5_-96.9,33.49999999999996,-96.90000000000055,wspd_error_0h,0.11890160677843846,0.36267324124470235,0.743034993972707,8398
33.5_-97.2,33.49999999999996,-97.20000000000053,temp_error_1h,-0.4804816472584005,0.32978952629341285,0.14517211359181048,8398
33.5_-97.2,33.49999999999996,-97.20000000000053,wspd_error_1h,0.8966339235907984,0.37201558180685956,0.015965009854661982,8398
33.5_-97.2,33.49999999999996,-97.20000000000053,temp_error_0h,-0.2272515148400228,0.2685402707264024,0.39743895915251914,8398
33.5_-97.2,33.49999999999996,-97.20000000000053,wspd_error_0h,-0.20131863197758113,0.36469067182472786,0.5809454926329221,8398
33.5_-97.3,33.49999999999996,-97.30000000000052,temp_error_1h,-0.8166077542761222,0.34255179861541973,0.017152649335264947,8398
33.5_-97.3,33.49999999999996,-97.30000000000052,wspd_error_1h,0.2868448213553114,0.38916640337716074,0.461097444308725,8398
33.5_-97.3,33.49999999999996,-97.30000000000052,temp_error_0h,-0.23458731511603265,0.2700896932677365,0.38511640984066253,8398
33.5_-97.3,33.49999999999996,-97.30000000000052,wspd_error_0h,-0.11940393818462032,0.3641143675235933,0.7429729855072269,8398
33.5_-98.4,33.49999999999996,-98.40000000000046,temp_error_1h,-0.08214393570690649,0.3076266722154568,0.7894566933855518,8398
33.5_-98.4,33.49999999999996,-98.40000000000046,wspd_error_1h,0.675945624780785,0.38816880896111944,0.08165549677557915,8398
33.5_-98.4,33.49999999999996,-98.40000000000046,temp_error_0h,-0.39561032121848844,0.255684932492655,0.12183913769254007,8398
33.5_-98.4,33.49999999999996,-98.40000000000046,wspd_error_0h,-0.4813235053965524,0.34600731575573773,0.16423851439428572,8398
33.5_-98.5,33.49999999999996,-98.50000000000045,temp_error_1h,-0.1480941127887584,0.3103054179413745,0.6331946373883925,8398
33.5_-98.5,33.49999999999996,-98.50000000000045,wspd_error_1h,0.4920261233164487,0.3874461166682307,0.20414798406166001,8398
33.5_-98.5,33.49999999999996,-98.50000000000045,temp_error_0h,-0.39398786846318146,0.2546172131136933,0.12181113419807632,8398
33.5_-98.5,33.49999999999996,-98.50000000000045,wspd_error_0h,-0.31397256261040135,0.33733370728491024,0.3520109923966315,8398
33.5_-98.6,33.49999999999996,-98.60000000000045,temp_error_1h,-0.159193276571374,0.31086361851936123,0.6085945190937339,8398
33.5_-98.6,33.49999999999996,-98.60000000000045,wspd_error_1h,0.8601722719909504,0.3824135453563651,0.024517767927081824,8398
33.5_-98.6,33.49999999999996,-98.60000000000045,temp_error_0h,-0.3977309373878523,0.25683441384799943,0.1215184325085179,8398
33.5_-98.6,33.49999999999996,-98.60000000000045,wspd_error_0h,-0.4315547001855413,0.3406846919137855,0.20528801642651806,8398
33.5_-98.7,33.49999999999996,-98.70000000000044,temp_error_1h,-0.1966164257817299,0.3110892688586551,0.5273873481266533,8398
33.5_-98.7,33.49999999999996,-98.70000000000044,wspd_error_1h,0.9131902266038564,0.3812463389261662,0.016629732414493503,8398
33.5_-98.7,33.49999999999996,-98.70000000000044,temp_error_0h,-0.3893307163365647,0.25457336635208644,0.12621658630975796,8398
33.5_-98.7,33.49999999999996,-98.70000000000044,wspd_error_0h,-0.4529576044502644,0.33825818258051377,0.1805783247634012,8398
33.5_-99.9,33.49999999999996,-99.90000000000038,temp_error_1h,0.8799680564270206,0.2931091520932784,0.002688413573620263,8398
33.5_-99.9,33.49999999999996,-99.90000000000038,wspd_error_1h,0.5732648879376151,0.3394931548121204,0.09133526089794275,8398
33.5_-99.9,33.49999999999996,-99.90000000000038,temp_error_0h,-0.7888582893375304,0.2614884487471595,0.0025622740320783155,8398
33.5_-99.9,33.49999999999996,-99.90000000000038,wspd_error_0h,-0.24794683638439619,0.3143334824561295,0.43025019950209864,8398
33.6_-100.0,33.59999999999996,-100.00000000000037,temp_error_1h,1.0017591510672224,0.30169513209679466,0.0009026234746458695,8398
33.6_-100.0,33.59999999999996,-100.00000000000037,wspd_error_1h,0.6936980282607049,0.36432446636632654,0.05693583211174724,8398
33.6_-100.0,33.59999999999996,-100.00000000000037,temp_error_0h,-0.8624289768201892,0.26146630393350007,0.0009763271156240094,8398
33.6_-100.0,33.59999999999996,-100.00000000000037,wspd_error_0h,-0.28422216104874004,0.311966225775848,0.3622863069071163,8398
33.6_-101.9,33.59999999999996,-101.90000000000026,temp_error_1h,0.8013279806147131,0.29023764188613826,0.005776147004911358,8398
33.6_-101.9,33.59999999999996,-101.90000000000026,wspd_error_1h,1.2074365613126121,0.4087117096695097,0.0031430393246336674,8398
33.6_-101.9,33.59999999999996,-101.90000000000026,temp_error_0h,-0.32582609460789275,0.26614534701350434,0.22089577237177838,8398
33.6_-101.9,33.59999999999996,-101.90000000000026,wspd_error_0h,-0.3623571703347684,0.35695189625787815,0.31006712349412946,8398
33.6_-102.0,33.59999999999996,-102.00000000000026,temp_error_1h,0.7675703072533365,0.2914627326947015,0.008466275563518089,8398
33.6_-102.0,33.59999999999996,-102.00000000000026,wspd_error_1h,1.4812900101141449,0.3878480384812263,0.00013482489093585848,8398
33.6_-102.0,33.59999999999996,-102.00000000000026,temp_error_0h,-0.36497666107409155,0.26277274529618827,0.16488675665002317,8398
33.6_-102.0,33.59999999999996,-102.00000000000026,wspd_error_0h,-0.4945964524145029,0.348458232113153,0.15582405095445773,8398
33.6_-95.4,33.59999999999996,-95.40000000000063,temp_error_1h,-1.0247173345441651,0.33045360793786976,0.0019354855425168793,8398
33.6_-95.4,33.59999999999996,-95.40000000000063,wspd_error_1h,0.5983804071294002,0.3875139139992201,0.12258936886432337,8398
33.6_-95.4,33.59999999999996,-95.40000000000063,temp_error_0h,0.22324898310038976,0.2766656307068624,0.4197314759353832,8398
33.6_-95.4,33.59999999999996,-95.40000000000063,wspd_error_0h,0.37429538142906843,0.43147125432068134,0.38570055190554675,8398
33.6_-95.5,33.59999999999996,-95.50000000000063,temp_error_1h,-1.2538220785227212,0.3207951327075988,9.361135193475256e-05,8398
33.6_-95.5,33.59999999999996,-95.50000000000063,wspd_error_1h,0.5976993255527504,0.37499884745052026,0.11100302857234956,8398
33.6_-95.5,33.59999999999996,-95.50000000000063,temp_error_0h,0.19387248959325926,0.2716872106870996,0.4755024642481167,8398
33.6_-95.5,33.59999999999996,-95.50000000000063,wspd_error_0h,0.4243348803402653,0.42679982825540586,0.3201423327340658,8398
33.6_-95.6,33.59999999999996,-95.60000000000062,temp_error_1h,-0.968110722503609,0.3197068520604714,0.002468312160564645,8398
33.6_-95.6,33.59999999999996,-95.60000000000062,wspd_error_1h,0.6584047766201043,0.3805463256323356,0.0836392043663059,8398
33.6_-95.6,33.59999999999996,-95.60000000000062,temp_error_0h,0.40725791371218556,0.2761784506360491,0.14035275258324265,8398
33.6_-95.6,33.59999999999996,-95.60000000000062,wspd_error_0h,0.36178858874687053,0.4349590188325974,0.4055590113768921,8398
33.6_-96.6,33.59999999999996,-96.60000000000056,temp_error_1h,-0.9110601950460574,0.3229937793623972,0.004803582159665698,8398
33.6_-96.6,33.59999999999996,-96.60000000000056,wspd_error_1h,0.2686355241235342,0.38671607917817846,0.4872887968906745,8398
33.6_-96.6,33.59999999999996,-96.60000000000056,temp_error_0h,-0.1921082757746787,0.2726441815792399,0.4810715630048765,8398
33.6_-96.6,33.59999999999996,-96.60000000000056,wspd_error_0h,0.8580612693177605,0.36892451343058386,0.020050622870771084,8398
33.6_-96.7,33.59999999999996,-96.70000000000056,temp_error_1h,-1.0717358463483933,0.3274860103836027,0.0010698998484799382,8398
33.6_-96.7,33.59999999999996,-96.70000000000056,wspd_error_1h,-0.33652130108980505,0.38603790274646155,0.3833800569698811,8398
33.6_-96.7,33.59999999999996,-96.70000000000056,temp_error_0h,-0.22727484663783024,0.2753154674118728,0.4091073747844458,8398
33.6_-96.7,33.59999999999996,-96.70000000000056,wspd_error_0h,0.7799220309880989,0.3707388772524818,0.03543475054538048,8398
33.6_-96.8,33.59999999999996,-96.80000000000055,temp_error_1h,-0.8718659930724614,0.32695097352072156,0.0076757448691522345,8398
33.6_-96.8,33.59999999999996,-96.80000000000055,wspd_error_1h,-0.030368092123237284,0.3729468447438801,0.9351040091300311,8398
33.6_-96.8,33.59999999999996,-96.80000000000055,temp_error_0h,-0.11644024955768806,0.2749832713525621,0.6719816278583459,8398
33.6_-96.8,33.59999999999996,-96.80000000000055,wspd_error_0h,0.450037783826525,0.3703320922408602,0.2243136269798902,8398
33.6_-96.9,33.59999999999996,-96.90000000000055,temp_error_1h,-0.277912700026393,0.32746832282412636,0.396088985410896,8398
33.6_-96.9,33.59999999999996,-96.90000000000055,wspd_error_1h,0.12856388678488756,0.37109009587109554,0.7290138383468059,8398
33.6_-96.9,33.59999999999996,-96.90000000000055,temp_error_0h,-0.01954111708895655,0.27625743787289037,0.943610221323175,8398
33.6_-96.9,33.59999999999996,-96.90000000000055,wspd_error_0h,0.21612403482338496,0.3707614138064569,0.5599632650504389,8398
33.6_-98.7,33.59999999999996,-98.70000000000044,temp_error_1h,-0.0623723162531498,0.3004418963681469,0.835544859713842,8398
33.6_-98.7,33.59999999999996,-98.70000000000044,wspd_error_1h,1.0024103558186672,0.37869618828816737,0.008136070507233306,8398
33.6_-98.7,33.59999999999996,-98.70000000000044,temp_error_0h,-0.38170439810305445,0.25564400534280496,0.13544637869770138,8398
33.6_-98.7,33.59999999999996,-98.70000000000044,wspd_error_0h,-0.3867741215484763,0.34701667289773475,0.26506709874599155,8398
33.6_-99.2,33.59999999999996,-99.20000000000041,temp_error_1h,0.016915906366166637,0.31726887193884357,0.9574804042533,8398
33.6_-99.2,33.59999999999996,-99.20000000000041,wspd_error_1h,0.47616554610322237,0.3967591403243184,0.2301199447058273,8398
33.6_-99.2,33.59999999999996,-99.20000000000041,temp_error_0h,-0.4727005212625193,0.2577900895887848,0.06673936704608896,8398
33.6_-99.2,33.59999999999996,-99.20000000000041,wspd_error_0h,-0.2765005814117158,0.3391161390990144,0.4148914596629001,8398
33.6_-99.4,33.59999999999996,-99.4000000000004,temp_error_1h,0.1734231230288139,0.3121319835799739,0.5784935259723003,8398
33.6_-99.4,33.59999999999996,-99.4000000000004,wspd_error_1h,0.796620599616777,0.3718113962917673,0.032178901228544055,8398
33.6_-99.4,33.59999999999996,-99.4000000000004,temp_error_0h,-0.36617032022492607,0.2605073691555696,0.1598787899913514,8398
33.6_-99.4,33.59999999999996,-99.4000000000004,wspd_error_0h,-0.33764618498196025,0.3383182337569518,0.3183016824564602,8398
33.6_-99.5,33.59999999999996,-99.5000000000004,temp_error_1h,0.28349172320071847,0.30585757502732,0.3540182365875524,8398
33.6_-99.5,33.59999999999996,-99.5000000000004,wspd_error_1h,0.8067452092411259,0.3491391354902313,0.02087533728040758,8398
33.6_-99.5,33.59999999999996,-99.5000000000004,temp_error_0h,-0.2851806582051822,0.2586838549991959,0.27030683485544094,8398
33.6_-99.5,33.59999999999996,-99.5000000000004,wspd_error_0h,-0.2845483514339653,0.32997607668824025,0.38853056004792075,8398
33.6_-99.6,33.59999999999996,-99.60000000000039,temp_error_1h,0.567978655727049,0.30105074117780795,0.059241486499899354,8398
33.6_-99.6,33.59999999999996,-99.60000000000039,wspd_error_1h,0.6157853890579374,0.3505358357734042,0.07900602587835137,8398
33.6_-99.6,33.59999999999996,-99.60000000000039,temp_error_0h,-0.4296273925643193,0.2629133693890611,0.10227500254631638,8398
33.6_-99.6,33.59999999999996,-99.60000000000039,wspd_error_0h,-0.24501278498185547,0.3308541008006297,0.45898937710444665,8398
33.6_-99.9,33.59999999999996,-99.90000000000038,temp_error_1h,0.9801822912575545,0.2985566683221943,0.0010310528924857287,8398
33.6_-99.9,33.59999999999996,-99.90000000000038,wspd_error_1h,0.5396702154320722,0.36538931554156023,0.1397205149061771,8398
33.6_-99.9,33.59999999999996,-99.90000000000038,temp_error_0h,-0.8185983504570074,0.2640275948724143,0.0019388461261116152,8398
33.6_-99.9,33.59999999999996,-99.90000000000038,wspd_error_0h,-0.29342046195883204,0.31896452626033406,0.35764339095349884,8398
33.7_-100.0,33.69999999999996,-100.00000000000037,temp_error_1h,0.9412818527357564,0.2965711156885597,0.0015096007404833411,8398
33.7_-100.0,33.69999999999996,-100.00000000000037,wspd_error_1h,0.5878281992436196,0.3181438417809609,0.06468388422059701,8398
33.7_-100.0,33.69999999999996,-100.00000000000037,temp_error_0h,-0.8064243656546387,0.2599266579859946,0.001925287953943089,8398
33.7_-100.0,33.69999999999996,-100.00000000000037,wspd_error_0h,-0.17331050154930946,0.30380637287660783,0.5683785879820749,8398
33.7_-100.1,33.69999999999996,-100.10000000000036,temp_error_1h,0.9008596972354764,0.3023314760249911,0.0028935276524142406,8398
33.7_-100.1,33.69999999999996,-100.10000000000036,wspd_error_1h,0.4304870285700291,0.34419990024351294,0.2110829849547169,8398
33.7_-100.1,33.69999999999996,-100.10000000000036,temp_error_0h,-0.7902540296663171,0.2614335639883568,0.002512303264134985,8398
33.7_-100.1,33.69999999999996,-100.10000000000036,wspd_error_0h,-0.2254701594829738,0.313753564911443,0.47239405546112323,8398
33.7_-102.0,33.69999999999996,-102.00000000000026,temp_error_1h,0.8028810057471439,0.28451696044616853,0.004785141102228163,8398
33.7_-102.0,33.69999999999996,-102.00000000000026,wspd_error_1h,1.4933874154689215,0.3690862966941353,5.2530471064571316e-05,8398
33.7_-102.0,33.69999999999996,-102.00000000000026,temp_error_0h,-0.5366557289092477,0.2607601490649239,0.03961690344126656,8398
33.7_-102.0,33.69999999999996,-102.00000000000026,wspd_error_0h,-0.5126737038565735,0.34589836562053194,0.13833775745519827,8398
33.7_-95.6,33.69999999999996,-95.60000000000062,temp_error_1h,-0.20164203057212007,0.3200274074716789,0.5286611868738578,8398
33.7_-95.6,33.69999999999996,-95.60000000000062,wspd_error_1h,0.5805449218028379,0.41883831560269036,0.16575836218575346,8398
33.7_-95.6,33.69999999999996,-95.60000000000062,temp_error_0h,0.3917137898620236,0.28154703854121127,0.1641743179328139,8398
33.7_-95.6,33.69999999999996,-95.60000000000062,wspd_error_0h,0.3754051387166956,0.4556187904302683,0.4099939340609784,8398
33.7_-96.6,33.69999999999996,-96.60000000000056,temp_error_1h,-0.6790950595354887,0.33093614697352697,0.04019661668584518,8398
33.7_-96.6,33.69999999999996,-96.60000000000056,wspd_error_1h,0.20649966811547818,0.40808886548114726,0.6128584692665833,8398
33.7_-96.6,33.69999999999996,-96.60000000000056,temp_error_0h,-0.15062873728022308,0.27106052750150245,0.5784298198177495,8398
33.7_-96.6,33.69999999999996,-96.60000000000056,wspd_error_0h,0.9107746493458864,0.37655519703565105,0.015597241717925536,8398
33.7_-96.8,33.69999999999996,-96.80000000000055,temp_error_1h,-0.6132269872181768,0.31915068826460474,0.054710991098984696,8398
33.7_-96.8,33.69999999999996,-96.80000000000055,wspd_error_1h,0.5277860137877733,0.3758193901403997,0.1602486098195679,8398
33.7_-96.8,33.69999999999996,-96.80000000000055,temp_error_0h,-0.043770712669543355,0.27067627558572493,0.8715391510797228,8398
33.7_-96.8,33.69999999999996,-96.80000000000055,wspd_error_0h,0.4413933383680634,0.3744015553984873,0.23845949868690686,8398
33.7_-96.9,33.69999999999996,-96.90000000000055,temp_error_1h,-0.43032301591782024,0.3268884006674714,0.18806861714184198,8398
33.7_-96.9,33.69999999999996,-96.90000000000055,wspd_error_1h,0.5919132127655843,0.3749495480206667,0.11445475693903773,8398
33.7_-96.9,33.69999999999996,-96.90000000000055,temp_error_0h,0.039678586780710165,0.2763108522541269,0.8858188076752598,8398
33.7_-96.9,33.69999999999996,-96.90000000000055,wspd_error_0h,0.24041318938544884,0.3735611117710368,0.5198711641557963,8398
33.7_-97.1,33.69999999999996,-97.10000000000053,temp_error_1h,-0.6227473839295206,0.33595646403859203,0.0638237515616058,8398
33.7_-97.1,33.69999999999996,-97.10000000000053,wspd_error_1h,0.39336391109658075,0.3911940222045046,0.3146627260411985,8398
33.7_-97.1,33.69999999999996,-97.10000000000053,temp_error_0h,0.06029239276370002,0.27579658637543975,0.8269577859410542,8398
33.7_-97.1,33.69999999999996,-97.10000000000053,wspd_error_0h,0.15229046243395442,0.3750412939824855,0.6847065728533654,8398
33.7_-97.4,33.69999999999996,-97.40000000000052,temp_error_1h,-0.7654469357722051,0.3189366635330749,0.01641696589281061,8398
33.7_-97.4,33.69999999999996,-97.40000000000052,wspd_error_1h,-0.0069371417354699705,0.38332982778662,0.9855618578281731,8398
33.7_-97.4,33.69999999999996,-97.40000000000052,temp_error_0h,-0.23638516965124368,0.2699130352610275,0.3811733447946024,8398
33.7_-97.4,33.69999999999996,-97.40000000000052,wspd_error_0h,0.1156693451455038,0.36764409938751036,0.7530556542589004,8398
33.7_-98.7,33.69999999999996,-98.70000000000044,temp_error_1h,0.08321969329359327,0.29948621230892863,0.7811152875896705,8398
33.7_-98.7,33.69999999999996,-98.70000000000044,wspd_error_1h,0.9093407404768681,0.38383732177117963,0.01785507230391925,8398
33.7_-98.7,33.69999999999996,-98.70000000000044,temp_error_0h,-0.3567256970709777,0.2540288022233423,0.16027484479535792,8398
33.7_-98.7,33.69999999999996,-98.70000000000044,wspd_error_0h,-0.20824683792953047,0.34906895748368716,0.5508053679369236,8398
33.7_-98.8,33.69999999999996,-98.80000000000044,temp_error_1h,-0.04692499902685962,0.30042942058397454,0.8758845977626732,8398
33.7_-98.8,33.69999999999996,-98.80000000000044,wspd_error_1h,0.8048119016617385,0.37802909218819497,0.033286055067031084,8398
33.7_-98.8,33.69999999999996,-98.80000000000044,temp_error_0h,-0.36513227938993925,0.2527370042851672,0.1485761867675568,8398
33.7_-98.8,33.69999999999996,-98.80000000000044,wspd_error_0h,-0.21641194547730902,0.346027430712822,0.5317135242136233,8398
33.7_-99.7,33.69999999999996,-99.70000000000039,temp_error_1h,0.44753490707126226,0.29917280716626027,0.13471547424983066,8398
33.7_-99.7,33.69999999999996,-99.70000000000039,wspd_error_1h,0.3070150123077744,0.3420827964994133,0.3694847313776868,8398
33.7_-99.7,33.69999999999996,-99.70000000000039,temp_error_0h,-0.5153242325001061,0.260878876603829,0.04826254041678357,8398
33.7_-99.7,33.69999999999996,-99.70000000000039,wspd_error_0h,-0.11007184977143958,0.3200226790241726,0.7308924272137094,8398
33.7_-99.9,33.69999999999996,-99.90000000000038,temp_error_1h,0.6924940215829668,0.29414798613774634,0.018583797790749035,8398
33.7_-99.9,33.69999999999996,-99.90000000000038,wspd_error_1h,0.30228843640555997,0.3192125041585097,0.3436754295581377,8398
33.7_-99.9,33.69999999999996,-99.90000000000038,temp_error_0h,-0.7135563047099264,0.2614868765406118,0.006369016400449512,8398
33.7_-99.9,33.69999999999996,-99.90000000000038,wspd_error_0h,-0.15625341049756764,0.31254236436608407,0.6171282807473908,8398
33.8_-100.1,33.79999999999996,-100.10000000000036,temp_error_1h,0.6949423454826054,0.30209677832030685,0.02145028678720351,8398
33.8_-100.1,33.79999999999996,-100.10000000000036,wspd_error_1h,0.3461390541793973,0.36340707155791263,0.34087963879359284,8398
33.8_-100.1,33.79999999999996,-100.10000000000036,temp_error_0h,-0.6701051026736881,0.2599708627877701,0.009965418917934787,8398
33.8_-100.1,33.79999999999996,-100.10000000000036,wspd_error_0h,-0.19336128725525006,0.3126369988671497,0.5362725554454197,8398
33.8_-100.9,33.79999999999996,-100.90000000000032,temp_error_1h,0.6435512716392816,0.30691937675703157,0.0360404819598501,8398
33.8_-100.9,33.79999999999996,-100.90000000000032,wspd_error_1h,1.0624244745504632,0.35800066013970056,0.0030092603928795203,8398
33.8_-100.9,33.79999999999996,-100.90000000000032,temp_error_0h,-0.29613256087143414,0.257480702454083,0.2501291946446118,8398
33.8_-100.9,33.79999999999996,-100.90000000000032,wspd_error_0h,-0.1863944327774524,0.31883708163181096,0.5588276925058091,8398
33.8_-101.0,33.79999999999996,-101.00000000000031,temp_error_1h,0.6764251047127324,0.30702061872694375,0.027608469608343178,8398
33.8_-101.0,33.79999999999996,-101.00000000000031,wspd_error_1h,0.9157713173892216,0.3659358715855543,0.01234931102078618,8398
33.8_-101.0,33.79999999999996,-101.00000000000031,temp_error_0h,-0.33509066521547215,0.25784778506364975,0.19378501096096468,8398
33.8_-101.0,33.79999999999996,-101.00000000000031,wspd_error_0h,-0.15230396762388365,0.3136868024511579,0.6273140390443364,8398
33.8_-101.1,33.79999999999996,-101.1000000000003,temp_error_1h,0.6988568730350406,0.3001066257044921,0.019898943523618984,8398
33.8_-101.1,33.79999999999996,-101.1000000000003,wspd_error_1h,0.4752412585107125,0.371539136761327,0.20089210448360761,8398
33.8_-101.1,33.79999999999996,-101.1000000000003,temp_error_0h,-0.29527002137198816,0.26096476041277855,0.2578958807241585,8398
33.8_-101.1,33.79999999999996,-101.1000000000003,wspd_error_0h,-0.042390680516794066,0.32521038010190095,0.8962938590506802,8398
33.8_-102.0,33.79999999999996,-102.00000000000026,temp_error_1h,0.8190063286139989,0.28958148628221586,0.004691590979903015,8398
33.8_-102.0,33.79999999999996,-102.00000000000026,wspd_error_1h,1.0163149058991332,0.3659718784009467,0.005498033825014348,8398
33.8_-102.0,33.79999999999996,-102.00000000000026,temp_error_0h,-0.6867510711555525,0.2603717203798966,0.008365473731659856,8398
33.8_-102.0,33.79999999999996,-102.00000000000026,wspd_error_0h,-0.4194421754834716,0.3437301778110685,0.22239857152036402,8398
33.8_-102.1,33.79999999999996,-102.10000000000025,temp_error_1h,0.7184819787835741,0.2838032324104707,0.011371866085994276,8398
33.8_-102.1,33.79999999999996,-102.10000000000025,wspd_error_1h,1.2638634856424693,0.35406111904900284,0.00035950646876514725,8398
33.8_-102.1,33.79999999999996,-102.10000000000025,temp_error_0h,-0.7326064144560718,0.2597532877540009,0.004807785409277399,8398
33.8_-102.1,33.79999999999996,-102.10000000000025,wspd_error_0h,-0.43168965025170014,0.3442598995945984,0.2098900330685265,8398
33.8_-96.6,33.79999999999996,-96.60000000000056,temp_error_1h,-0.32360708237427094,0.3446635804928618,0.34780558248747706,8398
33.8_-96.6,33.79999999999996,-96.60000000000056,wspd_error_1h,0.5645908493705091,0.4047937336311478,0.16312474699240087,8398
33.8_-96.6,33.79999999999996,-96.60000000000056,temp_error_0h,-0.11780625167119313,0.26897929208640453,0.6614156025220821,8398
33.8_-96.6,33.79999999999996,-96.60000000000056,wspd_error_0h,0.8081672417661464,0.37966295292367297,0.03331289957988637,8398
33.8_-98.8,33.79999999999996,-98.80000000000044,temp_error_1h,0.26471571706950514,0.30326391506158346,0.3827486980141588,8398
33.8_-98.8,33.79999999999996,-98.80000000000044,wspd_error_1h,0.7189670654510384,0.3864755311756569,0.06287577282622592,8398
33.8_-98.8,33.79999999999996,-98.80000000000044,temp_error_0h,-0.4018795034969217,0.252548843869669,0.11158121526097475,8398
33.8_-98.8,33.79999999999996,-98.80000000000044,wspd_error_0h,-0.15462769385795339,0.3483437249795299,0.6571307076738473,8398
33.8_-98.9,33.79999999999996,-98.90000000000043,temp_error_1h,0.11447533275905011,0.30304733530718664,0.7056278715842166,8398
33.8_-98.9,33.79999999999996,-98.90000000000043,wspd_error_1h,0.722159269919882,0.37938131984050605,0.05700727786517312,8398
33.8_-98.9,33.79999999999996,-98.90000000000043,temp_error_0h,-0.42262537185063764,0.2525129648647811,0.09423134514785492,8398
33.8_-98.9,33.79999999999996,-98.90000000000043,wspd_error_0h,-0.17474214932630716,0.3451949415584065,0.6127205205436634,8398
33.8_-99.9,33.79999999999996,-99.90000000000038,temp_error_1h,0.6912220556474342,0.30227551245898604,0.022236564606869846,8398
33.8_-99.9,33.79999999999996,-99.90000000000038,wspd_error_1h,0.5703400581982666,0.3637664227145968,0.11694831481548995,8398
33.8_-99.9,33.79999999999996,-99.90000000000038,temp_error_0h,-0.7065809761225198,0.2600136716050848,0.00659174506059812,8398
33.8_-99.9,33.79999999999996,-99.90000000000038,wspd_error_0h,-0.20315297537374608,0.3118407947819058,0.5147650821469363,8398
33.9_-100.1,33.89999999999996,-100.10000000000036,temp_error_1h,0.6106286266284714,0.30428745444302724,0.044808522344931045,8398
33.9_-100.1,33.89999999999996,-100.10000000000036,wspd_error_1h,0.36533315050207577,0.3631124445287298,0.31438902519547973,8398
33.9_-100.1,33.89999999999996,-100.10000000000036,temp_error_0h,-0.565815000029997,0.2589164767189177,0.02889316405465925,8398
33.9_-100.1,33.89999999999996,-100.10000000000036,wspd_error_0h,-0.20553433639832083,0.31057491391603337,0.5081262025167641,8398
33.9_-100.2,33.89999999999996,-100.20000000000036,temp_error_1h,0.4681987634932925,0.29674776471360753,0.1146570530287836,8398
33.9_-100.2,33.89999999999996,-100.20000000000036,wspd_error_1h,0.6690116351879045,0.3676561841257801,0.06884557587744555,8398
33.9_-100.2,33.89999999999996,-100.20000000000036,temp_error_0h,-0.3969694629378122,0.2574628826153135,0.12314761586239698,8398
33.9_-100.2,33.89999999999996,-100.20000000000036,wspd_error_0h,-0.28667489063024376,0.31298154758569025,0.3597204874907387,8398
33.9_-101.8,33.89999999999996,-101.80000000000027,temp_error_1h,0.7344269596042143,0.29239317701439627,0.012031139491274656,8398
33.9_-101.8,33.89999999999996,-101.80000000000027,wspd_error_1h,1.1745668065450467,0.38729154991706916,0.0024306252210031243,8398
33.9_-101.8,33.89999999999996,-101.80000000000027,temp_error_0h,-0.6036982571799465,0.26250424878039225,0.021486032389620435,8398
33.9_-101.8,33.89999999999996,-101.80000000000027,wspd_error_0h,-0.2196203513808237,0.3498742837429023,0.5302096542136099,8398
33.9_-102.1,33.89999999999996,-102.10000000000025,temp_error_1h,0.7658329708262377,0.2928852187683536,0.008944297741659835,8398
33.9_-102.1,33.89999999999996,-102.10000000000025,wspd_error_1h,1.0757324761624811,0.3685481043710848,0.003522755006328371,8398
33.9_-102.1,33.89999999999996,-102.10000000000025,temp_error_0h,-0.7503451574103587,0.2600758501560557,0.003922887841857348,8398
33.9_-102.1,33.89999999999996,-102.10000000000025,wspd_error_0h,-0.33462922380148297,0.34514297203982486,0.3323048963488935,8398
33.9_-98.5,33.89999999999996,-98.50000000000045,temp_error_1h,0.18675514880983388,0.302762759694725,0.537359319262088,8398
33.9_-98.5,33.89999999999996,-98.50000000000045,wspd_error_1h,1.284627097533071,0.4450552991114672,0.003906207531813255,8398
33.9_-98.5,33.89999999999996,-98.50000000000045,temp_error_0h,-0.4238253956551019,0.2542978039601728,0.0956215293567868,8398
33.9_-98.5,33.89999999999996,-98.50000000000045,wspd_error_0h,-0.07389649099994099,0.3570513794249549,0.8360436523457309,8398
33.9_-98.6,33.89999999999996,-98.60000000000045,temp_error_1h,0.18700492237673264,0.304653282693812,0.5393452527550471,8398
33.9_-98.6,33.89999999999996,-98.60000000000045,wspd_error_1h,1.319112579836234,0.3981185535803309,0.0009257208352724255,8398
33.9_-98.6,33.89999999999996,-98.60000000000045,temp_error_0h,-0.393299936948681,0.2545117823263002,0.12230884910442374,8398
33.9_-98.6,33.89999999999996,-98.60000000000045,wspd_error_0h,-0.17017624230356085,0.3584576856651815,0.6349806524326547,8398
33.9_-98.9,33.89999999999996,-98.90000000000043,temp_error_1h,0.0737125731625016,0.29875841527147845,0.8051234833114078,8398
33.9_-98.9,33.89999999999996,-98.90000000000043,wspd_error_1h,0.306366472751491,0.36017365040249477,0.39501169525930724,8398
33.9_-98.9,33.89999999999996,-98.90000000000043,temp_error_0h,-0.4214119405750172,0.25368644387757194,0.09672028230507013,8398
33.9_-98.9,33.89999999999996,-98.90000000000043,wspd_error_0h,-0.045526496508821006,0.3454760652123026,0.895162255945809,8398
33.9_-99.0,33.89999999999996,-99.00000000000043,temp_error_1h,-0.10345264709910616,0.3010540238139555,0.7311295763179351,8398
33.9_-99.0,33.89999999999996,-99.00000000000043,wspd_error_1h,0.46284889383184263,0.36343839962159136,0.2028662499455176,8398
33.9_-99.0,33.89999999999996,-99.00000000000043,temp_error_0h,-0.4259317510755555,0.25171571529947934,0.09066147357321475,8398
33.9_-99.0,33.89999999999996,-99.00000000000043,wspd_error_0h,-0.03653633824281762,0.3378814134160205,0.9138923008219719,8398
33.9_-99.1,33.89999999999996,-99.10000000000042,temp_error_1h,-0.07751340253041471,0.3035084745271216,0.7984272297208028,8398
33.9_-99.1,33.89999999999996,-99.10000000000042,wspd_error_1h,0.6141926726827206,0.36797677223484865,0.09513360153801242,8398
33.9_-99.1,33.89999999999996,-99.10000000000042,temp_error_0h,-0.41667469013259384,0.2543711600385382,0.10144726571795792,8398
33.9_-99.1,33.89999999999996,-99.10000000000042,wspd_error_0h,-0.08716245404351734,0.34040166517608156,0.7979126173804096,8398
33.9_-99.7,33.89999999999996,-99.70000000000039,temp_error_1h,0.3002369334938149,0.29979446096320145,0.31662577583245954,8398
33.9_-99.7,33.89999999999996,-99.70000000000039,wspd_error_1h,0.35568090501573485,0.351127616534267,0.3111049587700674,8398
33.9_-99.7,33.89999999999996,-99.70000000000039,temp_error_0h,-0.4906538745959732,0.2569809367254631,0.05625752978271037,8398
33.9_-99.7,33.89999999999996,-99.70000000000039,wspd_error_0h,0.016083176003610953,0.3068479124682749,0.958199943383764,8398
33.9_-99.9,33.89999999999996,-99.90000000000038,temp_error_1h,0.2583353571334879,0.29426392208831337,0.38002127532895247,8398
33.9_-99.9,33.89999999999996,-99.90000000000038,wspd_error_1h,-0.006891697344681683,0.3264786265875855,0.9831590629073403,8398
33.9_-99.9,33.89999999999996,-99.90000000000038,temp_error_0h,-0.6212007072360098,0.25852817490986024,0.016290165585030714,8398
33.9_-99.9,33.89999999999996,-99.90000000000038,wspd_error_0h,-0.08204894617040595,0.3043927995510999,0.7875134628261464,8398
34.0_-100.0,33.999999999999964,-100.00000000000037,temp_error_1h,0.5342847898280535,0.3044922422276023,0.07935163864332262,8398
34.0_-100.0,33.999999999999964,-100.00000000000037,wspd_error_1h,0.3841444928492772,0.35462901622009646,0.2787379733815296,8398
34.0_-100.0,33.999999999999964,-100.00000000000037,temp_error_0h,-0.5401222907403331,0.2522409819721076,0.03227911553913221,8398
34.0_-100.0,33.999999999999964,-100.00000000000037,wspd_error_0h,-0.10165678639375708,0.28937736197276503,0.7253759907143817,8398
34.0_-100.2,33.999999999999964,-100.20000000000036,temp_error_1h,0.5418092181217093,0.2828555951304465,0.05546316648595062,8398
34.0_-100.2,33.999999999999964,-100.20000000000036,wspd_error_1h,0.27222530119166144,0.3257344855469745,0.4033320580647155,8398
34.0_-100.2,33.999999999999964,-100.20000000000036,temp_error_0h,-0.18514217864837998,0.25286895477311044,0.4640874807235522,8398
34.0_-100.2,33.999999999999964,-100.20000000000036,wspd_error_0h,-0.10824500936256334,0.29939508581654084,0.7177006808919049,8398
34.0_-102.1,33.999999999999964,-102.10000000000025,temp_error_1h,0.818229300752378,0.296106581344757,0.005734658059064701,8398
34.0_-102.1,33.999999999999964,-102.10000000000025,wspd_error_1h,1.0212331908557366,0.3769911320074035,0.0067643207648075965,8398
34.0_-102.1,33.999999999999964,-102.10000000000025,temp_error_0h,-0.6876210637240667,0.2551921841379426,0.007063050290348594,8398
34.0_-102.1,33.999999999999964,-102.10000000000025,wspd_error_0h,-0.24793687329169087,0.3382295096806481,0.46355258842544234,8398
34.0_-102.2,33.999999999999964,-102.20000000000024,temp_error_1h,0.7607219058758933,0.2954435586017802,0.010045496048435076,8398
34.0_-102.2,33.999999999999964,-102.20000000000024,wspd_error_1h,0.7960991741072834,0.3754837335467777,0.03401889240051226,8398
34.0_-102.2,33.999999999999964,-102.20000000000024,temp_error_0h,-0.6173032355412998,0.2518513857920625,0.014263902281405949,8398
34.0_-102.2,33.999999999999964,-102.20000000000024,wspd_error_0h,-0.12149162900963402,0.3334524494394361,0.7156098519309164,8398
34.0_-98.6,33.999999999999964,-98.60000000000045,temp_error_1h,0.2985897367972991,0.31288327238434094,0.33995095510523177,8398
34.0_-98.6,33.999999999999964,-98.60000000000045,wspd_error_1h,1.126259682225384,0.3892135774950911,0.00381740142602216,8398
34.0_-98.6,33.999999999999964,-98.60000000000045,temp_error_0h,-0.39829184139692886,0.25208699400026024,0.11414981222514631,8398
34.0_-98.6,33.999999999999964,-98.60000000000045,wspd_error_0h,-0.07367922768375067,0.3519188297754611,0.8341689895101188,8398
34.0_-99.0,33.999999999999964,-99.00000000000043,temp_error_1h,-0.06933096010654832,0.307205159180232,0.8214535556694451,8398
34.0_-99.0,33.999999999999964,-99.00000000000043,wspd_error_1h,0.3719973203975336,0.3539907109854955,0.2933498556576053,8398
34.0_-99.0,33.999999999999964,-99.00000000000043,temp_error_0h,-0.40180909373119494,0.24797960149925266,0.10519887662463945,8398
34.0_-99.0,33.999999999999964,-99.00000000000043,wspd_error_0h,0.11455582803099196,0.3304979093369845,0.7288886321625503,8398
34.0_-99.9,33.999999999999964,-99.90000000000038,temp_error_1h,0.19335366337228682,0.30839498191463516,0.5306975992102418,8398
34.0_-99.9,33.999999999999964,-99.90000000000038,wspd_error_1h,0.008628743531824433,0.3476471141917676,0.98019880479006,8398
34.0_-99.9,33.999999999999964,-99.90000000000038,temp_error_0h,-0.5338424656637321,0.2541411763777158,0.035708226124814724,8398
34.0_-99.9,33.999999999999964,-99.90000000000038,wspd_error_0h,0.03583395615266679,0.2913221479797789,0.9021064356934785,8398
34.1_-100.0,34.099999999999966,-100.00000000000037,temp_error_1h,0.5603848877038502,0.3166576392278791,0.0768157707358954,8398
34.1_-100.0,34.099999999999966,-100.00000000000037,wspd_error_1h,0.40782200436725446,0.37424133802640247,0.2758635322727967,8398
34.1_-100.0,34.099999999999966,-100.00000000000037,temp_error_0h,-0.49829705272796576,0.2528805707582224,0.048815918061997365,8398
34.1_-100.0,34.099999999999966,-100.00000000000037,wspd_error_0h,-0.08065419536994997,0.29153728078476904,0.7820546394280035,8398
34.1_-100.2,34.099999999999966,-100.20000000000036,temp_error_1h,0.6107951255779484,0.2947259140540308,0.03825712102051804,8398
34.1_-100.2,34.099999999999966,-100.20000000000036,wspd_error_1h,0.5169841141970447,0.3517037659199104,0.14161513048108176,8398
34.1_-100.2,34.099999999999966,-100.20000000000036,temp_error_0h,-0.20990400267925716,0.2544241868794763,0.4093861077188523,8398
34.1_-100.2,34.099999999999966,-100.20000000000036,wspd_error_0h,-0.15882979437311542,0.3052359789218347,0.6028328615511833,8398
34.1_-100.3,34.099999999999966,-100.30000000000035,temp_error_1h,0.552152754518015,0.30198902200293476,0.06752714522880465,8398
34.1_-100.3,34.099999999999966,-100.30000000000035,wspd_error_1h,0.3607843044855125,0.3732729020403554,0.33380052175369235,8398
34.1_-100.3,34.099999999999966,-100.30000000000035,temp_error_0h,-0.10742708880632308,0.25555317505462355,0.67422541642043,8398
34.1_-100.3,34.099999999999966,-100.30000000000035,wspd_error_0h,-0.09871231800297528,0.31092791480167176,0.7508899716391064,8398
34.1_-101.1,34.099999999999966,-101.1000000000003,temp_error_1h,0.616385072351248,0.3014510931865289,0.04091308510918146,8398
34.1_-101.1,34.099999999999966,-101.1000000000003,wspd_error_1h,1.0536925455890849,0.3560571584562555,0.0030916841400405737,8398
34.1_-101.1,34.099999999999966,-101.1000000000003,temp_error_0h,-0.37503634011168396,0.2614295214446133,0.15144993665484452,8398
34.1_-101.1,34.099999999999966,-101.1000000000003,wspd_error_0h,0.14896378043352884,0.3036889595041654,0.6237828860943355,8398
34.1_-101.2,34.099999999999966,-101.2000000000003,temp_error_1h,0.6744909444203977,0.29253128860419125,0.02115147176078369,8398
34.1_-101.2,34.099999999999966,-101.2000000000003,wspd_error_1h,0.9439426217326872,0.3535862209702724,0.007608284174879687,8398
34.1_-101.2,34.099999999999966,-101.2000000000003,temp_error_0h,-0.41456111980644145,0.2595252256727351,0.11021822645061752,8398
34.1_-101.2,34.099999999999966,-101.2000000000003,wspd_error_0h,0.20970674641410603,0.30918167099696325,0.49762320537589066,8398
34.1_-101.3,34.099999999999966,-101.3000000000003,temp_error_1h,0.7866028583832448,0.29625399906758515,0.007942027553831554,8398
34.1_-101.3,34.099999999999966,-101.3000000000003,wspd_error_1h,1.075162234088439,0.3574035410214526,0.0026353224716948453,8398
34.1_-101.3,34.099999999999966,-101.3000000000003,temp_error_0h,-0.4792496797478478,0.2595975861365689,0.06490935500957162,8398
34.1_-101.3,34.099999999999966,-101.3000000000003,wspd_error_0h,0.21340010726908576,0.31435607238243635,0.49725274308161826,8398
34.1_-102.2,34.099999999999966,-102.20000000000024,temp_error_1h,0.648286024603031,0.29699623969497874,0.02907762766041766,8398
34.1_-102.2,34.099999999999966,-102.20000000000024,wspd_error_1h,0.7784336314779521,0.38023161824644613,0.040663601460786625,8398
34.1_-102.2,34.099999999999966,-102.20000000000024,temp_error_0h,-0.5570286278146267,0.2575776851881723,0.030602889531227806,8398
34.1_-102.2,34.099999999999966,-102.20000000000024,wspd_error_0h,-0.173895877930099,0.336277983318553,0.6050864804236831,8398
34.1_-99.1,34.099999999999966,-99.10000000000042,temp_error_1h,0.30234791782393383,0.3154094872394083,0.3377938055948482,8398
34.1_-99.1,34.099999999999966,-99.10000000000042,wspd_error_1h,0.37002952495086233,0.37881934595189914,0.3286980379657578,8398
34.1_-99.1,34.099999999999966,-99.10000000000042,temp_error_0h,-0.3733535159953487,0.25183926283607544,0.13824310509917392,8398
34.1_-99.1,34.099999999999966,-99.10000000000042,wspd_error_0h,0.06247866407350431,0.3376955158817973,0.853221927345226,8398
34.1_-99.3,34.099999999999966,-99.30000000000041,temp_error_1h,0.3231579572045966,0.3046190987474503,0.2887845788471166,8398
34.1_-99.3,34.099999999999966,-99.30000000000041,wspd_error_1h,0.6438957507877792,0.37548154569426845,0.08640921258310263,8398
34.1_-99.3,34.099999999999966,-99.30000000000041,temp_error_0h,-0.26720544694195153,0.2503236557019158,0.28580409700804177,8398
34.1_-99.3,34.099999999999966,-99.30000000000041,wspd_error_0h,0.015876078128889633,0.3304669558834213,0.9616844375838487,8398
34.2_-100.0,34.19999999999997,-100.00000000000037,temp_error_1h,0.49972683566311416,0.30229666388559234,0.09834793104304773,8398
34.2_-100.0,34.19999999999997,-100.00000000000037,wspd_error_1h,0.4371253805119398,0.35544611614158367,0.21880900640410328,8398
34.2_-100.0,34.19999999999997,-100.00000000000037,temp_error_0h,-0.4277836752747353,0.2479391785774851,0.08450007182594632,8398
34.2_-100.0,34.19999999999997,-100.00000000000037,wspd_error_0h,-0.04667574728612302,0.2819460102095769,0.8685162609036556,8398
34.2_-100.3,34.19999999999997,-100.30000000000035,temp_error_1h,0.6143373200662287,0.29161911087394454,0.03517828235260123,8398
34.2_-100.3,34.19999999999997,-100.30000000000035,wspd_error_1h,0.7763329714740965,0.3454272866955667,0.02463681640915838,8398
34.2_-100.3,34.19999999999997,-100.30000000000035,temp_error_0h,-0.13003759416157717,0.2510164909747243,0.6044412661809511,8398
34.2_-100.3,34.19999999999997,-100.30000000000035,wspd_error_0h,-0.16802570727200106,0.303889550600575,0.5803350175806956,8398
34.2_-100.4,34.19999999999997,-100.40000000000035,temp_error_1h,0.5074532607256641,0.28438302916453123,0.07439485758495556,8398
34.2_-100.4,34.19999999999997,-100.40000000000035,wspd_error_1h,0.34363482941338597,0.35719364977115386,0.33605699693624147,8398
34.2_-100.4,34.19999999999997,-100.40000000000035,temp_error_0h,-0.11728543977266086,0.2514618143425002,0.6409309837605124,8398
34.2_-100.4,34.19999999999997,-100.40000000000035,wspd_error_0h,0.005202797483310741,0.3096491057895664,0.9865947868899312,8398
34.2_-101.4,34.19999999999997,-101.40000000000029,temp_error_1h,0.6761514988661528,0.28915772145995866,0.019392640162132935,8398
34.2_-101.4,34.19999999999997,-101.40000000000029,wspd_error_1h,0.8679629067863962,0.3744647844035725,0.020480094159854634,8398
34.2_-101.4,34.19999999999997,-101.40000000000029,temp_error_0h,-0.50333033006938,0.25815603514581037,0.05124366801947455,8398
34.2_-101.4,34.19999999999997,-101.40000000000029,wspd_error_0h,0.30768756410769804,0.3131015887225295,0.32577942281176697,8398
34.2_-102.2,34.19999999999997,-102.20000000000024,temp_error_1h,0.8591305591497984,0.2922394640674083,0.003293055884724172,8398
34.2_-102.2,34.19999999999997,-102.20000000000024,wspd_error_1h,0.6860934459696731,0.3804147757526754,0.07133937899961174,8398
34.2_-102.2,34.19999999999997,-102.20000000000024,temp_error_0h,-0.5261775093083696,0.2544773459166178,0.038700910951057654,8398
34.2_-102.2,34.19999999999997,-102.20000000000024,wspd_error_0h,-0.12202528008745658,0.32808052775390384,0.7099492038052264,8398
34.2_-102.3,34.19999999999997,-102.30000000000024,temp_error_1h,0.8926763981770109,0.28988928482403387,0.0020811192715768367,8398
34.2_-102.3,34.19999999999997,-102.30000000000024,wspd_error_1h,0.7280537995013661,0.37539966223980165,0.05248506840743161,8398
34.2_-102.3,34.19999999999997,-102.30000000000024,temp_error_0h,-0.48700687660302905,0.2549321963279733,0.05612379355952357,8398
34.2_-102.3,34.19999999999997,-102.30000000000024,wspd_error_0h,-0.1491112921169338,0.32907566699203683,0.6504729492268195,8398
34.2_-99.5,34.19999999999997,-99.5000000000004,temp_error_1h,0.390091416195518,0.31219113180895447,0.21150718577471328,8398
34.2_-99.5,34.19999999999997,-99.5000000000004,wspd_error_1h,0.3827522914324112,0.3808899576448668,0.3149791940287492,8398
34.2_-99.5,34.19999999999997,-99.5000000000004,temp_error_0h,-0.3471716032608082,0.243819816483669,0.15451683814641592,8398
34.2_-99.5,34.19999999999997,-99.5000000000004,wspd_error_0h,0.10630731979638178,0.3064985022236212,0.7287168777987225,8398
34.2_-99.6,34.19999999999997,-99.60000000000039,temp_error_1h,0.46308177926932803,0.3091901707523905,0.13424254427444482,8398
34.2_-99.6,34.19999999999997,-99.60000000000039,wspd_error_1h,0.3795883644229128,0.38771268504593115,0.32758583608350955,8398
34.2_-99.6,34.19999999999997,-99.60000000000039,temp_error_0h,-0.449306281296329,0.24601362168825874,0.06783364696464744,8398
34.2_-99.6,34.19999999999997,-99.60000000000039,wspd_error_0h,0.09337015749266087,0.3045948384315554,0.759202027171604,8398
34.3_-100.0,34.29999999999997,-100.00000000000037,temp_error_1h,0.7855086867304747,0.3002914796804333,0.008917332802787392,8398
34.3_-100.0,34.29999999999997,-100.00000000000037,wspd_error_1h,0.661695599021641,0.35645768921369064,0.06344470913385125,8398
34.3_-100.0,34.29999999999997,-100.00000000000037,temp_error_0h,-0.3494104455628555,0.24589238337484082,0.1553571856781959,8398
34.3_-100.0,34.29999999999997,-100.00000000000037,wspd_error_0h,-0.020568403665974743,0.2823163710530653,0.9419225582437412,8398
34.3_-100.4,34.29999999999997,-100.40000000000035,temp_error_1h,0.49111799461518313,0.2785154812726401,0.07787939958090573,8398
34.3_-100.4,34.29999999999997,-100.40000000000035,wspd_error_1h,0.2672150371668306,0.33304721824430134,0.4223827185765032,8398
34.3_-100.4,34.29999999999997,-100.40000000000035,temp_error_0h,-0.1199185451676176,0.2509543254753778,0.6327694117616394,8398
34.3_-100.4,34.29999999999997,-100.40000000000035,wspd_error_0h,-0.026102042207673717,0.3086440852915808,0.9326052454130727,8398
34.3_-101.3,34.29999999999997,-101.3000000000003,temp_error_1h,0.7198414500953838,0.2955540406275895,0.014889266176771665,8398
34.3_-101.3,34.29999999999997,-101.3000000000003,wspd_error_1h,0.8817499730655812,0.35761504087562124,0.013696812628192445,8398
34.3_-101.3,34.29999999999997,-101.3000000000003,temp_error_0h,-0.4775194609321376,0.2579845767822027,0.06421038971804549,8398
34.3_-101.3,34.29999999999997,-101.3000000000003,wspd_error_0h,0.38116659225498867,0.29917992746367134,0.2026853873797061,8398
34.3_-102.3,34.29999999999997,-102.30000000000024,temp_error_1h,1.2020443519781894,0.2876167462565996,2.9535281051096263e-05,8398
34.3_-102.3,34.29999999999997,-102.30000000000024,wspd_error_1h,0.8908544751506304,0.3762994173824552,0.01793579405955481,8398
34.3_-102.3,34.29999999999997,-102.30000000000024,temp_error_0h,-0.5540668463921364,0.2539807511810779,0.029171947818843247,8398
34.3_-102.3,34.29999999999997,-102.30000000000024,wspd_error_0h,-0.24701100491371641,0.32877479486617806,0.452488709601393,8398
34.3_-99.4,34.29999999999997,-99.4000000000004,temp_error_1h,0.33631449101841604,0.318024823658546,0.2903093781059023,8398
34.3_-99.4,34.29999999999997,-99.4000000000004,wspd_error_1h,0.3995130684874608,0.3809103346758378,0.29428321855862016,8398
34.3_-99.4,34.29999999999997,-99.4000000000004,temp_error_0h,-0.3174537187727478,0.24442694789256728,0.19405965026484595,8398
34.3_-99.4,34.29999999999997,-99.4000000000004,wspd_error_0h,0.09767035402050009,0.3161141249702163,0.7573506721530072,8398
34.4_-100.0,34.39999999999997,-100.00000000000037,temp_error_1h,0.7167006017353335,0.297549162286316,0.016031851479935133,8398
34.4_-100.0,34.39999999999997,-100.00000000000037,wspd_error_1h,0.5332929115312041,0.35487430956233856,0.13293728403527028,8398
34.4_-100.0,34.39999999999997,-100.00000000000037,temp_error_0h,-0.19422754682621787,0.24650447525340624,0.4307617213007633,8398
34.4_-100.0,34.39999999999997,-100.00000000000037,wspd_error_0h,0.11153399062388002,0.2974244288468747,0.707670409473576,8398
34.4_-100.1,34.39999999999997,-100.10000000000036,temp_error_1h,0.5830762579528667,0.2992025779725057,0.05135661951313808,8398
34.4_-100.1,34.39999999999997,-100.10000000000036,wspd_error_1h,0.6799383116312041,0.3557837602530613,0.05602592199988177,8398
34.4_-100.1,34.39999999999997,-100.10000000000036,temp_error_0h,-0.18741620873183856,0.2499880987196608,0.45345619759233524,8398
34.4_-100.1,34.39999999999997,-100.10000000000036,wspd_error_0h,-0.027527062358666688,0.3056145331353501,0.9282328080076985,8398
34.4_-100.4,34.39999999999997,-100.40000000000035,temp_error_1h,0.40409038674220965,0.28847210176683497,0.16131240513469658,8398
34.4_-100.4,34.39999999999997,-100.40000000000035,wspd_error_1h,0.40599369587619716,0.35714091263655956,0.2556592948068168,8398
34.4_-100.4,34.39999999999997,-100.40000000000035,temp_error_0h,-0.10071025483694936,0.25152103013101335,0.6888685463624888,8398
34.4_-100.4,34.39999999999997,-100.40000000000035,wspd_error_0h,-0.11471330304393523,0.3128412158518462,0.7138653752119022,8398
34.4_-100.5,34.39999999999997,-100.50000000000034,temp_error_1h,0.4408335376422696,0.2939368246388963,0.13371537934414124,8398
34.4_-100.5,34.39999999999997,-100.50000000000034,wspd_error_1h,0.45298516951837453,0.35063029854468647,0.1964216924988862,8398
34.4_-100.5,34.39999999999997,-100.50000000000034,temp_error_0h,-0.0781383120220668,0.25112496201983864,0.7556919921302494,8398
34.4_-100.5,34.39999999999997,-100.50000000000034,wspd_error_0h,-0.05926689250526183,0.31248584544759056,0.8495780998074391,8398
34.4_-101.2,34.39999999999997,-101.2000000000003,temp_error_1h,0.3937113399015955,0.3024358410370285,0.19302024043831412,8398
34.4_-101.2,34.39999999999997,-101.2000000000003,wspd_error_1h,1.1161949330424679,0.3271850635445558,0.0006491039820581967,8398
34.4_-101.2,34.39999999999997,-101.2000000000003,temp_error_0h,-0.4434127972591554,0.2618650472456486,0.09043803985042742,8398
34.4_-101.2,34.39999999999997,-101.2000000000003,wspd_error_0h,0.4633475491034962,0.29041741347770056,0.1106486236611679,8398
34.4_-101.6,34.39999999999997,-101.60000000000028,temp_error_1h,0.530323747228994,0.2932703720441993,0.07059420099470404,8398
34.4_-101.6,34.39999999999997,-101.60000000000028,wspd_error_1h,1.0337916863151968,0.372987273725606,0.005589568020747837,8398
34.4_-101.6,34.39999999999997,-101.60000000000028,temp_error_0h,-0.5113607365516729,0.26182250771041193,0.050843252365915914,8398
34.4_-101.6,34.39999999999997,-101.60000000000028,wspd_error_0h,-0.05156615812679539,0.3197339313998402,0.8718780800617916,8398
34.4_-102.3,34.39999999999997,-102.30000000000024,temp_error_1h,1.14963491086802,0.27770134632980165,3.5098708973224646e-05,8398
34.4_-102.3,34.39999999999997,-102.30000000000024,wspd_error_1h,1.2019087113745675,0.3780588196740871,0.0014824249433615933,8398
34.4_-102.3,34.39999999999997,-102.30000000000024,temp_error_0h,-0.5117865096722528,0.25931227461645723,0.04845671206217217,8398
34.4_-102.3,34.39999999999997,-102.30000000000024,wspd_error_0h,-0.48263156067939295,0.3321171698789019,0.1462067126295279,8398
34.4_-102.4,34.39999999999997,-102.40000000000023,temp_error_1h,0.9375878240082935,0.2793161372442048,0.0007922304465157737,8398
34.4_-102.4,34.39999999999997,-102.40000000000023,wspd_error_1h,1.372002624173878,0.3747637634537328,0.00025280279325401445,8398
34.4_-102.4,34.39999999999997,-102.40000000000023,temp_error_0h,-0.4663825362412519,0.2576104847370188,0.07026696759663609,8398
34.4_-102.4,34.39999999999997,-102.40000000000023,wspd_error_0h,-0.4591874961963933,0.33321106156342456,0.1682191984379493,8398
34.5_-100.0,34.49999999999997,-100.00000000000037,temp_error_1h,0.6484725670934436,0.314243270960623,0.03908642108839877,8398
34.5_-100.0,34.49999999999997,-100.00000000000037,wspd_error_1h,0.6364015055664578,0.3757328549044164,0.09034805336502405,8398
34.5_-100.0,34.49999999999997,-100.00000000000037,temp_error_0h,-0.08218521430835453,0.24543584633800847,0.7377435072765905,8398
34.5_-100.0,34.49999999999997,-100.00000000000037,wspd_error_0h,0.27356708558195136,0.30748785234298176,0.37366108979276147,8398
34.5_-100.4,34.49999999999997,-100.40000000000035,temp_error_1h,0.36751354932320646,0.28505380339885217,0.19733720235540808,8398
34.5_-100.4,34.49999999999997,-100.40000000000035,wspd_error_1h,1.1457154253678339,0.34258240341248203,0.0008283861224491762,8398
34.5_-100.4,34.49999999999997,-100.40000000000035,temp_error_0h,-0.06532210094228617,0.24782165872476275,0.7921061273912096,8398
34.5_-100.4,34.49999999999997,-100.40000000000035,wspd_error_0h,-0.28408486631577184,0.3075411204292828,0.355653738534377,8398
34.5_-100.5,34.49999999999997,-100.50000000000034,temp_error_1h,0.3157272073531205,0.29235711559267796,0.2802014946081781,8398
34.5_-100.5,34.49999999999997,-100.50000000000034,wspd_error_1h,1.1404974455740515,0.3479294336899045,0.0010498880424802959,8398
34.5_-100.5,34.49999999999997,-100.50000000000034,temp_error_0h,0.001023233346608119,0.2465530694129178,0.9966887643232636,8398
34.5_-100.5,34.49999999999997,-100.50000000000034,wspd_error_0h,-0.24399574783769365,0.3039730045545923,0.42217741623698846,8398
34.5_-102.4,34.49999999999997,-102.40000000000023,temp_error_1h,0.665238993962633,0.28878062568981905,0.021268765901111264,8398
34.5_-102.4,34.49999999999997,-102.40000000000023,wspd_error_1h,1.26723510884739,0.3674083059377077,0.000565194217514664,8398
34.5_-102.4,34.49999999999997,-102.40000000000023,temp_error_0h,-0.3870120615279838,0.2567800442409809,0.1318040103214373,8398
34.5_-102.4,34.49999999999997,-102.40000000000023,wspd_error_0h,-0.5002194937854606,0.3258919018672316,0.12484021279722568,8398
34.6_-100.0,34.59999999999997,-100.00000000000037,temp_error_1h,0.49163302058050284,0.2988683816293192,0.10001119727120544,8398
34.6_-100.0,34.59999999999997,-100.00000000000037,wspd_error_1h,0.4839004595887284,0.3432333834639615,0.15862732913811173,8398
34.6_-100.0,34.59999999999997,-100.00000000000037,temp_error_0h,0.020746732472636212,0.2454534875131957,0.9326417758239303,8398
34.6_-100.0,34.59999999999997,-100.00000000000037,wspd_error_0h,0.1617848634661375,0.3166019833306259,0.6093617928036719,8398
34.6_-100.1,34.59999999999997,-100.10000000000036,temp_error_1h,0.5247229494992823,0.29604142586136856,0.07635389358053302,8398
34.6_-100.1,34.59999999999997,-100.10000000000036,wspd_error_1h,0.5298351775363418,0.3480548882846062,0.12797808541505584,8398
34.6_-100.1,34.59999999999997,-100.10000000000036,temp_error_0h,-0.02984587535963487,0.24865378150478173,0.9044623900382323,8398
34.6_-100.1,34.59999999999997,-100.10000000000036,wspd_error_0h,0.04613178303022153,0.32016907070664946,0.8854362753374128,8398
34.6_-100.4,34.59999999999997,-100.40000000000035,temp_error_1h,0.01995403469215695,0.282977145233732,0.9437857270528287,8398
34.6_-100.4,34.59999999999997,-100.40000000000035,wspd_error_1h,0.7094799955242722,0.3349185586501928,0.03417354054747257,8398
34.6_-100.4,34.59999999999997,-100.40000000000035,temp_error_0h,0.030166494976682973,0.2500316851397035,0.9039706192007957,8398
34.6_-100.4,34.59999999999997,-100.40000000000035,wspd_error_0h,-0.25659720391234736,0.3166744139823713,0.4177982423603661,8398
34.6_-102.4,34.59999999999997,-102.40000000000023,temp_error_1h,0.18815936251421433,0.29925714413224314,0.5295267892785027,8398
34.6_-102.4,34.59999999999997,-102.40000000000023,wspd_error_1h,1.0185482598007751,0.3778293460013152,0.007036271913624104,8398
34.6_-102.4,34.59999999999997,-102.40000000000023,temp_error_0h,-0.4151765017084856,0.25985479159468217,0.11014199954374737,8398
34.6_-102.4,34.59999999999997,-102.40000000000023,wspd_error_0h,-0.4078077509800797,0.32973530359855413,0.21620609283456482,8398
34.6_-102.5,34.59999999999997,-102.50000000000023,temp_error_1h,0.2917625825470384,0.30315964723252037,0.3358736837538263,8398
34.6_-102.5,34.59999999999997,-102.50000000000023,wspd_error_1h,0.8495155396320662,0.38058243059887076,0.025631717566039436,8398
34.6_-102.5,34.59999999999997,-102.50000000000023,temp_error_0h,-0.44262559027335036,0.25604235726118046,0.08389612566394478,8398
34.6_-102.5,34.59999999999997,-102.50000000000023,wspd_error_0h,-0.29452360909945746,0.32199390228740316,0.3603824088542642,8398
34.7_-100.1,34.699999999999974,-100.10000000000036,temp_error_1h,0.3397244382265582,0.2953767458733439,0.2501193684212799,8398
34.7_-100.1,34.699999999999974,-100.10000000000036,wspd_error_1h,0.41161593510599764,0.3342589857046529,0.21819741758874045,8398
34.7_-100.1,34.699999999999974,-100.10000000000036,temp_error_0h,0.03798378411137283,0.2468681666828055,0.8777217697890021,8398
34.7_-100.1,34.699999999999974,-100.10000000000036,wspd_error_0h,0.0015097534704747095,0.3191610821061855,0.9962258291512776,8398
34.7_-100.4,34.699999999999974,-100.40000000000035,temp_error_1h,-0.2231129381931579,0.286678282710477,0.43643224099399136,8398
34.7_-100.4,34.699999999999974,-100.40000000000035,wspd_error_1h,0.43755574306838585,0.335850750998396,0.19266941054721687,8398
34.7_-100.4,34.699999999999974,-100.40000000000035,temp_error_0h,0.11724894526208114,0.24860776798312947,0.637208783718143,8398
34.7_-100.4,34.699999999999974,-100.40000000000035,wspd_error_0h,-0.20336844656518996,0.3186112480279793,0.5232981780218653,8398
34.7_-102.2,34.699999999999974,-102.20000000000024,temp_error_1h,0.15938620424906838,0.2974780109455086,0.5921168840868796,8398
34.7_-102.2,34.699999999999974,-102.20000000000024,wspd_error_1h,1.3587433286696855,0.3491991244835633,0.00010059586033639434,8398
34.7_-102.2,34.699999999999974,-102.20000000000024,temp_error_0h,-0.45716172091517976,0.26144074571205206,0.08039264902828047,8398
34.7_-102.2,34.699999999999974,-102.20000000000024,wspd_error_0h,-0.5706382832941806,0.31714528580443047,0.07200791619691782,8398
34.7_-102.3,34.699999999999974,-102.30000000000024,temp_error_1h,0.08388547540689699,0.2845505198123979,0.7681540378841136,8398
34.7_-102.3,34.699999999999974,-102.30000000000024,wspd_error_1h,1.0900994703349574,0.34978416296344256,0.0018363736822444299,8398
34.7_-102.3,34.699999999999974,-102.30000000000024,temp_error_0h,-0.4261738746373493,0.2596470973388058,0.10076072919537737,8398
34.7_-102.3,34.699999999999974,-102.30000000000024,wspd_error_0h,-0.4947750575517472,0.31896925743651044,0.12089918536654487,8398
34.7_-102.5,34.699999999999974,-102.50000000000023,temp_error_1h,0.4865747758375159,0.2914174217090023,0.09501951447739732,8398
34.7_-102.5,34.699999999999974,-102.50000000000023,wspd_error_1h,1.1885338661248401,0.3811597761244289,0.0018257517017983282,8398
34.7_-102.5,34.699999999999974,-102.50000000000023,temp_error_0h,-0.5165639282257888,0.2544533674215721,0.042378729683172356,8398
34.7_-102.5,34.699999999999974,-102.50000000000023,wspd_error_0h,-0.40944429552886613,0.31502800082018323,0.1937370484801817,8398
34.7_-102.6,34.699999999999974,-102.60000000000022,temp_error_1h,0.3491852085366727,0.2850836634669504,0.2206656302259522,8398
34.7_-102.6,34.699999999999974,-102.60000000000022,wspd_error_1h,1.0493489892379202,0.3754690493748494,0.005205533967834741,8398
34.7_-102.6,34.699999999999974,-102.60000000000022,temp_error_0h,-0.4693409948458464,0.2595070838327226,0.07055120650168978,8398
34.7_-102.6,34.699999999999974,-102.60000000000022,wspd_error_0h,-0.4995950254710514,0.3177342780419326,0.11590322731000824,8398
34.7_-95.9,34.699999999999974,-95.9000000000006,temp_error_1h,-0.36070848790231386,0.3293190220760686,0.273409664220696,8398
34.7_-95.9,34.699999999999974,-95.9000000000006,wspd_error_1h,0.5051144246837057,0.4183781548758847,0.22734484284915246,8398
34.7_-95.9,34.699999999999974,-95.9000000000006,temp_error_0h,-0.6486858476056753,0.28682820928458314,0.023748760356696152,8398
34.7_-95.9,34.699999999999974,-95.9000000000006,wspd_error_0h,1.044919528782595,0.43599059838156007,0.016567282256843896,8398
34.8_-100.1,34.799999999999976,-100.10000000000036,temp_error_1h,0.08456391913291306,0.30351844295703645,0.7805493989379264,8398
34.8_-100.1,34.799999999999976,-100.10000000000036,wspd_error_1h,0.5049510643614673,0.35686157852833866,0.1571123898445841,8398
34.8_-100.1,34.799999999999976,-100.10000000000036,temp_error_0h,0.16662378985542506,0.24845497256923768,0.5024685649601994,8398
34.8_-100.1,34.799999999999976,-100.10000000000036,wspd_error_0h,-0.10819677093428301,0.3203886355524994,0.7355941617363326,8398
34.8_-100.4,34.799999999999976,-100.40000000000035,temp_error_1h,-0.4026985939390788,0.2868885881565959,0.16045254676710075,8398
34.8_-100.4,34.799999999999976,-100.40000000000035,wspd_error_1h,0.3473689404624337,0.33578894592398806,0.30093898787863127,8398
34.8_-100.4,34.799999999999976,-100.40000000000035,temp_error_0h,0.22092300317139452,0.25088392463499637,0.37857129688704916,8398
34.8_-100.4,34.799999999999976,-100.40000000000035,wspd_error_0h,-0.17994582057441266,0.3228413258765821,0.5772816519416115,8398
34.8_-102.1,34.799999999999976,-102.10000000000025,temp_error_1h,0.2773422085320983,0.2955106322625114,0.3480051176402199,8398
34.8_-102.1,34.799999999999976,-102.10000000000025,wspd_error_1h,1.2248920432035901,0.3536345385983677,0.0005354266170038979,8398
34.8_-102.1,34.799999999999976,-102.10000000000025,temp_error_0h,-0.5299453289801892,0.2642224166601302,0.04492269626380252,8398
34.8_-102.1,34.799999999999976,-102.10000000000025,wspd_error_0h,-0.46323590204028087,0.31428484251171185,0.14053635835137368,8398
34.8_-102.5,34.799999999999976,-102.50000000000023,temp_error_1h,0.2504713520449292,0.2842601283366797,0.3782704719299492,8398
34.8_-102.5,34.799999999999976,-102.50000000000023,wspd_error_1h,1.4006974299767443,0.37065423052255575,0.0001585627666536027,8398
34.8_-102.5,34.799999999999976,-102.50000000000023,temp_error_0h,-0.4882577297794187,0.2560189694775949,0.056539896023989566,8398
34.8_-102.5,34.799999999999976,-102.50000000000023,wspd_error_0h,-0.34536812314058124,0.3091803165781698,0.2640074838943731,8398
34.9_-100.1,34.89999999999998,-100.10000000000036,temp_error_1h,-0.08307155083790785,0.29832564804462375,0.7806666947990548,8398
34.9_-100.1,34.89999999999998,-100.10000000000036,wspd_error_1h,1.0578421728670486,0.35638216707987025,0.0030032063774467765,8398
34.9_-100.1,34.89999999999998,-100.10000000000036,temp_error_0h,0.2701743232118456,0.24928361611915942,0.27848343923763563,8398
34.9_-100.1,34.89999999999998,-100.10000000000036,wspd_error_0h,-0.31864344050661547,0.32165713199502355,0.3218946093604569,8398
34.9_-100.3,34.89999999999998,-100.30000000000035,temp_error_1h,-0.5410098490837978,0.29039043238284734,0.06249128290760808,8398
34.9_-100.3,34.89999999999998,-100.30000000000035,wspd_error_1h,0.42124515340247115,0.3571910300061931,0.23830142539262922,8398
34.9_-100.3,34.89999999999998,-100.30000000000035,temp_error_0h,0.30360332055677786,0.2486550756258705,0.2221273630215881,8398
34.9_-100.3,34.89999999999998,-100.30000000000035,wspd_error_0h,-0.16464784520116396,0.32057663069414727,0.6075459405854842,8398
34.9_-100.4,34.89999999999998,-100.40000000000035,temp_error_1h,-0.5759078290705123,0.2923071132545527,0.04884671405219043,8398
34.9_-100.4,34.89999999999998,-100.40000000000035,wspd_error_1h,0.41625156044850425,0.3498933832599657,0.2342167780950002,8398
34.9_-100.4,34.89999999999998,-100.40000000000035,temp_error_0h,0.3100911943622062,0.25270650311856147,0.21982694845194795,8398
34.9_-100.4,34.89999999999998,-100.40000000000035,wspd_error_0h,-0.16629519578212446,0.3244320957764182,0.608263456205731,8398
34.9_-102.5,34.89999999999998,-102.50000000000023,temp_error_1h,0.4376924613384151,0.28837780512684896,0.12910910157860744,8398
34.9_-102.5,34.89999999999998,-102.50000000000023,wspd_error_1h,1.1061735770783891,0.3403939829301421,0.0011598959646466067,8398
34.9_-102.5,34.89999999999998,-102.50000000000023,temp_error_0h,-0.5325557159637646,0.2615078821861828,0.04173358730266363,8398
34.9_-102.5,34.89999999999998,-102.50000000000023,wspd_error_0h,-0.13645116098498586,0.31221070570948933,0.6620876074387736,8398
34.9_-102.6,34.89999999999998,-102.60000000000022,temp_error_1h,0.3912161322159867,0.2881070045106966,0.17453689514595316,8398
34.9_-102.6,34.89999999999998,-102.60000000000022,wspd_error_1h,0.8811140661943144,0.3291575278256024,0.0074457116298101145,8398
34.9_-102.6,34.89999999999998,-102.60000000000022,temp_error_0h,-0.5624801306243418,0.26420451153321584,0.03328695188132569,8398
34.9_-102.6,34.89999999999998,-102.60000000000022,wspd_error_0h,-0.11794316871905206,0.30982781018635497,0.7034553749938857,8398
35.0_-100.1,34.99999999999998,-100.10000000000036,temp_error_1h,-0.40332496326844025,0.29538329201194313,0.17215495640081357,8398
35.0_-100.1,34.99999999999998,-100.10000000000036,wspd_error_1h,0.7470494073104492,0.3557623095494598,0.03577146983176149,8398
35.0_-100.1,34.99999999999998,-100.10000000000036,temp_error_0h,0.3213502811437386,0.24579642663782678,0.19111834764007152,8398
35.0_-100.1,34.99999999999998,-100.10000000000036,wspd_error_0h,-0.3432953886329451,0.31419063303526007,0.2745859995799709,8398
35.0_-100.3,34.99999999999998,-100.30000000000035,temp_error_1h,-0.6878923096374313,0.27909576574402656,0.013732087448223629,8398
35.0_-100.3,34.99999999999998,-100.30000000000035,wspd_error_1h,0.5077825748305486,0.3434749773867617,0.13934687357109277,8398
35.0_-100.3,34.99999999999998,-100.30000000000035,temp_error_0h,0.3461916688521697,0.24251632350016347,0.15347364847457157,8398
35.0_-100.3,34.99999999999998,-100.30000000000035,wspd_error_0h,-0.10429203175056712,0.311349589604194,0.7376579183862078,8398
35.0_-102.6,34.99999999999998,-102.60000000000022,temp_error_1h,0.30943446152877013,0.29637064147961284,0.29647889050484855,8398
35.0_-102.6,34.99999999999998,-102.60000000000022,wspd_error_1h,0.36200479889430437,0.36427493348478424,0.32036456855421314,8398
35.0_-102.6,34.99999999999998,-102.60000000000022,temp_error_0h,-0.5525706649058005,0.26017636644321623,0.0337135608107193,8398
35.0_-102.6,34.99999999999998,-102.60000000000022,wspd_error_0h,0.14134801800876068,0.3007757826111555,0.6384067124345214,8398
35.1_-100.1,35.09999999999998,-100.10000000000036,temp_error_1h,-0.5286748212683062,0.2906699798356132,0.06897548888861871,8398
35.1_-100.1,35.09999999999998,-100.10000000000036,wspd_error_1h,0.5852477259896679,0.3272895143367697,0.07378557622551596,8398
35.1_-100.1,35.09999999999998,-100.10000000000036,temp_error_0h,0.46445791891991467,0.24931450601608837,0.06250579635426212,8398
35.1_-100.1,35.09999999999998,-100.10000000000036,wspd_error_0h,-0.4190340082081118,0.32121536019042707,0.19208999605997445,8398
35.1_-100.3,35.09999999999998,-100.30000000000035,temp_error_1h,-0.5892559982475442,0.2872941059416609,0.040292710224716366,8398
35.1_-100.3,35.09999999999998,-100.30000000000035,wspd_error_1h,0.4699975148509951,0.3428893536045882,0.17050615021289506,8398
35.1_-100.3,35.09999999999998,-100.30000000000035,temp_error_0h,0.42299467284856695,0.24740204427499532,0.08734996609572554,8398
35.1_-100.3,35.09999999999998,-100.30000000000035,wspd_error_0h,-0.16124530986291452,0.3182417672295475,0.6123958853606464,8398
35.1_-101.3,35.09999999999998,-101.3000000000003,temp_error_1h,-0.48142672530487557,0.29732017429221363,0.10543770878130476,8398
35.1_-101.3,35.09999999999998,-101.3000000000003,wspd_error_1h,1.2659061268602285,0.35510128862114787,0.0003660059434136276,8398
35.1_-101.3,35.09999999999998,-101.3000000000003,temp_error_0h,-0.47846290094849564,0.2619486585332109,0.06780278380781057,8398
35.1_-101.3,35.09999999999998,-101.3000000000003,wspd_error_0h,-0.2661783717084449,0.30114835331782114,0.37678756239869426,8398
35.1_-102.6,35.09999999999998,-102.60000000000022,temp_error_1h,0.1747840704921415,0.2933785586518125,0.5513497454304446,8398
35.1_-102.6,35.09999999999998,-102.60000000000022,wspd_error_1h,-0.04652578926676397,0.35227806034885467,0.8949311482819762,8398
35.1_-102.6,35.09999999999998,-102.60000000000022,temp_error_0h,-0.6365879381579429,0.264155573994065,0.015978461384007936,8398
35.1_-102.6,35.09999999999998,-102.60000000000022,wspd_error_0h,0.23367912623098358,0.2960644984949839,0.42996812521550276,8398
35.1_-102.7,35.09999999999998,-102.70000000000022,temp_error_1h,-0.04158268088150487,0.28489391596258934,0.8839576919133307,8398
35.1_-102.7,35.09999999999998,-102.70000000000022,wspd_error_1h,-0.17187102672616023,0.34472415456803535,0.6180915733946408,8398
35.1_-102.7,35.09999999999998,-102.70000000000022,temp_error_0h,-0.602952942546663,0.26189830834274996,0.021346066076905368,8398
35.1_-102.7,35.09999999999998,-102.70000000000022,wspd_error_0h,0.1817748456803501,0.289815273467059,0.5305391602334728,8398
35.2_-100.1,35.19999999999998,-100.10000000000036,temp_error_1h,-0.4001665891865853,0.2992831124677912,0.18123169535763828,8398
35.2_-100.1,35.19999999999998,-100.10000000000036,wspd_error_1h,0.7108833766849149,0.35599061946469346,0.045866682975656436,8398
35.2_-100.1,35.19999999999998,-100.10000000000036,temp_error_0h,0.5523708871406704,0.2492070131024518,0.02668313309599224,8398
35.2_-100.1,35.19999999999998,-100.10000000000036,wspd_error_0h,-0.4054465902276423,0.3195275772343933,0.20451425655603317,8398
35.2_-100.2,35.19999999999998,-100.20000000000036,temp_error_1h,-0.5156609864335209,0.2946390420164925,0.08013003271820751,8398
35.2_-100.2,35.19999999999998,-100.20000000000036,wspd_error_1h,0.30354686178231943,0.3523848659939674,0.3890385277943724,8398
35.2_-100.2,35.19999999999998,-100.20000000000036,temp_error_0h,0.5330537867733536,0.24700705185181202,0.030952274389495438,8398
35.2_-100.2,35.19999999999998,-100.20000000000036,wspd_error_0h,-0.2066448207357079,0.3162788084612894,0.5135403659210325,8398
35.2_-100.3,35.19999999999998,-100.30000000000035,temp_error_1h,-0.46481489444119295,0.2946326499341952,0.11469349338169654,8398
35.2_-100.3,35.19999999999998,-100.30000000000035,wspd_error_1h,0.5210913260910247,0.348899419046283,0.13533658164204976,8398
35.2_-100.3,35.19999999999998,-100.30000000000035,temp_error_0h,0.4697045340822074,0.24774712970331006,0.058007336397515985,8398
35.2_-100.3,35.19999999999998,-100.30000000000035,wspd_error_0h,-0.18107807670818593,0.31500396459167873,0.5654124160808403,8398
35.2_-100.9,35.19999999999998,-100.90000000000032,temp_error_1h,-0.26387420165340025,0.2989427492953411,0.3774284081600747,8398
35.2_-100.9,35.19999999999998,-100.90000000000032,wspd_error_1h,1.2917028724574342,0.3529570076466991,0.00025410573819484306,8398
35.2_-100.9,35.19999999999998,-100.90000000000032,temp_error_0h,-0.42934278651173,0.2657779164846884,0.1062576680016254,8398
35.2_-100.9,35.19999999999998,-100.90000000000032,wspd_error_0h,-0.23106484655136625,0.310507648255422,0.4568055281951402,8398
35.2_-101.3,35.19999999999998,-101.3000000000003,temp_error_1h,-0.5056685030617056,0.29401814537658333,0.08549587670012504,8398
35.2_-101.3,35.19999999999998,-101.3000000000003,wspd_error_1h,1.3591050352783542,0.35162630445478166,0.00011183995829400217,8398
35.2_-101.3,35.19999999999998,-101.3000000000003,temp_error_0h,-0.535156844060318,0.262132583407323,0.04122750597422509,8398
35.2_-101.3,35.19999999999998,-101.3000000000003,wspd_error_0h,-0.26550291659163333,0.2987832976755343,0.37423633156333946,8398
35.2_-101.4,35.19999999999998,-101.40000000000029,temp_error_1h,-0.5725353255562867,0.2895734625083858,0.04805548221496925,8398
35.2_-101.4,35.19999999999998,-101.40000000000029,wspd_error_1h,1.1189557312306397,0.36023767850768273,0.0019016926820207836,8398
35.2_-101.4,35.19999999999998,-101.40000000000029,temp_error_0h,-0.48076092785539126,0.2631266929625938,0.06771915919183757,8398
35.2_-101.4,35.19999999999998,-101.40000000000029,wspd_error_0h,-0.20610864901548695,0.29949005185559513,0.4913467987764819,8398
35.2_-102.3,35.19999999999998,-102.30000000000024,temp_error_1h,0.15231019909200622,0.28951901449371825,0.5988464994301146,8398
35.2_-102.3,35.19999999999998,-102.30000000000024,wspd_error_1h,0.25360336501997444,0.32732549521865184,0.4384949902609645,8398
35.2_-102.3,35.19999999999998,-102.30000000000024,temp_error_0h,-0.659575335676364,0.2613504350949711,0.011630419238888523,8398
35.2_-102.3,35.19999999999998,-102.30000000000024,wspd_error_0h,0.15312859234350715,0.28757308506773077,0.5944037133113873,8398
35.2_-102.7,35.19999999999998,-102.70000000000022,temp_error_1h,0.2562600982275491,0.29642988292742584,0.3873446451168163,8398
35.2_-102.7,35.19999999999998,-102.70000000000022,wspd_error_1h,0.4109230336909186,0.3427020129872327,0.2305354884845543,8398
35.2_-102.7,35.19999999999998,-102.70000000000022,temp_error_0h,-0.7357862839714097,0.2616015654116345,0.0049254039244277514,8398
35.2_-102.7,35.19999999999998,-102.70000000000022,wspd_error_0h,0.07343642028927885,0.27787717984709615,0.7915733519862465,8398
35.3_-100.2,35.29999999999998,-100.20000000000036,temp_error_1h,-0.5203066394473438,0.28198113268051417,0.0650463624524309,8398
35.3_-100.2,35.29999999999998,-100.20000000000036,wspd_error_1h,0.5414924773227237,0.33852205342779024,0.1097300067010698,8398
35.3_-100.2,35.29999999999998,-100.20000000000036,temp_error_0h,0.5430198234112406,0.24430374381603945,0.026261066956672963,8398
35.3_-100.2,35.29999999999998,-100.20000000000036,wspd_error_0h,-0.2657785868368191,0.3123519706052981,0.3948523192664739,8398
35.3_-101.2,35.29999999999998,-101.2000000000003,temp_error_1h,-0.7124626949633427,0.2898434759538218,0.013987784896452693,8398
35.3_-101.2,35.29999999999998,-101.2000000000003,wspd_error_1h,1.1312251512421336,0.3639133388014282,0.0018867033666076782,8398
35.3_-101.2,35.29999999999998,-101.2000000000003,temp_error_0h,-0.5548466058350556,0.2629602031680759,0.03488781553833453,8398
35.3_-101.2,35.29999999999998,-101.2000000000003,wspd_error_0h,-0.19301572581153756,0.2992743210545741,0.5189799957475296,8398
35.3_-102.7,35.29999999999998,-102.70000000000022,temp_error_1h,0.46359296718338333,0.29569536139762065,0.11696427525633268,8398
35.3_-102.7,35.29999999999998,-102.70000000000022,wspd_error_1h,0.5774188514702864,0.32486918641864826,0.07554065754283279,8398
35.3_-102.7,35.29999999999998,-102.70000000000022,temp_error_0h,-0.8198262583852547,0.2636920121596219,0.0018833383960099592,8398
35.3_-102.7,35.29999999999998,-102.70000000000022,wspd_error_0h,0.08021748380954143,0.2749127932618586,0.770452544071909,8398
35.3_-102.8,35.29999999999998,-102.80000000000021,temp_error_1h,0.2991823679163125,0.2931558952833463,0.30749380846423,8398
35.3_-102.8,35.29999999999998,-102.80000000000021,wspd_error_1h,0.415449355076078,0.29574235790191183,0.16012749494518608,8398
35.3_-102.8,35.29999999999998,-102.80000000000021,temp_error_0h,-0.7900208948967373,0.26389952387630244,0.002764752178034957,8398
35.3_-102.8,35.29999999999998,-102.80000000000021,wspd_error_0h,0.0449871454788773,0.27059642830052766,0.867962812058148,8398
35.4_-100.2,35.399999999999984,-100.20000000000036,temp_error_1h,-0.3167003258589073,0.29229229937592943,0.27861535572205764,8398
35.4_-100.2,35.399999999999984,-100.20000000000036,wspd_error_1h,0.4382455877521074,0.34173214608048297,0.19972943988640424,8398
35.4_-100.2,35.399999999999984,-100.20000000000036,temp_error_0h,0.48459102599297366,0.24649922372715213,0.049344065938977,8398
35.4_-100.2,35.399999999999984,-100.20000000000036,wspd_error_0h,-0.2219835404977605,0.31421175046827887,0.4799109212946171,8398
35.4_-100.3,35.399999999999984,-100.30000000000035,temp_error_1h,-0.300207412459037,0.2835598012078558,0.2897627720285094,8398
35.4_-100.3,35.399999999999984,-100.30000000000035,wspd_error_1h,0.4411281003092062,0.3361099703414613,0.18940382234373776,8398
35.4_-100.3,35.399999999999984,-100.30000000000035,temp_error_0h,0.3897652392209373,0.2458529518497524,0.11292258575001224,8398
35.4_-100.3,35.399999999999984,-100.30000000000035,wspd_error_0h,-0.15980716871146816,0.3145974021052312,0.6114852797503167,8398
35.4_-100.4,35.399999999999984,-100.40000000000035,temp_error_1h,-0.22541484677927312,0.27534604051284167,0.4130036514646176,8398
35.4_-100.4,35.399999999999984,-100.40000000000035,wspd_error_1h,0.719584017670409,0.3180357828163132,0.0236866477031894,8398
35.4_-100.4,35.399999999999984,-100.40000000000035,temp_error_0h,0.2199570052300413,0.2473359729279882,0.37386502927486287,8398
35.4_-100.4,35.399999999999984,-100.40000000000035,wspd_error_0h,-0.18632183562844631,0.3161830016355285,0.5556861732491734,8398
35.4_-100.5,35.399999999999984,-100.50000000000034,temp_error_1h,-0.11094292037998968,0.27459734134255165,0.6862080770041086,8398
35.4_-100.5,35.399999999999984,-100.50000000000034,wspd_error_1h,0.9166112984646807,0.3109374826761756,0.0032083001406515432,8398
35.4_-100.5,35.399999999999984,-100.50000000000034,temp_error_0h,0.01645958357506088,0.24781140063428178,0.9470451961962505,8398
35.4_-100.5,35.399999999999984,-100.50000000000034,wspd_error_0h,-0.13911612536420156,0.31240522611003146,0.6561096967381013,8398
35.4_-100.6,35.399999999999984,-100.60000000000034,temp_error_1h,-0.012864570556120844,0.27219763750657994,0.9623056433862485,8398
35.4_-100.6,35.399999999999984,-100.60000000000034,wspd_error_1h,1.27182227032181,0.3104219156774749,4.223535298208958e-05,8398
35.4_-100.6,35.399999999999984,-100.60000000000034,temp_error_0h,-0.18696197480087925,0.2543371990832014,0.4623023376245414,8398
35.4_-100.6,35.399999999999984,-100.60000000000034,wspd_error_0h,-0.3086073285274765,0.314878937154598,0.32707378285708666,8398
35.4_-100.7,35.399999999999984,-100.70000000000033,temp_error_1h,-0.04708976476076326,0.28026567843482125,0.8665729432544675,8398
35.4_-100.7,35.399999999999984,-100.70000000000033,wspd_error_1h,1.5434750118087355,0.3300867638171824,2.971596835266155e-06,8398
35.4_-100.7,35.399999999999984,-100.70000000000033,temp_error_0h,-0.3428057674582793,0.2567460218752607,0.1818492072941944,8398
35.4_-100.7,35.399999999999984,-100.70000000000033,wspd_error_0h,-0.33205146173027666,0.3116578012793728,0.286709427443987,8398
35.4_-100.8,35.399999999999984,-100.80000000000032,temp_error_1h,-0.05647267814187841,0.2824242687871763,0.8415191636256281,8398
35.4_-100.8,35.399999999999984,-100.80000000000032,wspd_error_1h,1.5151226699593985,0.32551670381353415,3.297466180773867e-06,8398
35.4_-100.8,35.399999999999984,-100.80000000000032,temp_error_0h,-0.45575902963758186,0.2597197778434252,0.07932834934515842,8398
35.4_-100.8,35.399999999999984,-100.80000000000032,wspd_error_0h,-0.3013913134889847,0.3095732444522954,0.3302981255585671,8398
35.4_-100.9,35.399999999999984,-100.90000000000032,temp_error_1h,-0.032991147036534295,0.2978208650135826,0.9117973224332214,8398
35.4_-100.9,35.399999999999984,-100.90000000000032,wspd_error_1h,1.7581477029933128,0.34500063945861376,3.543703561703637e-07,8398
35.4_-100.9,35.399999999999984,-100.90000000000032,temp_error_0h,-0.5365136512311419,0.2636520627172802,0.04188935598268362,8398
35.4_-100.9,35.399999999999984,-100.90000000000032,wspd_error_0h,-0.3446382913076203,0.3094210888336978,0.2653899857454656,8398
35.4_-101.0,35.399999999999984,-101.00000000000031,temp_error_1h,-0.4955831177774827,0.29447802715185484,0.09242783455005865,8398
35.4_-101.0,35.399999999999984,-101.00000000000031,wspd_error_1h,1.3258808984587493,0.36757918094096126,0.0003114910480566113,8398
35.4_-101.0,35.399999999999984,-101.00000000000031,temp_error_0h,-0.5343509303298709,0.26025071017546353,0.040082692565821754,8398
35.4_-101.0,35.399999999999984,-101.00000000000031,wspd_error_0h,-0.23165656719297356,0.30583228924797856,0.44879403275970664,8398
35.4_-101.1,35.399999999999984,-101.1000000000003,temp_error_1h,-0.5948918276958255,0.2892551510127247,0.0397524747485567,8398
35.4_-101.1,35.399999999999984,-101.1000000000003,wspd_error_1h,0.945529694681059,0.3642169015255835,0.009446406306603317,8398
35.4_-101.1,35.399999999999984,-101.1000000000003,temp_error_0h,-0.5813402594334084,0.2643672330172923,0.02790610944163463,8398
35.4_-101.1,35.399999999999984,-101.1000000000003,wspd_error_0h,-0.21134148688959478,0.3078038454897513,0.49234698680071864,8398
35.4_-101.2,35.399999999999984,-101.2000000000003,temp_error_1h,-0.5491389625056382,0.29159440314282487,0.05970407685667212,8398
35.4_-101.2,35.399999999999984,-101.2000000000003,wspd_error_1h,0.7996221745126357,0.3598265035902237,0.026293513282446668,8398
35.4_-101.2,35.399999999999984,-101.2000000000003,temp_error_0h,-0.6248869023895455,0.2656155832638731,0.01866579830726378,8398
35.4_-101.2,35.399999999999984,-101.2000000000003,wspd_error_0h,-0.22454760795336276,0.29990634644628844,0.45404358678840717,8398
35.4_-101.3,35.399999999999984,-101.3000000000003,temp_error_1h,-0.41871367269646326,0.29262937827922253,0.15250577825972544,8398
35.4_-101.3,35.399999999999984,-101.3000000000003,wspd_error_1h,0.723649928263997,0.3607759432025415,0.044908127822471444,8398
35.4_-101.3,35.399999999999984,-101.3000000000003,temp_error_0h,-0.66967954875303,0.2682847512291585,0.012573994154235102,8398
35.4_-101.3,35.399999999999984,-101.3000000000003,wspd_error_0h,-0.19866974967829212,0.2977556402849683,0.5046474012255815,8398
35.4_-101.4,35.399999999999984,-101.40000000000029,temp_error_1h,-0.40764363321619007,0.29830394556045997,0.17180697690454583,8398
35.4_-101.4,35.399999999999984,-101.40000000000029,wspd_error_1h,0.7191576957444099,0.35840747005813944,0.04483119113884193,8398
35.4_-101.4,35.399999999999984,-101.40000000000029,temp_error_0h,-0.6324897639035928,0.26956040087778305,0.01898026295520605,8398
35.4_-101.4,35.399999999999984,-101.40000000000029,wspd_error_0h,-0.15919191875265257,0.29710271731855215,0.5921010796870623,8398
35.7_-100.5,35.69999999999999,-100.50000000000034,temp_error_1h,0.03173872098354061,0.2877274374335589,0.9121675337146855,8398
35.7_-100.5,35.69999999999999,-100.50000000000034,wspd_error_1h,0.5203780572641201,0.3492077260812596,0.13621790334379003,8398
35.7_-100.5,35.69999999999999,-100.50000000000034,temp_error_0h,-0.4034697499739661,0.24634412423706076,0.10149485370790323,8398
35.7_-100.5,35.69999999999999,-100.50000000000034,wspd_error_0h,-0.2085805317121095,0.3018368467121508,0.4895612719202598,8398
